ISO-10303-21;
HEADER;
FILE_DESCRIPTION(('ViewDefinition[DesignTransferView]'),'2;1');
FILE_NAME('/dev/null','2026-10-04T20:05:34+03:00',(''),(''),'IfcOpenShell 0.8.5','IfcOpenShell 0.8.5','Nobody');
FILE_SCHEMA(('IFC4'));
ENDSEC;
DATA;
#1=IFCPROJECT('3SgynUUWn6VRk7W3CvhhSh',$,'Sample Office',$,$,$,$,(#10),#5);
#2=IFCSIUNIT(*,.LENGTHUNIT.,.MILLI.,.METRE.);
#3=IFCSIUNIT(*,.AREAUNIT.,$,.SQUARE_METRE.);
#4=IFCSIUNIT(*,.VOLUMEUNIT.,$,.CUBIC_METRE.);
#5=IFCUNITASSIGNMENT((#3,#4,#2));
#6=IFCCARTESIANPOINT((0.,0.,0.));
#7=IFCDIRECTION((0.,0.,1.));
#8=IFCDIRECTION((1.,0.,0.));
#9=IFCAXIS2PLACEMENT3D(#6,#7,#8);
#10=IFCGEOMETRICREPRESENTATIONCONTEXT($,'Model',3,1.0000000000000001E-05,#9,$);
#11=IFCGEOMETRICREPRESENTATIONSUBCONTEXT('Body','Model',*,*,*,*,#10,$,.MODEL_VIEW.,$);
#12=IFCSITE('2r4K30BfzA98dlw1wdpMvF',$,'Site',$,$,$,$,$,$,$,$,$,$,$);
#13=IFCBUILDING('2F9D_EleX7DwiVLke87J0Q',$,'Block A',$,$,$,$,$,$,$,$,$);
#14=IFCRELAGGREGATES('3Oit0SM$HBeRpr1xV$oGH8',$,$,$,#1,(#12));
#15=IFCRELAGGREGATES('2M7715hbv7GgpWgTIbcaaU',$,$,$,#12,(#13));
#16=IFCISHAPEPROFILEDEF(.AREA.,'HEB 300',$,300.,300.,11.,19.,27.,$,$);
#17=IFCISHAPEPROFILEDEF(.AREA.,'IPE 400',$,180.,400.,8.5999999999999996,13.5,21.,$,$);
#18=IFCMATERIALPROFILESET('HEB 300',$,(#20),$);
#19=IFCMATERIAL('Structural steel S355',$,'steel');
#20=IFCMATERIALPROFILE($,$,#19,#16,$,$);
#21=IFCMATERIALPROFILESET('IPE 400',$,(#22),$);
#22=IFCMATERIALPROFILE($,$,#19,#17,$,$);
#23=IFCBUILDINGSTOREY('0TmbeEBaz7dgfjJR9atu$J',$,'Level 0',$,$,#34,$,$,$,0.);
#29=IFCRELAGGREGATES('11qa$mJpf1xBuXux_ow9wL',$,$,$,#13,(#23,#5157,#2755));
#30=IFCCARTESIANPOINT((0.,0.,0.));
#31=IFCDIRECTION((0.,0.,1.));
#32=IFCDIRECTION((1.,0.,0.));
#33=IFCAXIS2PLACEMENT3D(#30,#31,#32);
#34=IFCLOCALPLACEMENT($,#33);
#35=IFCCARTESIANPOINTLIST2D(((0.,0.),(24000.,0.),(24000.,14000.),(0.,14000.),(0.,0.)));
#36=IFCINDEXEDPOLYCURVE(#35,$,$);
#37=IFCDIRECTION((0.,0.,1.));
#38=IFCARBITRARYCLOSEDPROFILEDEF(.AREA.,$,#36);
#39=IFCEXTRUDEDAREASOLID(#38,$,#37,349.99999999999994);
#40=IFCSHAPEREPRESENTATION(#11,'Body','SweptSolid',(#39));
#41=IFCSLAB('11aeQieq14WuCq7lGCQtT2',$,'Floor slab L0',$,$,#53,#42,$,.BASESLAB.);
#42=IFCPRODUCTDEFINITIONSHAPE($,$,(#40));
#48=IFCRELCONTAINEDINSPATIALSTRUCTURE('3q8K4ZQLH0AfE6yxxMtCcm',$,$,$,(#77,#2025,#2509,#940,#1413,#2485,#2662,#1501,#2454,#2532,#1589,#1635,#2281,#2369,#2578,#2555,#2105,#2193,#2644,#2601,#2415,#2624,#1715,#2722,#1979,#1803,#1147,#1058,#1891,#1325,#41,#1237),#23);
#49=IFCCARTESIANPOINT((0.,0.,-349.99999999999994));
#50=IFCDIRECTION((0.,0.,1.));
#51=IFCDIRECTION((1.,0.,0.));
#52=IFCAXIS2PLACEMENT3D(#49,#50,#51);
#53=IFCLOCALPLACEMENT(#34,#52);
#54=IFCMATERIALLAYERSET((#56,#58),'Floor L0',$);
#55=IFCMATERIAL('Reinforced concrete C30/37',$,'concrete');
#56=IFCMATERIALLAYER(#55,300.,$,$,$,$,$);
#57=IFCMATERIAL('Cement screed',$,$);
#58=IFCMATERIALLAYER(#57,50.,$,$,$,$,$);
#59=IFCMATERIALLAYERSETUSAGE(#54,.AXIS3.,.POSITIVE.,0.,$);
#60=IFCRELASSOCIATESMATERIAL('3iaevfvyH4ugrOFTTpuWGY',$,$,$,(#41),#59);
#61=IFCELEMENTQUANTITY('1bFqn9Rpn5V8iuebskHlRJ',$,'Qto_SlabBaseQuantities',$,'BaseQuantities',(#63,#64,#65));
#62=IFCRELDEFINESBYPROPERTIES('32$tgJeeT7oPH7sORspiEa',$,$,$,(#41),#61);
#63=IFCQUANTITYVOLUME('NetVolume',$,$,117.59999999999999,$);
#64=IFCQUANTITYAREA('GrossArea',$,$,336.,$);
#65=IFCQUANTITYLENGTH('Depth',$,$,350.,$);
#66=IFCPROPERTYSET('1zY3mOsFj14hLPr5DqKrON',$,'Pset_SlabCommon',$,(#68,#69,#70));
#67=IFCRELDEFINESBYPROPERTIES('1G8E1_0yL9tRHvR_UnTAnB',$,$,$,(#41),#66);
#68=IFCPROPERTYSINGLEVALUE('IsExternal',$,IFCBOOLEAN(.T.),$);
#69=IFCPROPERTYSINGLEVALUE('LoadBearing',$,IFCBOOLEAN(.T.),$);
#70=IFCPROPERTYSINGLEVALUE('FireRating',$,IFCLABEL('REI 90'),$);
#71=IFCSPACE('04zKC0opD3cQWSssX6H0bC',$,'Open office L0',$,$,$,$,$,$,$,$);
#72=IFCRELAGGREGATES('2eR5UVQJ16NAT0A7Q762zm',$,$,$,#23,(#71));
#73=IFCELEMENTQUANTITY('0VVfkQmiP2K8i5kS0Ma2vb',$,'Qto_SpaceBaseQuantities',$,'BaseQuantities',(#75,#76));
#74=IFCRELDEFINESBYPROPERTIES('2rWqwlvM95AvTi1tmDOkcd',$,$,$,(#71),#73);
#75=IFCQUANTITYAREA('GrossFloorArea',$,$,336.,$);
#76=IFCQUANTITYAREA('NetFloorArea',$,$,301.5249,$);
#77=IFCCURTAINWALL('2e1Mx3oKL0JQxklmIqkgCv',$,'Entrance curtain wall L0',$,$,#87,$,$,$);
#83=IFCCARTESIANPOINT((0.,0.,0.));
#84=IFCDIRECTION((0.,0.,1.));
#85=IFCDIRECTION((1.,0.,0.));
#86=IFCAXIS2PLACEMENT3D(#83,#84,#85);
#87=IFCLOCALPLACEMENT(#34,#86);
#88=IFCRECTANGLEPROFILEDEF(.AREA.,'Mullion 60x150',$,60.,150.);
#89=IFCCARTESIANPOINT((0.,0.,0.));
#90=IFCDIRECTION((0.,0.,1.));
#91=IFCDIRECTION((1.,0.,0.));
#92=IFCAXIS2PLACEMENT3D(#89,#90,#91);
#93=IFCDIRECTION((0.,0.,1.));
#94=IFCEXTRUDEDAREASOLID(#88,#92,#93,3300.);
#95=IFCSHAPEREPRESENTATION(#11,'Body','SweptSolid',(#94));
#96=IFCMEMBER('2tiwN$9ez5FRUXWVl1d30o',$,'Mullion M1',$,$,#820,#97,$,.MULLION.);
#97=IFCPRODUCTDEFINITIONSHAPE($,$,(#95));
#103=IFCMATERIAL('Aluminium extrusion',$,$);
#104=IFCRELASSOCIATESMATERIAL('02lhGRnHD08uTtT4_7QGuR',$,$,$,(#126,#252,#210,#112,#182,#196,#280,#224,#308,#154,#238,#266,#294,#96,#140,#168),#103);
#105=IFCCARTESIANPOINT((0.,0.,0.));
#106=IFCDIRECTION((0.,0.,1.));
#107=IFCDIRECTION((1.,0.,0.));
#108=IFCAXIS2PLACEMENT3D(#105,#106,#107);
#109=IFCDIRECTION((0.,0.,1.));
#110=IFCEXTRUDEDAREASOLID(#88,#108,#109,3300.);
#111=IFCSHAPEREPRESENTATION(#11,'Body','SweptSolid',(#110));
#112=IFCMEMBER('28ct$EH4bAPhrqfBdfhoSR',$,'Mullion M2',$,$,#770,#113,$,.MULLION.);
#113=IFCPRODUCTDEFINITIONSHAPE($,$,(#111));
#119=IFCCARTESIANPOINT((0.,0.,0.));
#120=IFCDIRECTION((0.,0.,1.));
#121=IFCDIRECTION((1.,0.,0.));
#122=IFCAXIS2PLACEMENT3D(#119,#120,#121);
#123=IFCDIRECTION((0.,0.,1.));
#124=IFCEXTRUDEDAREASOLID(#88,#122,#123,3300.);
#125=IFCSHAPEREPRESENTATION(#11,'Body','SweptSolid',(#124));
#126=IFCMEMBER('1ObvqcJ5LDRAaPcFTductq',$,'Mullion M3',$,$,#885,#127,$,.MULLION.);
#127=IFCPRODUCTDEFINITIONSHAPE($,$,(#125));
#133=IFCCARTESIANPOINT((0.,0.,0.));
#134=IFCDIRECTION((0.,0.,1.));
#135=IFCDIRECTION((1.,0.,0.));
#136=IFCAXIS2PLACEMENT3D(#133,#134,#135);
#137=IFCDIRECTION((0.,0.,1.));
#138=IFCEXTRUDEDAREASOLID(#88,#136,#137,3300.);
#139=IFCSHAPEREPRESENTATION(#11,'Body','SweptSolid',(#138));
#140=IFCMEMBER('1qsCovnyL84vgbKqOm7fsk',$,'Mullion M4',$,$,#825,#141,$,.MULLION.);
#141=IFCPRODUCTDEFINITIONSHAPE($,$,(#139));
#147=IFCCARTESIANPOINT((0.,0.,0.));
#148=IFCDIRECTION((0.,0.,1.));
#149=IFCDIRECTION((1.,0.,0.));
#150=IFCAXIS2PLACEMENT3D(#147,#148,#149);
#151=IFCDIRECTION((0.,0.,1.));
#152=IFCEXTRUDEDAREASOLID(#88,#150,#151,3300.);
#153=IFCSHAPEREPRESENTATION(#11,'Body','SweptSolid',(#152));
#154=IFCMEMBER('3jwYPVcqXBB9aOUKCMOVLW',$,'Mullion M5',$,$,#750,#155,$,.MULLION.);
#155=IFCPRODUCTDEFINITIONSHAPE($,$,(#153));
#161=IFCCARTESIANPOINT((0.,0.,0.));
#162=IFCDIRECTION((0.,0.,1.));
#163=IFCDIRECTION((1.,0.,0.));
#164=IFCAXIS2PLACEMENT3D(#161,#162,#163);
#165=IFCDIRECTION((0.,0.,1.));
#166=IFCEXTRUDEDAREASOLID(#88,#164,#165,3300.);
#167=IFCSHAPEREPRESENTATION(#11,'Body','SweptSolid',(#166));
#168=IFCMEMBER('35vjUwScT3APdw6t9d5qhe',$,'Mullion M6',$,$,#880,#169,$,.MULLION.);
#169=IFCPRODUCTDEFINITIONSHAPE($,$,(#167));
#175=IFCCARTESIANPOINT((0.,0.,0.));
#176=IFCDIRECTION((0.,0.,1.));
#177=IFCDIRECTION((1.,0.,0.));
#178=IFCAXIS2PLACEMENT3D(#175,#176,#177);
#179=IFCDIRECTION((0.,0.,1.));
#180=IFCEXTRUDEDAREASOLID(#88,#178,#179,3300.);
#181=IFCSHAPEREPRESENTATION(#11,'Body','SweptSolid',(#180));
#182=IFCMEMBER('2fuMcqRyX9OAd$IG4MFmwb',$,'Mullion M7',$,$,#805,#183,$,.MULLION.);
#183=IFCPRODUCTDEFINITIONSHAPE($,$,(#181));
#189=IFCCARTESIANPOINT((0.,0.,0.));
#190=IFCDIRECTION((0.,0.,1.));
#191=IFCDIRECTION((1.,0.,0.));
#192=IFCAXIS2PLACEMENT3D(#189,#190,#191);
#193=IFCDIRECTION((0.,0.,1.));
#194=IFCEXTRUDEDAREASOLID(#88,#192,#193,3300.);
#195=IFCSHAPEREPRESENTATION(#11,'Body','SweptSolid',(#194));
#196=IFCMEMBER('0M5cV4wsHFZgy10pOyhOj3',$,'Mullion M8',$,$,#740,#197,$,.MULLION.);
#197=IFCPRODUCTDEFINITIONSHAPE($,$,(#195));
#203=IFCCARTESIANPOINT((0.,0.,0.));
#204=IFCDIRECTION((0.,0.,1.));
#205=IFCDIRECTION((1.,0.,0.));
#206=IFCAXIS2PLACEMENT3D(#203,#204,#205);
#207=IFCDIRECTION((0.,0.,1.));
#208=IFCEXTRUDEDAREASOLID(#88,#206,#207,3300.);
#209=IFCSHAPEREPRESENTATION(#11,'Body','SweptSolid',(#208));
#210=IFCMEMBER('0SCTDbptj6NhFnqChvL_FQ',$,'Mullion M9',$,$,#860,#211,$,.MULLION.);
#211=IFCPRODUCTDEFINITIONSHAPE($,$,(#209));
#217=IFCCARTESIANPOINT((0.,0.,0.));
#218=IFCDIRECTION((0.,0.,1.));
#219=IFCDIRECTION((1.,0.,0.));
#220=IFCAXIS2PLACEMENT3D(#217,#218,#219);
#221=IFCDIRECTION((0.,0.,1.));
#222=IFCEXTRUDEDAREASOLID(#88,#220,#221,3300.);
#223=IFCSHAPEREPRESENTATION(#11,'Body','SweptSolid',(#222));
#224=IFCMEMBER('0WZvatLan0r8IDzPl6J8b8',$,'Mullion M10',$,$,#795,#225,$,.MULLION.);
#225=IFCPRODUCTDEFINITIONSHAPE($,$,(#223));
#231=IFCCARTESIANPOINT((0.,0.,0.));
#232=IFCDIRECTION((0.,0.,1.));
#233=IFCDIRECTION((1.,0.,0.));
#234=IFCAXIS2PLACEMENT3D(#231,#232,#233);
#235=IFCDIRECTION((0.,0.,1.));
#236=IFCEXTRUDEDAREASOLID(#88,#234,#235,3300.);
#237=IFCSHAPEREPRESENTATION(#11,'Body','SweptSolid',(#236));
#238=IFCMEMBER('0VNe4x3L95vA4d6OwsYns$',$,'Mullion M11',$,$,#905,#239,$,.MULLION.);
#239=IFCPRODUCTDEFINITIONSHAPE($,$,(#237));
#245=IFCCARTESIANPOINT((0.,0.,0.));
#246=IFCDIRECTION((0.,0.,1.));
#247=IFCDIRECTION((1.,0.,0.));
#248=IFCAXIS2PLACEMENT3D(#245,#246,#247);
#249=IFCDIRECTION((0.,0.,1.));
#250=IFCEXTRUDEDAREASOLID(#88,#248,#249,3300.);
#251=IFCSHAPEREPRESENTATION(#11,'Body','SweptSolid',(#250));
#252=IFCMEMBER('2hJ83QS651Sfk5AnH0Qcln',$,'Mullion M12',$,$,#835,#253,$,.MULLION.);
#253=IFCPRODUCTDEFINITIONSHAPE($,$,(#251));
#259=IFCCARTESIANPOINT((0.,0.,0.));
#260=IFCDIRECTION((0.,0.,1.));
#261=IFCDIRECTION((1.,0.,0.));
#262=IFCAXIS2PLACEMENT3D(#259,#260,#261);
#263=IFCDIRECTION((0.,0.,1.));
#264=IFCEXTRUDEDAREASOLID(#88,#262,#263,3300.);
#265=IFCSHAPEREPRESENTATION(#11,'Body','SweptSolid',(#264));
#266=IFCMEMBER('3YIoF21wH5FvrVxhwy6P0k',$,'Mullion M13',$,$,#760,#267,$,.MULLION.);
#267=IFCPRODUCTDEFINITIONSHAPE($,$,(#265));
#273=IFCCARTESIANPOINT((0.,0.,0.));
#274=IFCDIRECTION((0.,0.,1.));
#275=IFCDIRECTION((1.,0.,0.));
#276=IFCAXIS2PLACEMENT3D(#273,#274,#275);
#277=IFCDIRECTION((0.,0.,1.));
#278=IFCEXTRUDEDAREASOLID(#88,#276,#277,24000.);
#279=IFCSHAPEREPRESENTATION(#11,'Body','SweptSolid',(#278));
#280=IFCMEMBER('18gne8Flv6vfjn0sMyepML',$,'Transom T1',$,'TRANSOM',#890,#281,$,.USERDEFINED.);
#281=IFCPRODUCTDEFINITIONSHAPE($,$,(#279));
#287=IFCCARTESIANPOINT((0.,0.,0.));
#288=IFCDIRECTION((0.,0.,1.));
#289=IFCDIRECTION((1.,0.,0.));
#290=IFCAXIS2PLACEMENT3D(#287,#288,#289);
#291=IFCDIRECTION((0.,0.,1.));
#292=IFCEXTRUDEDAREASOLID(#88,#290,#291,24000.);
#293=IFCSHAPEREPRESENTATION(#11,'Body','SweptSolid',(#292));
#294=IFCMEMBER('2xIlIPgY99TBg7OcQd4EhQ',$,'Transom T2',$,'TRANSOM',#815,#295,$,.USERDEFINED.);
#295=IFCPRODUCTDEFINITIONSHAPE($,$,(#293));
#301=IFCCARTESIANPOINT((0.,0.,0.));
#302=IFCDIRECTION((0.,0.,1.));
#303=IFCDIRECTION((1.,0.,0.));
#304=IFCAXIS2PLACEMENT3D(#301,#302,#303);
#305=IFCDIRECTION((0.,0.,1.));
#306=IFCEXTRUDEDAREASOLID(#88,#304,#305,24000.);
#307=IFCSHAPEREPRESENTATION(#11,'Body','SweptSolid',(#306));
#308=IFCMEMBER('1MencISIvCtA7YoyiN9rU6',$,'Transom T3',$,'TRANSOM',#745,#309,$,.USERDEFINED.);
#309=IFCPRODUCTDEFINITIONSHAPE($,$,(#307));
#315=IFCCARTESIANPOINTLIST2D(((0.,0.),(0.,28.),(1940.,28.),(1940.,0.),(0.,0.)));
#316=IFCINDEXEDPOLYCURVE(#315,$,.F.);
#317=IFCDIRECTION((0.,0.,1.));
#318=IFCARBITRARYCLOSEDPROFILEDEF(.AREA.,$,#316);
#319=IFCCARTESIANPOINT((0.,0.,0.));
#320=IFCDIRECTION((0.,0.,1.));
#321=IFCDIRECTION((1.,0.,0.));
#322=IFCAXIS2PLACEMENT3D(#319,#320,#321);
#323=IFCEXTRUDEDAREASOLID(#318,#322,#317,1010.);
#324=IFCSHAPEREPRESENTATION(#11,'Body','SweptSolid',(#323));
#325=IFCPLATE('1gZ4$ZrKL1IR6JBiRPGDBT',$,'Glass panel 1.1',$,$,#800,#326,$,.CURTAIN_PANEL.);
#326=IFCPRODUCTDEFINITIONSHAPE($,$,(#324));
#332=IFCMATERIAL('Laminated safety glass',$,$);
#333=IFCRELASSOCIATESMATERIAL('0VRkFVVbz6tw0vByLGDg0k',$,$,$,(#667,#480,#701,#582,#395,#514,#616,#429,#650,#463,#344,#684,#497,#378,#565,#718,#531,#325,#599,#412,#633,#446,#548,#361),#332);
#334=IFCCARTESIANPOINTLIST2D(((0.,0.),(0.,28.),(1940.,28.),(1940.,0.),(0.,0.)));
#335=IFCINDEXEDPOLYCURVE(#334,$,.F.);
#336=IFCDIRECTION((0.,0.,1.));
#337=IFCARBITRARYCLOSEDPROFILEDEF(.AREA.,$,#335);
#338=IFCCARTESIANPOINT((0.,0.,0.));
#339=IFCDIRECTION((0.,0.,1.));
#340=IFCDIRECTION((1.,0.,0.));
#341=IFCAXIS2PLACEMENT3D(#338,#339,#340);
#342=IFCEXTRUDEDAREASOLID(#337,#341,#336,2110.0000000000005);
#343=IFCSHAPEREPRESENTATION(#11,'Body','SweptSolid',(#342));
#344=IFCPLATE('2cCgxVvuX5E8AOv1ETGFkc',$,'Glass panel 1.2',$,$,#875,#345,$,.CURTAIN_PANEL.);
#345=IFCPRODUCTDEFINITIONSHAPE($,$,(#343));
#351=IFCCARTESIANPOINTLIST2D(((0.,0.),(0.,28.),(1940.,28.),(1940.,0.),(0.,0.)));
#352=IFCINDEXEDPOLYCURVE(#351,$,.F.);
#353=IFCDIRECTION((0.,0.,1.));
#354=IFCARBITRARYCLOSEDPROFILEDEF(.AREA.,$,#352);
#355=IFCCARTESIANPOINT((0.,0.,0.));
#356=IFCDIRECTION((0.,0.,1.));
#357=IFCDIRECTION((1.,0.,0.));
#358=IFCAXIS2PLACEMENT3D(#355,#356,#357);
#359=IFCEXTRUDEDAREASOLID(#354,#358,#353,1010.);
#360=IFCSHAPEREPRESENTATION(#11,'Body','SweptSolid',(#359));
#361=IFCPLATE('37fIwY6gn9ggtAKcFazzKg',$,'Glass panel 2.1',$,$,#925,#362,$,.CURTAIN_PANEL.);
#362=IFCPRODUCTDEFINITIONSHAPE($,$,(#360));
#368=IFCCARTESIANPOINTLIST2D(((0.,0.),(0.,28.),(1940.,28.),(1940.,0.),(0.,0.)));
#369=IFCINDEXEDPOLYCURVE(#368,$,.F.);
#370=IFCDIRECTION((0.,0.,1.));
#371=IFCARBITRARYCLOSEDPROFILEDEF(.AREA.,$,#369);
#372=IFCCARTESIANPOINT((0.,0.,0.));
#373=IFCDIRECTION((0.,0.,1.));
#374=IFCDIRECTION((1.,0.,0.));
#375=IFCAXIS2PLACEMENT3D(#372,#373,#374);
#376=IFCEXTRUDEDAREASOLID(#371,#375,#370,2110.0000000000005);
#377=IFCSHAPEREPRESENTATION(#11,'Body','SweptSolid',(#376));
#378=IFCPLATE('0xO0jHOsHCKOqKx_sHfi9L',$,'Glass panel 2.2',$,$,#785,#379,$,.CURTAIN_PANEL.);
#379=IFCPRODUCTDEFINITIONSHAPE($,$,(#377));
#385=IFCCARTESIANPOINTLIST2D(((0.,0.),(0.,28.),(1940.,28.),(1940.,0.),(0.,0.)));
#386=IFCINDEXEDPOLYCURVE(#385,$,.F.);
#387=IFCDIRECTION((0.,0.,1.));
#388=IFCARBITRARYCLOSEDPROFILEDEF(.AREA.,$,#386);
#389=IFCCARTESIANPOINT((0.,0.,0.));
#390=IFCDIRECTION((0.,0.,1.));
#391=IFCDIRECTION((1.,0.,0.));
#392=IFCAXIS2PLACEMENT3D(#389,#390,#391);
#393=IFCEXTRUDEDAREASOLID(#388,#392,#387,1010.);
#394=IFCSHAPEREPRESENTATION(#11,'Body','SweptSolid',(#393));
#395=IFCPLATE('1ShS_ZwZXDPx4aRtqzqmHo',$,'Glass panel 3.1',$,$,#850,#396,$,.CURTAIN_PANEL.);
#396=IFCPRODUCTDEFINITIONSHAPE($,$,(#394));
#402=IFCCARTESIANPOINTLIST2D(((0.,0.),(0.,28.),(1940.,28.),(1940.,0.),(0.,0.)));
#403=IFCINDEXEDPOLYCURVE(#402,$,.F.);
#404=IFCDIRECTION((0.,0.,1.));
#405=IFCARBITRARYCLOSEDPROFILEDEF(.AREA.,$,#403);
#406=IFCCARTESIANPOINT((0.,0.,0.));
#407=IFCDIRECTION((0.,0.,1.));
#408=IFCDIRECTION((1.,0.,0.));
#409=IFCAXIS2PLACEMENT3D(#406,#407,#408);
#410=IFCEXTRUDEDAREASOLID(#405,#409,#404,2110.0000000000005);
#411=IFCSHAPEREPRESENTATION(#11,'Body','SweptSolid',(#410));
#412=IFCPLATE('0jdiHFd1P8aQRcM023JPio',$,'Glass panel 3.2',$,$,#910,#413,$,.CURTAIN_PANEL.);
#413=IFCPRODUCTDEFINITIONSHAPE($,$,(#411));
#419=IFCCARTESIANPOINTLIST2D(((0.,0.),(0.,28.),(1940.,28.),(1940.,0.),(0.,0.)));
#420=IFCINDEXEDPOLYCURVE(#419,$,.F.);
#421=IFCDIRECTION((0.,0.,1.));
#422=IFCARBITRARYCLOSEDPROFILEDEF(.AREA.,$,#420);
#423=IFCCARTESIANPOINT((0.,0.,0.));
#424=IFCDIRECTION((0.,0.,1.));
#425=IFCDIRECTION((1.,0.,0.));
#426=IFCAXIS2PLACEMENT3D(#423,#424,#425);
#427=IFCEXTRUDEDAREASOLID(#422,#426,#421,1010.);
#428=IFCSHAPEREPRESENTATION(#11,'Body','SweptSolid',(#427));
#429=IFCPLATE('3XhvsRVqT3P9NAEc_UXkI7',$,'Glass panel 4.1',$,$,#765,#430,$,.CURTAIN_PANEL.);
#430=IFCPRODUCTDEFINITIONSHAPE($,$,(#428));
#436=IFCCARTESIANPOINTLIST2D(((0.,0.),(0.,28.),(1940.,28.),(1940.,0.),(0.,0.)));
#437=IFCINDEXEDPOLYCURVE(#436,$,.F.);
#438=IFCDIRECTION((0.,0.,1.));
#439=IFCARBITRARYCLOSEDPROFILEDEF(.AREA.,$,#437);
#440=IFCCARTESIANPOINT((0.,0.,0.));
#441=IFCDIRECTION((0.,0.,1.));
#442=IFCDIRECTION((1.,0.,0.));
#443=IFCAXIS2PLACEMENT3D(#440,#441,#442);
#444=IFCEXTRUDEDAREASOLID(#439,#443,#438,2110.0000000000005);
#445=IFCSHAPEREPRESENTATION(#11,'Body','SweptSolid',(#444));
#446=IFCPLATE('0zaG$_hfHDMeGsvo7qb5D3',$,'Glass panel 4.2',$,$,#830,#447,$,.CURTAIN_PANEL.);
#447=IFCPRODUCTDEFINITIONSHAPE($,$,(#445));
#453=IFCCARTESIANPOINTLIST2D(((0.,0.),(0.,28.),(1940.,28.),(1940.,0.),(0.,0.)));
#454=IFCINDEXEDPOLYCURVE(#453,$,.F.);
#455=IFCDIRECTION((0.,0.,1.));
#456=IFCARBITRARYCLOSEDPROFILEDEF(.AREA.,$,#454);
#457=IFCCARTESIANPOINT((0.,0.,0.));
#458=IFCDIRECTION((0.,0.,1.));
#459=IFCDIRECTION((1.,0.,0.));
#460=IFCAXIS2PLACEMENT3D(#457,#458,#459);
#461=IFCEXTRUDEDAREASOLID(#456,#460,#455,1010.);
#462=IFCSHAPEREPRESENTATION(#11,'Body','SweptSolid',(#461));
#463=IFCPLATE('3dJSvTTPX9ieK$G3nasn8P',$,'Glass panel 5.1',$,$,#870,#464,$,.CURTAIN_PANEL.);
#464=IFCPRODUCTDEFINITIONSHAPE($,$,(#462));
#470=IFCCARTESIANPOINTLIST2D(((0.,0.),(0.,28.),(1940.,28.),(1940.,0.),(0.,0.)));
#471=IFCINDEXEDPOLYCURVE(#470,$,.F.);
#472=IFCDIRECTION((0.,0.,1.));
#473=IFCARBITRARYCLOSEDPROFILEDEF(.AREA.,$,#471);
#474=IFCCARTESIANPOINT((0.,0.,0.));
#475=IFCDIRECTION((0.,0.,1.));
#476=IFCDIRECTION((1.,0.,0.));
#477=IFCAXIS2PLACEMENT3D(#474,#475,#476);
#478=IFCEXTRUDEDAREASOLID(#473,#477,#472,2110.0000000000005);
#479=IFCSHAPEREPRESENTATION(#11,'Body','SweptSolid',(#478));
#480=IFCPLATE('1XSbH1LIXDawpWXUWfT9Tx',$,'Glass panel 5.2',$,$,#735,#481,$,.CURTAIN_PANEL.);
#481=IFCPRODUCTDEFINITIONSHAPE($,$,(#479));
#487=IFCCARTESIANPOINTLIST2D(((0.,0.),(0.,28.),(1940.,28.),(1940.,0.),(0.,0.)));
#488=IFCINDEXEDPOLYCURVE(#487,$,.F.);
#489=IFCDIRECTION((0.,0.,1.));
#490=IFCARBITRARYCLOSEDPROFILEDEF(.AREA.,$,#488);
#491=IFCCARTESIANPOINT((0.,0.,0.));
#492=IFCDIRECTION((0.,0.,1.));
#493=IFCDIRECTION((1.,0.,0.));
#494=IFCAXIS2PLACEMENT3D(#491,#492,#493);
#495=IFCEXTRUDEDAREASOLID(#490,#494,#489,1010.);
#496=IFCSHAPEREPRESENTATION(#11,'Body','SweptSolid',(#495));
#497=IFCPLATE('0A4Pp9EnjAAhwM90WIiN51',$,'Glass panel 6.1',$,$,#780,#498,$,.CURTAIN_PANEL.);
#498=IFCPRODUCTDEFINITIONSHAPE($,$,(#496));
#504=IFCCARTESIANPOINTLIST2D(((0.,0.),(0.,28.),(1940.,28.),(1940.,0.),(0.,0.)));
#505=IFCINDEXEDPOLYCURVE(#504,$,.F.);
#506=IFCDIRECTION((0.,0.,1.));
#507=IFCARBITRARYCLOSEDPROFILEDEF(.AREA.,$,#505);
#508=IFCCARTESIANPOINT((0.,0.,0.));
#509=IFCDIRECTION((0.,0.,1.));
#510=IFCDIRECTION((1.,0.,0.));
#511=IFCAXIS2PLACEMENT3D(#508,#509,#510);
#512=IFCEXTRUDEDAREASOLID(#507,#511,#506,2110.0000000000005);
#513=IFCSHAPEREPRESENTATION(#11,'Body','SweptSolid',(#512));
#514=IFCPLATE('3bOqvccNT32uJjE9mZXUoT',$,'Glass panel 6.2',$,$,#845,#515,$,.CURTAIN_PANEL.);
#515=IFCPRODUCTDEFINITIONSHAPE($,$,(#513));
#521=IFCCARTESIANPOINTLIST2D(((0.,0.),(0.,28.),(1940.,28.),(1940.,0.),(0.,0.)));
#522=IFCINDEXEDPOLYCURVE(#521,$,.F.);
#523=IFCDIRECTION((0.,0.,1.));
#524=IFCARBITRARYCLOSEDPROFILEDEF(.AREA.,$,#522);
#525=IFCCARTESIANPOINT((0.,0.,0.));
#526=IFCDIRECTION((0.,0.,1.));
#527=IFCDIRECTION((1.,0.,0.));
#528=IFCAXIS2PLACEMENT3D(#525,#526,#527);
#529=IFCEXTRUDEDAREASOLID(#524,#528,#523,1010.);
#530=IFCSHAPEREPRESENTATION(#11,'Body','SweptSolid',(#529));
#531=IFCPLATE('0yTjYKgM93e8czxrmVm1c8',$,'Glass panel 7.1',$,$,#900,#532,$,.CURTAIN_PANEL.);
#532=IFCPRODUCTDEFINITIONSHAPE($,$,(#530));
#538=IFCCARTESIANPOINTLIST2D(((0.,0.),(0.,28.),(1940.,28.),(1940.,0.),(0.,0.)));
#539=IFCINDEXEDPOLYCURVE(#538,$,.F.);
#540=IFCDIRECTION((0.,0.,1.));
#541=IFCARBITRARYCLOSEDPROFILEDEF(.AREA.,$,#539);
#542=IFCCARTESIANPOINT((0.,0.,0.));
#543=IFCDIRECTION((0.,0.,1.));
#544=IFCDIRECTION((1.,0.,0.));
#545=IFCAXIS2PLACEMENT3D(#542,#543,#544);
#546=IFCEXTRUDEDAREASOLID(#541,#545,#540,2110.0000000000005);
#547=IFCSHAPEREPRESENTATION(#11,'Body','SweptSolid',(#546));
#548=IFCPLATE('2uU4UkHdDE6QFQ9sEZCEgG',$,'Glass panel 7.2',$,$,#920,#549,$,.CURTAIN_PANEL.);
#549=IFCPRODUCTDEFINITIONSHAPE($,$,(#547));
#555=IFCCARTESIANPOINTLIST2D(((0.,0.),(0.,28.),(1940.,28.),(1940.,0.),(0.,0.)));
#556=IFCINDEXEDPOLYCURVE(#555,$,.F.);
#557=IFCDIRECTION((0.,0.,1.));
#558=IFCARBITRARYCLOSEDPROFILEDEF(.AREA.,$,#556);
#559=IFCCARTESIANPOINT((0.,0.,0.));
#560=IFCDIRECTION((0.,0.,1.));
#561=IFCDIRECTION((1.,0.,0.));
#562=IFCAXIS2PLACEMENT3D(#559,#560,#561);
#563=IFCEXTRUDEDAREASOLID(#558,#562,#557,1010.);
#564=IFCSHAPEREPRESENTATION(#11,'Body','SweptSolid',(#563));
#565=IFCPLATE('0MiJTx7gXBdv1ISgShYVhY',$,'Glass panel 8.1',$,$,#790,#566,$,.CURTAIN_PANEL.);
#566=IFCPRODUCTDEFINITIONSHAPE($,$,(#564));
#572=IFCCARTESIANPOINTLIST2D(((0.,0.),(0.,28.),(1940.,28.),(1940.,0.),(0.,0.)));
#573=IFCINDEXEDPOLYCURVE(#572,$,.F.);
#574=IFCDIRECTION((0.,0.,1.));
#575=IFCARBITRARYCLOSEDPROFILEDEF(.AREA.,$,#573);
#576=IFCCARTESIANPOINT((0.,0.,0.));
#577=IFCDIRECTION((0.,0.,1.));
#578=IFCDIRECTION((1.,0.,0.));
#579=IFCAXIS2PLACEMENT3D(#576,#577,#578);
#580=IFCEXTRUDEDAREASOLID(#575,#579,#574,2110.0000000000005);
#581=IFCSHAPEREPRESENTATION(#11,'Body','SweptSolid',(#580));
#582=IFCPLATE('0koMfYUxrEmwd$3JPZp4L2',$,'Glass panel 8.2',$,$,#855,#583,$,.CURTAIN_PANEL.);
#583=IFCPRODUCTDEFINITIONSHAPE($,$,(#581));
#589=IFCCARTESIANPOINTLIST2D(((0.,0.),(0.,28.),(1940.,28.),(1940.,0.),(0.,0.)));
#590=IFCINDEXEDPOLYCURVE(#589,$,.F.);
#591=IFCDIRECTION((0.,0.,1.));
#592=IFCARBITRARYCLOSEDPROFILEDEF(.AREA.,$,#590);
#593=IFCCARTESIANPOINT((0.,0.,0.));
#594=IFCDIRECTION((0.,0.,1.));
#595=IFCDIRECTION((1.,0.,0.));
#596=IFCAXIS2PLACEMENT3D(#593,#594,#595);
#597=IFCEXTRUDEDAREASOLID(#592,#596,#591,1010.);
#598=IFCSHAPEREPRESENTATION(#11,'Body','SweptSolid',(#597));
#599=IFCPLATE('003$20$Pb3mORjWK3KeODN',$,'Glass panel 9.1',$,$,#915,#600,$,.CURTAIN_PANEL.);
#600=IFCPRODUCTDEFINITIONSHAPE($,$,(#598));
#606=IFCCARTESIANPOINTLIST2D(((0.,0.),(0.,28.),(1940.,28.),(1940.,0.),(0.,0.)));
#607=IFCINDEXEDPOLYCURVE(#606,$,.F.);
#608=IFCDIRECTION((0.,0.,1.));
#609=IFCARBITRARYCLOSEDPROFILEDEF(.AREA.,$,#607);
#610=IFCCARTESIANPOINT((0.,0.,0.));
#611=IFCDIRECTION((0.,0.,1.));
#612=IFCDIRECTION((1.,0.,0.));
#613=IFCAXIS2PLACEMENT3D(#610,#611,#612);
#614=IFCEXTRUDEDAREASOLID(#609,#613,#608,2110.0000000000005);
#615=IFCSHAPEREPRESENTATION(#11,'Body','SweptSolid',(#614));
#616=IFCPLATE('2VSFMUH49FEf_7uG$WVMj9',$,'Glass panel 9.2',$,$,#755,#617,$,.CURTAIN_PANEL.);
#617=IFCPRODUCTDEFINITIONSHAPE($,$,(#615));
#623=IFCCARTESIANPOINTLIST2D(((0.,0.),(0.,28.),(1940.,28.),(1940.,0.),(0.,0.)));
#624=IFCINDEXEDPOLYCURVE(#623,$,.F.);
#625=IFCDIRECTION((0.,0.,1.));
#626=IFCARBITRARYCLOSEDPROFILEDEF(.AREA.,$,#624);
#627=IFCCARTESIANPOINT((0.,0.,0.));
#628=IFCDIRECTION((0.,0.,1.));
#629=IFCDIRECTION((1.,0.,0.));
#630=IFCAXIS2PLACEMENT3D(#627,#628,#629);
#631=IFCEXTRUDEDAREASOLID(#626,#630,#625,1010.);
#632=IFCSHAPEREPRESENTATION(#11,'Body','SweptSolid',(#631));
#633=IFCPLATE('3$hWcSc891hujt78orJ_NZ',$,'Glass panel 10.1',$,$,#810,#634,$,.CURTAIN_PANEL.);
#634=IFCPRODUCTDEFINITIONSHAPE($,$,(#632));
#640=IFCCARTESIANPOINTLIST2D(((0.,0.),(0.,28.),(1940.,28.),(1940.,0.),(0.,0.)));
#641=IFCINDEXEDPOLYCURVE(#640,$,.F.);
#642=IFCDIRECTION((0.,0.,1.));
#643=IFCARBITRARYCLOSEDPROFILEDEF(.AREA.,$,#641);
#644=IFCCARTESIANPOINT((0.,0.,0.));
#645=IFCDIRECTION((0.,0.,1.));
#646=IFCDIRECTION((1.,0.,0.));
#647=IFCAXIS2PLACEMENT3D(#644,#645,#646);
#648=IFCEXTRUDEDAREASOLID(#643,#647,#642,2110.0000000000005);
#649=IFCSHAPEREPRESENTATION(#11,'Body','SweptSolid',(#648));
#650=IFCPLATE('3yjn4f0Xj3xxrOwsz2MMzM',$,'Glass panel 10.2',$,$,#865,#651,$,.CURTAIN_PANEL.);
#651=IFCPRODUCTDEFINITIONSHAPE($,$,(#649));
#657=IFCCARTESIANPOINTLIST2D(((0.,0.),(0.,28.),(1940.,28.),(1940.,0.),(0.,0.)));
#658=IFCINDEXEDPOLYCURVE(#657,$,.F.);
#659=IFCDIRECTION((0.,0.,1.));
#660=IFCARBITRARYCLOSEDPROFILEDEF(.AREA.,$,#658);
#661=IFCCARTESIANPOINT((0.,0.,0.));
#662=IFCDIRECTION((0.,0.,1.));
#663=IFCDIRECTION((1.,0.,0.));
#664=IFCAXIS2PLACEMENT3D(#661,#662,#663);
#665=IFCEXTRUDEDAREASOLID(#660,#664,#659,1010.);
#666=IFCSHAPEREPRESENTATION(#11,'Body','SweptSolid',(#665));
#667=IFCPLATE('2wVZIuNhb28xQb_R9H5Z5p',$,'Glass panel 11.1',$,$,#730,#668,$,.CURTAIN_PANEL.);
#668=IFCPRODUCTDEFINITIONSHAPE($,$,(#666));
#674=IFCCARTESIANPOINTLIST2D(((0.,0.),(0.,28.),(1940.,28.),(1940.,0.),(0.,0.)));
#675=IFCINDEXEDPOLYCURVE(#674,$,.F.);
#676=IFCDIRECTION((0.,0.,1.));
#677=IFCARBITRARYCLOSEDPROFILEDEF(.AREA.,$,#675);
#678=IFCCARTESIANPOINT((0.,0.,0.));
#679=IFCDIRECTION((0.,0.,1.));
#680=IFCDIRECTION((1.,0.,0.));
#681=IFCAXIS2PLACEMENT3D(#678,#679,#680);
#682=IFCEXTRUDEDAREASOLID(#677,#681,#676,2110.0000000000005);
#683=IFCSHAPEREPRESENTATION(#11,'Body','SweptSolid',(#682));
#684=IFCPLATE('2jo2vTn05DxAi6xRitmzaY',$,'Glass panel 11.2',$,$,#775,#685,$,.CURTAIN_PANEL.);
#685=IFCPRODUCTDEFINITIONSHAPE($,$,(#683));
#691=IFCCARTESIANPOINTLIST2D(((0.,0.),(0.,28.),(1940.,28.),(1940.,0.),(0.,0.)));
#692=IFCINDEXEDPOLYCURVE(#691,$,.F.);
#693=IFCDIRECTION((0.,0.,1.));
#694=IFCARBITRARYCLOSEDPROFILEDEF(.AREA.,$,#692);
#695=IFCCARTESIANPOINT((0.,0.,0.));
#696=IFCDIRECTION((0.,0.,1.));
#697=IFCDIRECTION((1.,0.,0.));
#698=IFCAXIS2PLACEMENT3D(#695,#696,#697);
#699=IFCEXTRUDEDAREASOLID(#694,#698,#693,1010.);
#700=IFCSHAPEREPRESENTATION(#11,'Body','SweptSolid',(#699));
#701=IFCPLATE('3bSI_iKNrE7Aok7n2afidT',$,'Glass panel 12.1',$,$,#840,#702,$,.CURTAIN_PANEL.);
#702=IFCPRODUCTDEFINITIONSHAPE($,$,(#700));
#708=IFCCARTESIANPOINTLIST2D(((0.,0.),(0.,28.),(1940.,28.),(1940.,0.),(0.,0.)));
#709=IFCINDEXEDPOLYCURVE(#708,$,.F.);
#710=IFCDIRECTION((0.,0.,1.));
#711=IFCARBITRARYCLOSEDPROFILEDEF(.AREA.,$,#709);
#712=IFCCARTESIANPOINT((0.,0.,0.));
#713=IFCDIRECTION((0.,0.,1.));
#714=IFCDIRECTION((1.,0.,0.));
#715=IFCAXIS2PLACEMENT3D(#712,#713,#714);
#716=IFCEXTRUDEDAREASOLID(#711,#715,#710,2110.0000000000005);
#717=IFCSHAPEREPRESENTATION(#11,'Body','SweptSolid',(#716));
#718=IFCPLATE('2wNvN0x$X12OXS4w7pS8Pr',$,'Glass panel 12.2',$,$,#895,#719,$,.CURTAIN_PANEL.);
#719=IFCPRODUCTDEFINITIONSHAPE($,$,(#717));
#725=IFCRELAGGREGATES('0D27jFFR15NfjY9ZO3psWB',$,$,$,#77,(#667,#480,#196,#308,#154,#616,#266,#429,#112,#684,#497,#378,#565,#224,#325,#182,#633,#294,#96,#140,#446,#252,#701,#514,#395,#582,#210,#650,#463,#344,#168,#126,#280,#718,#531,#238,#412,#599,#548,#361));
#726=IFCCARTESIANPOINT((20030.,61.,60.));
#727=IFCDIRECTION((0.,0.,1.));
#728=IFCDIRECTION((1.,0.,0.));
#729=IFCAXIS2PLACEMENT3D(#726,#727,#728);
#730=IFCLOCALPLACEMENT(#87,#729);
#731=IFCCARTESIANPOINT((8029.9999999999991,61.,1129.9999999999998));
#732=IFCDIRECTION((0.,0.,1.));
#733=IFCDIRECTION((1.,0.,0.));
#734=IFCAXIS2PLACEMENT3D(#731,#732,#733);
#735=IFCLOCALPLACEMENT(#87,#734);
#736=IFCCARTESIANPOINT((14000.,75.,0.));
#737=IFCDIRECTION((0.,0.,1.));
#738=IFCDIRECTION((1.,0.,0.));
#739=IFCAXIS2PLACEMENT3D(#736,#737,#738);
#740=IFCLOCALPLACEMENT(#87,#739);
#741=IFCCARTESIANPOINT((0.,75.,3270.0000000000005));
#742=IFCDIRECTION((1.,0.,0.));
#743=IFCDIRECTION((0.,0.,-1.));
#744=IFCAXIS2PLACEMENT3D(#741,#742,#743);
#745=IFCLOCALPLACEMENT(#87,#744);
#746=IFCCARTESIANPOINT((8000.,75.,0.));
#747=IFCDIRECTION((0.,0.,1.));
#748=IFCDIRECTION((1.,0.,0.));
#749=IFCAXIS2PLACEMENT3D(#746,#747,#748);
#750=IFCLOCALPLACEMENT(#87,#749);
#751=IFCCARTESIANPOINT((16030.,61.,1129.9999999999998));
#752=IFCDIRECTION((0.,0.,1.));
#753=IFCDIRECTION((1.,0.,0.));
#754=IFCAXIS2PLACEMENT3D(#751,#752,#753);
#755=IFCLOCALPLACEMENT(#87,#754);
#756=IFCCARTESIANPOINT((23970.,75.,0.));
#757=IFCDIRECTION((0.,0.,1.));
#758=IFCDIRECTION((1.,0.,0.));
#759=IFCAXIS2PLACEMENT3D(#756,#757,#758);
#760=IFCLOCALPLACEMENT(#87,#759);
#761=IFCCARTESIANPOINT((6030.,61.,60.));
#762=IFCDIRECTION((0.,0.,1.));
#763=IFCDIRECTION((1.,0.,0.));
#764=IFCAXIS2PLACEMENT3D(#761,#762,#763);
#765=IFCLOCALPLACEMENT(#87,#764);
#766=IFCCARTESIANPOINT((2000.,75.,0.));
#767=IFCDIRECTION((0.,0.,1.));
#768=IFCDIRECTION((1.,0.,0.));
#769=IFCAXIS2PLACEMENT3D(#766,#767,#768);
#770=IFCLOCALPLACEMENT(#87,#769);
#771=IFCCARTESIANPOINT((20030.,61.,1129.9999999999998));
#772=IFCDIRECTION((0.,0.,1.));
#773=IFCDIRECTION((1.,0.,0.));
#774=IFCAXIS2PLACEMENT3D(#771,#772,#773);
#775=IFCLOCALPLACEMENT(#87,#774);
#776=IFCCARTESIANPOINT((10030.,61.,60.));
#777=IFCDIRECTION((0.,0.,1.));
#778=IFCDIRECTION((1.,0.,0.));
#779=IFCAXIS2PLACEMENT3D(#776,#777,#778);
#780=IFCLOCALPLACEMENT(#87,#779);
#781=IFCCARTESIANPOINT((2029.9999999999998,61.,1129.9999999999998));
#782=IFCDIRECTION((0.,0.,1.));
#783=IFCDIRECTION((1.,0.,0.));
#784=IFCAXIS2PLACEMENT3D(#781,#782,#783);
#785=IFCLOCALPLACEMENT(#87,#784);
#786=IFCCARTESIANPOINT((14029.999999999998,61.,60.));
#787=IFCDIRECTION((0.,0.,1.));
#788=IFCDIRECTION((1.,0.,0.));
#789=IFCAXIS2PLACEMENT3D(#786,#787,#788);
#790=IFCLOCALPLACEMENT(#87,#789);
#791=IFCCARTESIANPOINT((18000.,75.,0.));
#792=IFCDIRECTION((0.,0.,1.));
#793=IFCDIRECTION((1.,0.,0.));
#794=IFCAXIS2PLACEMENT3D(#791,#792,#793);
#795=IFCLOCALPLACEMENT(#87,#794);
#796=IFCCARTESIANPOINT((30.,61.,60.));
#797=IFCDIRECTION((0.,0.,1.));
#798=IFCDIRECTION((1.,0.,0.));
#799=IFCAXIS2PLACEMENT3D(#796,#797,#798);
#800=IFCLOCALPLACEMENT(#87,#799);
#801=IFCCARTESIANPOINT((12000.,75.,0.));
#802=IFCDIRECTION((0.,0.,1.));
#803=IFCDIRECTION((1.,0.,0.));
#804=IFCAXIS2PLACEMENT3D(#801,#802,#803);
#805=IFCLOCALPLACEMENT(#87,#804);
#806=IFCCARTESIANPOINT((18030.,61.,60.));
#807=IFCDIRECTION((0.,0.,1.));
#808=IFCDIRECTION((1.,0.,0.));
#809=IFCAXIS2PLACEMENT3D(#806,#807,#808);
#810=IFCLOCALPLACEMENT(#87,#809);
#811=IFCCARTESIANPOINT((0.,75.,1100.));
#812=IFCDIRECTION((1.,0.,0.));
#813=IFCDIRECTION((0.,0.,-1.));
#814=IFCAXIS2PLACEMENT3D(#811,#812,#813);
#815=IFCLOCALPLACEMENT(#87,#814);
#816=IFCCARTESIANPOINT((30.,75.,0.));
#817=IFCDIRECTION((0.,0.,1.));
#818=IFCDIRECTION((1.,0.,0.));
#819=IFCAXIS2PLACEMENT3D(#816,#817,#818);
#820=IFCLOCALPLACEMENT(#87,#819);
#821=IFCCARTESIANPOINT((6000.,75.,0.));
#822=IFCDIRECTION((0.,0.,1.));
#823=IFCDIRECTION((1.,0.,0.));
#824=IFCAXIS2PLACEMENT3D(#821,#822,#823);
#825=IFCLOCALPLACEMENT(#87,#824);
#826=IFCCARTESIANPOINT((6030.,61.,1129.9999999999998));
#827=IFCDIRECTION((0.,0.,1.));
#828=IFCDIRECTION((1.,0.,0.));
#829=IFCAXIS2PLACEMENT3D(#826,#827,#828);
#830=IFCLOCALPLACEMENT(#87,#829);
#831=IFCCARTESIANPOINT((22000.,75.,0.));
#832=IFCDIRECTION((0.,0.,1.));
#833=IFCDIRECTION((1.,0.,0.));
#834=IFCAXIS2PLACEMENT3D(#831,#832,#833);
#835=IFCLOCALPLACEMENT(#87,#834);
#836=IFCCARTESIANPOINT((22030.,61.,60.));
#837=IFCDIRECTION((0.,0.,1.));
#838=IFCDIRECTION((1.,0.,0.));
#839=IFCAXIS2PLACEMENT3D(#836,#837,#838);
#840=IFCLOCALPLACEMENT(#87,#839);
#841=IFCCARTESIANPOINT((10030.,61.,1129.9999999999998));
#842=IFCDIRECTION((0.,0.,1.));
#843=IFCDIRECTION((1.,0.,0.));
#844=IFCAXIS2PLACEMENT3D(#841,#842,#843);
#845=IFCLOCALPLACEMENT(#87,#844);
#846=IFCCARTESIANPOINT((4030.,61.,60.));
#847=IFCDIRECTION((0.,0.,1.));
#848=IFCDIRECTION((1.,0.,0.));
#849=IFCAXIS2PLACEMENT3D(#846,#847,#848);
#850=IFCLOCALPLACEMENT(#87,#849);
#851=IFCCARTESIANPOINT((14029.999999999998,61.,1129.9999999999998));
#852=IFCDIRECTION((0.,0.,1.));
#853=IFCDIRECTION((1.,0.,0.));
#854=IFCAXIS2PLACEMENT3D(#851,#852,#853);
#855=IFCLOCALPLACEMENT(#87,#854);
#856=IFCCARTESIANPOINT((16000.,75.,0.));
#857=IFCDIRECTION((0.,0.,1.));
#858=IFCDIRECTION((1.,0.,0.));
#859=IFCAXIS2PLACEMENT3D(#856,#857,#858);
#860=IFCLOCALPLACEMENT(#87,#859);
#861=IFCCARTESIANPOINT((18030.,61.,1129.9999999999998));
#862=IFCDIRECTION((0.,0.,1.));
#863=IFCDIRECTION((1.,0.,0.));
#864=IFCAXIS2PLACEMENT3D(#861,#862,#863);
#865=IFCLOCALPLACEMENT(#87,#864);
#866=IFCCARTESIANPOINT((8029.9999999999991,61.,60.));
#867=IFCDIRECTION((0.,0.,1.));
#868=IFCDIRECTION((1.,0.,0.));
#869=IFCAXIS2PLACEMENT3D(#866,#867,#868);
#870=IFCLOCALPLACEMENT(#87,#869);
#871=IFCCARTESIANPOINT((30.,61.,1129.9999999999998));
#872=IFCDIRECTION((0.,0.,1.));
#873=IFCDIRECTION((1.,0.,0.));
#874=IFCAXIS2PLACEMENT3D(#871,#872,#873);
#875=IFCLOCALPLACEMENT(#87,#874);
#876=IFCCARTESIANPOINT((10000.,75.,0.));
#877=IFCDIRECTION((0.,0.,1.));
#878=IFCDIRECTION((1.,0.,0.));
#879=IFCAXIS2PLACEMENT3D(#876,#877,#878);
#880=IFCLOCALPLACEMENT(#87,#879);
#881=IFCCARTESIANPOINT((4000.,75.,0.));
#882=IFCDIRECTION((0.,0.,1.));
#883=IFCDIRECTION((1.,0.,0.));
#884=IFCAXIS2PLACEMENT3D(#881,#882,#883);
#885=IFCLOCALPLACEMENT(#87,#884);
#886=IFCCARTESIANPOINT((0.,75.,30.));
#887=IFCDIRECTION((1.,0.,0.));
#888=IFCDIRECTION((0.,0.,-1.));
#889=IFCAXIS2PLACEMENT3D(#886,#887,#888);
#890=IFCLOCALPLACEMENT(#87,#889);
#891=IFCCARTESIANPOINT((22030.,61.,1129.9999999999998));
#892=IFCDIRECTION((0.,0.,1.));
#893=IFCDIRECTION((1.,0.,0.));
#894=IFCAXIS2PLACEMENT3D(#891,#892,#893);
#895=IFCLOCALPLACEMENT(#87,#894);
#896=IFCCARTESIANPOINT((12030.,61.,60.));
#897=IFCDIRECTION((0.,0.,1.));
#898=IFCDIRECTION((1.,0.,0.));
#899=IFCAXIS2PLACEMENT3D(#896,#897,#898);
#900=IFCLOCALPLACEMENT(#87,#899);
#901=IFCCARTESIANPOINT((20000.,75.,0.));
#902=IFCDIRECTION((0.,0.,1.));
#903=IFCDIRECTION((1.,0.,0.));
#904=IFCAXIS2PLACEMENT3D(#901,#902,#903);
#905=IFCLOCALPLACEMENT(#87,#904);
#906=IFCCARTESIANPOINT((4030.,61.,1129.9999999999998));
#907=IFCDIRECTION((0.,0.,1.));
#908=IFCDIRECTION((1.,0.,0.));
#909=IFCAXIS2PLACEMENT3D(#906,#907,#908);
#910=IFCLOCALPLACEMENT(#87,#909);
#911=IFCCARTESIANPOINT((16030.,61.,60.));
#912=IFCDIRECTION((0.,0.,1.));
#913=IFCDIRECTION((1.,0.,0.));
#914=IFCAXIS2PLACEMENT3D(#911,#912,#913);
#915=IFCLOCALPLACEMENT(#87,#914);
#916=IFCCARTESIANPOINT((12030.,61.,1129.9999999999998));
#917=IFCDIRECTION((0.,0.,1.));
#918=IFCDIRECTION((1.,0.,0.));
#919=IFCAXIS2PLACEMENT3D(#916,#917,#918);
#920=IFCLOCALPLACEMENT(#87,#919);
#921=IFCCARTESIANPOINT((2029.9999999999998,61.,60.));
#922=IFCDIRECTION((0.,0.,1.));
#923=IFCDIRECTION((1.,0.,0.));
#924=IFCAXIS2PLACEMENT3D(#921,#922,#923);
#925=IFCLOCALPLACEMENT(#87,#924);
#926=IFCPROPERTYSET('3Fm9bnxOf35uTDU00oLPOQ',$,'Pset_CurtainWallCommon',$,(#928,#929));
#927=IFCRELDEFINESBYPROPERTIES('26OJwBlnb8HRCIM5wyqwkv',$,$,$,(#77),#926);
#928=IFCPROPERTYSINGLEVALUE('IsExternal',$,IFCBOOLEAN(.T.),$);
#929=IFCPROPERTYSINGLEVALUE('ThermalTransmittance',$,IFCTHERMALTRANSMITTANCEMEASURE(1.1000000000000001),$);
#930=IFCCARTESIANPOINTLIST2D(((0.,0.),(0.,465.),(24000.,465.),(24000.,0.),(0.,0.)));
#931=IFCINDEXEDPOLYCURVE(#930,$,.F.);
#932=IFCDIRECTION((0.,0.,1.));
#933=IFCARBITRARYCLOSEDPROFILEDEF(.AREA.,$,#931);
#934=IFCCARTESIANPOINT((0.,0.,0.));
#935=IFCDIRECTION((0.,0.,1.));
#936=IFCDIRECTION((1.,0.,0.));
#937=IFCAXIS2PLACEMENT3D(#934,#935,#936);
#938=IFCEXTRUDEDAREASOLID(#933,#937,#932,3300.);
#939=IFCSHAPEREPRESENTATION(#11,'Body','SweptSolid',(#938));
#940=IFCWALL('0IFFv6HLf3gArDpB4q0vGy',$,'North wall L0',$,$,#951,#941,$,$);
#941=IFCPRODUCTDEFINITIONSHAPE($,$,(#939));
#947=IFCCARTESIANPOINT((24000.,14000.,0.));
#948=IFCDIRECTION((0.,0.,1.));
#949=IFCDIRECTION((-1.,1.2246467991473532E-16,0.));
#950=IFCAXIS2PLACEMENT3D(#947,#948,#949);
#951=IFCLOCALPLACEMENT(#34,#950);
#952=IFCMATERIALLAYERSET((#954,#956,#957,#959),'External wall',$);
#953=IFCMATERIAL('Clay brick facing',$,'masonry');
#954=IFCMATERIALLAYER(#953,100.,$,$,$,$,$);
#955=IFCMATERIAL('Mineral wool',$,$);
#956=IFCMATERIALLAYER(#955,150.,$,$,$,$,$);
#957=IFCMATERIALLAYER(#55,200.,$,$,$,$,$);
#958=IFCMATERIAL('Gypsum plaster',$,$);
#959=IFCMATERIALLAYER(#958,15.,$,$,$,$,$);
#960=IFCMATERIALLAYERSETUSAGE(#952,.AXIS2.,.POSITIVE.,0.,$);
#961=IFCRELASSOCIATESMATERIAL('0xsLjVD2n7HOBFJLPqaAZ7',$,$,$,(#940),#960);
#962=IFCCARTESIANPOINTLIST2D(((0.,0.),(0.,565.),(1200.,565.),(1200.,0.),(0.,0.)));
#963=IFCINDEXEDPOLYCURVE(#962,$,.F.);
#964=IFCDIRECTION((0.,0.,1.));
#965=IFCARBITRARYCLOSEDPROFILEDEF(.AREA.,$,#963);
#966=IFCCARTESIANPOINT((0.,0.,0.));
#967=IFCDIRECTION((0.,0.,1.));
#968=IFCDIRECTION((1.,0.,0.));
#969=IFCAXIS2PLACEMENT3D(#966,#967,#968);
#970=IFCEXTRUDEDAREASOLID(#965,#969,#964,2200.);
#971=IFCSHAPEREPRESENTATION(#11,'Body','SweptSolid',(#970));
#972=IFCOPENINGELEMENT('3VfpKXE4n0oxMnoJ67gcWP',$,'Opening for Entrance door L0',$,$,#984,#973,$,$);
#973=IFCPRODUCTDEFINITIONSHAPE($,$,(#971));
#979=IFCRELVOIDSELEMENT('0TJjYPQnX3j8ceRu9U2$3G',$,$,$,#940,#972);
#980=IFCCARTESIANPOINT((11400.000000000002,-50.000000000000711,0.));
#981=IFCDIRECTION((0.,0.,1.));
#982=IFCDIRECTION((1.,0.,0.));
#983=IFCAXIS2PLACEMENT3D(#980,#981,#982);
#984=IFCLOCALPLACEMENT(#951,#983);
#985=IFCCARTESIANPOINTLIST2D(((0.,0.),(0.,2200.),(1200.,2200.),(1200.,0.),(1175.,0.),(1175.,2175.),(25.,2175.),(25.,0.)));
#986=IFCINDEXEDPOLYCURVE(#985,(IFCLINEINDEX((1,2,3,4,5,6,7,8,1))),$);
#987=IFCARBITRARYCLOSEDPROFILEDEF(.AREA.,$,#986);
#988=IFCCARTESIANPOINT((0.,25.,0.));
#989=IFCDIRECTION((0.,-1.,0.));
#990=IFCDIRECTION((1.,0.,0.));
#991=IFCAXIS2PLACEMENT3D(#988,#989,#990);
#992=IFCDIRECTION((0.,0.,-1.));
#993=IFCEXTRUDEDAREASOLID(#987,#991,#992,25.);
#994=IFCCARTESIANPOINTLIST2D(((0.,0.),(0.,2200.),(1200.,2200.),(1200.,0.),(1150.,0.),(1150.,2150.),(50.,2150.),(50.,0.)));
#995=IFCINDEXEDPOLYCURVE(#994,(IFCLINEINDEX((1,2,3,4,5,6,7,8,1))),$);
#996=IFCARBITRARYCLOSEDPROFILEDEF(.AREA.,$,#995);
#997=IFCCARTESIANPOINT((0.,0.,0.));
#998=IFCDIRECTION((0.,-1.,0.));
#999=IFCDIRECTION((1.,0.,0.));
#1000=IFCAXIS2PLACEMENT3D(#997,#998,#999);
#1001=IFCDIRECTION((0.,0.,-1.));
#1002=IFCEXTRUDEDAREASOLID(#996,#1000,#1001,25.);
#1003=IFCCARTESIANPOINTLIST2D(((0.,0.),(1100.,0.),(1100.,100.),(0.,100.)));
#1004=IFCINDEXEDPOLYCURVE(#1003,(IFCLINEINDEX((1,2,3,4,1))),$);
#1005=IFCARBITRARYCLOSEDPROFILEDEF(.AREA.,$,#1004);
#1006=IFCCARTESIANPOINT((50.,0.,0.));
#1007=IFCDIRECTION((0.,0.,1.));
#1008=IFCDIRECTION((1.,0.,0.));
#1009=IFCAXIS2PLACEMENT3D(#1006,#1007,#1008);
#1010=IFCDIRECTION((0.,0.,1.));
#1011=IFCEXTRUDEDAREASOLID(#1005,#1009,#1010,25.);
#1012=IFCCARTESIANPOINTLIST2D(((0.,0.),(0.,2225.),(1250.,2225.),(1250.,0.),(1175.,0.),(1175.,2150.),(75.,2150.),(75.,0.)));
#1013=IFCINDEXEDPOLYCURVE(#1012,(IFCLINEINDEX((1,2,3,4,5,6,7,8,1))),$);
#1014=IFCARBITRARYCLOSEDPROFILEDEF(.AREA.,$,#1013);
#1015=IFCCARTESIANPOINT((-25.,-5.,0.));
#1016=IFCDIRECTION((0.,-1.,0.));
#1017=IFCDIRECTION((1.,0.,0.));
#1018=IFCAXIS2PLACEMENT3D(#1015,#1016,#1017);
#1019=IFCDIRECTION((0.,0.,-1.));
#1020=IFCEXTRUDEDAREASOLID(#1014,#1018,#1019,5.);
#1021=IFCCARTESIANPOINTLIST2D(((0.,0.),(0.,2225.),(1250.,2225.),(1250.,0.),(1200.,0.),(1200.,2175.),(50.,2175.),(50.,0.)));
#1022=IFCINDEXEDPOLYCURVE(#1021,(IFCLINEINDEX((1,2,3,4,5,6,7,8,1))),$);
#1023=IFCARBITRARYCLOSEDPROFILEDEF(.AREA.,$,#1022);
#1024=IFCCARTESIANPOINT((-25.,50.,0.));
#1025=IFCDIRECTION((0.,-1.,0.));
#1026=IFCDIRECTION((1.,0.,0.));
#1027=IFCAXIS2PLACEMENT3D(#1024,#1025,#1026);
#1028=IFCDIRECTION((0.,0.,-1.));
#1029=IFCEXTRUDEDAREASOLID(#1023,#1027,#1028,5.);
#1030=IFCCARTESIANPOINTLIST2D(((0.,0.),(1150.,0.),(1150.,35.),(0.,35.)));
#1031=IFCINDEXEDPOLYCURVE(#1030,(IFCLINEINDEX((1,2,3,4,1))),$);
#1032=IFCARBITRARYCLOSEDPROFILEDEF(.AREA.,$,#1031);
#1033=IFCCARTESIANPOINT((25.,25.,25.));
#1034=IFCDIRECTION((0.,0.,1.));
#1035=IFCDIRECTION((1.,0.,0.));
#1036=IFCAXIS2PLACEMENT3D(#1033,#1034,#1035);
#1037=IFCDIRECTION((0.,0.,1.));
#1038=IFCEXTRUDEDAREASOLID(#1032,#1036,#1037,2150.);
#1039=IFCCARTESIANPOINTLIST2D(((0.,0.),(0.,-40.),(-120.,-40.),(-120.,-20.),(-20.,-20.),(-20.,0.)));
#1040=IFCINDEXEDPOLYCURVE(#1039,(IFCLINEINDEX((1,2,3,4,5,6,1))),$);
#1041=IFCARBITRARYCLOSEDPROFILEDEF(.AREA.,$,#1040);
#1042=IFCCARTESIANPOINT((1125.,25.,1015.));
#1043=IFCDIRECTION((0.,0.,1.));
#1044=IFCDIRECTION((1.,0.,0.));
#1045=IFCAXIS2PLACEMENT3D(#1042,#1043,#1044);
#1046=IFCDIRECTION((0.,0.,1.));
#1047=IFCEXTRUDEDAREASOLID(#1041,#1045,#1046,20.);
#1048=IFCEXTRUDEDAREASOLID(#1049,#1052,#1056,20.);
#1049=IFCARBITRARYCLOSEDPROFILEDEF(.AREA.,$,#1050);
#1050=IFCINDEXEDPOLYCURVE(#1051,(IFCLINEINDEX((1,2,3,4,5,6,1))),$);
#1051=IFCCARTESIANPOINTLIST2D(((0.,0.),(0.,40.),(-120.,40.),(-120.,20.),(-20.,20.),(-20.,0.)));
#1052=IFCAXIS2PLACEMENT3D(#1053,#1054,#1055);
#1053=IFCCARTESIANPOINT((1125.,60.,1015.));
#1054=IFCDIRECTION((0.,0.,1.));
#1055=IFCDIRECTION((1.,0.,0.));
#1056=IFCDIRECTION((0.,0.,1.));
#1057=IFCSHAPEREPRESENTATION(#11,'Body','SweptSolid',(#993,#1002,#1038,#1047,#1048,#1011,#1020,#1029));
#1058=IFCDOOR('1ghM$HSGb68Qc4eKZC21tK',$,'Entrance door L0',$,$,#1069,#1059,$,2200.,1200.,.DOOR.,$,$);
#1059=IFCPRODUCTDEFINITIONSHAPE($,$,(#1057));
#1065=IFCCARTESIANPOINT((12600.,13837.25,0.));
#1066=IFCDIRECTION((0.,0.,1.));
#1067=IFCDIRECTION((-1.,1.2246467991473532E-16,0.));
#1068=IFCAXIS2PLACEMENT3D(#1065,#1066,#1067);
#1069=IFCLOCALPLACEMENT(#34,#1068);
#1070=IFCMATERIALCONSTITUENTSET('Oak door',$,(#1072,#1074));
#1071=IFCMATERIAL('Oak timber',$,$);
#1072=IFCMATERIALCONSTITUENT($,$,#1071,0.84999999999999998,$);
#1073=IFCMATERIAL('Steel hardware',$,$);
#1074=IFCMATERIALCONSTITUENT($,$,#1073,0.14999999999999999,$);
#1075=IFCRELASSOCIATESMATERIAL('3CcevR7dD0FO0eJAWyRWOO',$,$,$,(#1058),#1070);
#1076=IFCPROPERTYSET('1kbCWGYrbDD9050j7W5hLm',$,'Pset_DoorCommon',$,(#1078,#1079));
#1077=IFCRELDEFINESBYPROPERTIES('0cvHwtjHLD5e33_KXO68Vq',$,$,$,(#1058),#1076);
#1078=IFCPROPERTYSINGLEVALUE('IsExternal',$,IFCBOOLEAN(.T.),$);
#1079=IFCPROPERTYSINGLEVALUE('FireRating',$,IFCLABEL('EI 30'),$);
#1080=IFCRELFILLSELEMENT('222w_qYmb2Ruc3uhoHC_as',$,$,$,#972,#1058);
#1081=IFCCARTESIANPOINTLIST2D(((0.,0.),(0.,565.),(1800.,565.),(1800.,0.),(0.,0.)));
#1082=IFCINDEXEDPOLYCURVE(#1081,$,.F.);
#1083=IFCDIRECTION((0.,0.,1.));
#1084=IFCARBITRARYCLOSEDPROFILEDEF(.AREA.,$,#1082);
#1085=IFCCARTESIANPOINT((0.,0.,0.));
#1086=IFCDIRECTION((0.,0.,1.));
#1087=IFCDIRECTION((1.,0.,0.));
#1088=IFCAXIS2PLACEMENT3D(#1085,#1086,#1087);
#1089=IFCEXTRUDEDAREASOLID(#1084,#1088,#1083,1600.);
#1090=IFCSHAPEREPRESENTATION(#11,'Body','SweptSolid',(#1089));
#1091=IFCOPENINGELEMENT('0HnVxw9_96Zx2r40zSlGcD',$,'Opening for Window N1 L0',$,$,#1103,#1092,$,$);
#1092=IFCPRODUCTDEFINITIONSHAPE($,$,(#1090));
#1098=IFCRELVOIDSELEMENT('2H56JcN2j4TAyKNCsorM6$',$,$,$,#940,#1091);
#1099=IFCCARTESIANPOINT((2100.0000000000014,-50.000000000000711,900.));
#1100=IFCDIRECTION((0.,0.,1.));
#1101=IFCDIRECTION((1.,0.,0.));
#1102=IFCAXIS2PLACEMENT3D(#1099,#1100,#1101);
#1103=IFCLOCALPLACEMENT(#951,#1102);
#1104=IFCCARTESIANPOINTLIST2D(((0.,0.),(1800.,0.),(1800.,1600.),(0.,1600.)));
#1105=IFCINDEXEDPOLYCURVE(#1104,(IFCLINEINDEX((1,2,3,4,1))),$);
#1106=IFCCARTESIANPOINTLIST2D(((25.,25.),(1775.,25.),(1775.,1575.),(25.,1575.)));
#1107=IFCINDEXEDPOLYCURVE(#1106,(IFCLINEINDEX((1,2,3,4,1))),$);
#1108=IFCARBITRARYPROFILEDEFWITHVOIDS(.AREA.,$,#1105,(#1107));
#1109=IFCCARTESIANPOINT((0.,90.,0.));
#1110=IFCDIRECTION((0.,-1.,0.));
#1111=IFCDIRECTION((1.,0.,0.));
#1112=IFCAXIS2PLACEMENT3D(#1109,#1110,#1111);
#1113=IFCDIRECTION((0.,0.,-1.));
#1114=IFCEXTRUDEDAREASOLID(#1108,#1112,#1113,10.);
#1115=IFCCARTESIANPOINTLIST2D(((0.,0.),(1800.,0.),(1800.,1600.),(0.,1600.)));
#1116=IFCINDEXEDPOLYCURVE(#1115,(IFCLINEINDEX((1,2,3,4,1))),$);
#1117=IFCCARTESIANPOINTLIST2D(((50.,50.),(1750.,50.),(1750.,1550.),(50.,1550.)));
#1118=IFCINDEXEDPOLYCURVE(#1117,(IFCLINEINDEX((1,2,3,4,1))),$);
#1119=IFCARBITRARYPROFILEDEFWITHVOIDS(.AREA.,$,#1116,(#1118));
#1120=IFCCARTESIANPOINT((0.,50.,0.));
#1121=IFCDIRECTION((0.,-1.,0.));
#1122=IFCDIRECTION((1.,0.,0.));
#1123=IFCAXIS2PLACEMENT3D(#1120,#1121,#1122);
#1124=IFCDIRECTION((0.,0.,-1.));
#1125=IFCEXTRUDEDAREASOLID(#1119,#1123,#1124,40.);
#1126=IFCCARTESIANPOINTLIST2D(((0.,0.),(1750.,0.),(1750.,1550.),(0.,1550.)));
#1127=IFCINDEXEDPOLYCURVE(#1126,(IFCLINEINDEX((1,2,3,4,1))),$);
#1128=IFCCARTESIANPOINTLIST2D(((35.,35.),(1715.,35.),(1715.,1515.),(35.,1515.)));
#1129=IFCINDEXEDPOLYCURVE(#1128,(IFCLINEINDEX((1,2,3,4,1))),$);
#1130=IFCARBITRARYPROFILEDEFWITHVOIDS(.AREA.,$,#1127,(#1129));
#1131=IFCCARTESIANPOINT((25.,90.,25.));
#1132=IFCDIRECTION((0.,-1.,0.));
#1133=IFCDIRECTION((1.,0.,0.));
#1134=IFCAXIS2PLACEMENT3D(#1131,#1132,#1133);
#1135=IFCDIRECTION((0.,0.,-1.));
#1136=IFCEXTRUDEDAREASOLID(#1130,#1134,#1135,35.);
#1137=IFCINDEXEDPOLYCURVE(#1138,(IFCLINEINDEX((1,2,3,4,1))),$);
#1138=IFCCARTESIANPOINTLIST2D(((35.,35.),(1715.,35.),(1715.,1515.),(35.,1515.)));
#1139=IFCARBITRARYCLOSEDPROFILEDEF(.AREA.,$,#1137);
#1140=IFCCARTESIANPOINT((25.,102.5,25.));
#1141=IFCDIRECTION((0.,-1.,0.));
#1142=IFCDIRECTION((1.,0.,0.));
#1143=IFCAXIS2PLACEMENT3D(#1140,#1141,#1142);
#1144=IFCDIRECTION((0.,0.,-1.));
#1145=IFCEXTRUDEDAREASOLID(#1139,#1143,#1144,10.);
#1146=IFCSHAPEREPRESENTATION(#11,'Body','SweptSolid',(#1114,#1125,#1136,#1145));
#1147=IFCWINDOW('34HbWDTg1B_v8hxx4rVD8J',$,'Window N1 L0',$,$,#1158,#1148,$,1600.,1800.,.WINDOW.,$,$);
#1148=IFCPRODUCTDEFINITIONSHAPE($,$,(#1146));
#1154=IFCCARTESIANPOINT((21899.999999999996,13837.249999999998,900.));
#1155=IFCDIRECTION((0.,0.,1.));
#1156=IFCDIRECTION((-1.,1.2246467991473532E-16,0.));
#1157=IFCAXIS2PLACEMENT3D(#1154,#1155,#1156);
#1158=IFCLOCALPLACEMENT(#34,#1157);
#1159=IFCMATERIALCONSTITUENTSET('Aluminium window',$,(#1161,#1163));
#1160=IFCMATERIAL('Aluminium frame',$,$);
#1161=IFCMATERIALCONSTITUENT($,$,#1160,0.29999999999999999,$);
#1162=IFCMATERIAL('Triple glazing unit',$,$);
#1163=IFCMATERIALCONSTITUENT($,$,#1162,0.69999999999999996,$);
#1164=IFCRELASSOCIATESMATERIAL('2tVb981sTDN8tlgNKnluxT',$,$,$,(#1147),#1159);
#1165=IFCPROPERTYSET('1Qe6d94nH0PfLzDmafy42P',$,'Pset_WindowCommon',$,(#1167,#1168,#1169));
#1166=IFCRELDEFINESBYPROPERTIES('23uIHIpob16wt1PnFj$rIy',$,$,$,(#1147),#1165);
#1167=IFCPROPERTYSINGLEVALUE('IsExternal',$,IFCBOOLEAN(.T.),$);
#1168=IFCPROPERTYSINGLEVALUE('ThermalTransmittance',$,IFCTHERMALTRANSMITTANCEMEASURE(0.80000000000000004),$);
#1169=IFCPROPERTYSINGLEVALUE('GlazingAreaFraction',$,IFCPOSITIVERATIOMEASURE(0.69999999999999996),$);
#1170=IFCRELFILLSELEMENT('2ClCBPf3D40RLBirNhDMLM',$,$,$,#1091,#1147);
#1171=IFCCARTESIANPOINTLIST2D(((0.,0.),(0.,565.),(1800.,565.),(1800.,0.),(0.,0.)));
#1172=IFCINDEXEDPOLYCURVE(#1171,$,.F.);
#1173=IFCDIRECTION((0.,0.,1.));
#1174=IFCARBITRARYCLOSEDPROFILEDEF(.AREA.,$,#1172);
#1175=IFCCARTESIANPOINT((0.,0.,0.));
#1176=IFCDIRECTION((0.,0.,1.));
#1177=IFCDIRECTION((1.,0.,0.));
#1178=IFCAXIS2PLACEMENT3D(#1175,#1176,#1177);
#1179=IFCEXTRUDEDAREASOLID(#1174,#1178,#1173,1600.);
#1180=IFCSHAPEREPRESENTATION(#11,'Body','SweptSolid',(#1179));
#1181=IFCOPENINGELEMENT('3xXBJfNmL3duhod8arFOQM',$,'Opening for Window N2 L0',$,$,#1193,#1182,$,$);
#1182=IFCPRODUCTDEFINITIONSHAPE($,$,(#1180));
#1188=IFCRELVOIDSELEMENT('1ZNyPt4WLF4hOqgtABB1Wa',$,$,$,#940,#1181);
#1189=IFCCARTESIANPOINT((5099.9999999999982,-49.999999999998934,900.));
#1190=IFCDIRECTION((0.,0.,1.));
#1191=IFCDIRECTION((1.,0.,0.));
#1192=IFCAXIS2PLACEMENT3D(#1189,#1190,#1191);
#1193=IFCLOCALPLACEMENT(#951,#1192);
#1194=IFCCARTESIANPOINTLIST2D(((0.,0.),(1800.,0.),(1800.,1600.),(0.,1600.)));
#1195=IFCINDEXEDPOLYCURVE(#1194,(IFCLINEINDEX((1,2,3,4,1))),$);
#1196=IFCCARTESIANPOINTLIST2D(((25.,25.),(1775.,25.),(1775.,1575.),(25.,1575.)));
#1197=IFCINDEXEDPOLYCURVE(#1196,(IFCLINEINDEX((1,2,3,4,1))),$);
#1198=IFCARBITRARYPROFILEDEFWITHVOIDS(.AREA.,$,#1195,(#1197));
#1199=IFCCARTESIANPOINT((0.,90.,0.));
#1200=IFCDIRECTION((0.,-1.,0.));
#1201=IFCDIRECTION((1.,0.,0.));
#1202=IFCAXIS2PLACEMENT3D(#1199,#1200,#1201);
#1203=IFCDIRECTION((0.,0.,-1.));
#1204=IFCEXTRUDEDAREASOLID(#1198,#1202,#1203,10.);
#1205=IFCCARTESIANPOINTLIST2D(((0.,0.),(1800.,0.),(1800.,1600.),(0.,1600.)));
#1206=IFCINDEXEDPOLYCURVE(#1205,(IFCLINEINDEX((1,2,3,4,1))),$);
#1207=IFCCARTESIANPOINTLIST2D(((50.,50.),(1750.,50.),(1750.,1550.),(50.,1550.)));
#1208=IFCINDEXEDPOLYCURVE(#1207,(IFCLINEINDEX((1,2,3,4,1))),$);
#1209=IFCARBITRARYPROFILEDEFWITHVOIDS(.AREA.,$,#1206,(#1208));
#1210=IFCCARTESIANPOINT((0.,50.,0.));
#1211=IFCDIRECTION((0.,-1.,0.));
#1212=IFCDIRECTION((1.,0.,0.));
#1213=IFCAXIS2PLACEMENT3D(#1210,#1211,#1212);
#1214=IFCDIRECTION((0.,0.,-1.));
#1215=IFCEXTRUDEDAREASOLID(#1209,#1213,#1214,40.);
#1216=IFCCARTESIANPOINTLIST2D(((0.,0.),(1750.,0.),(1750.,1550.),(0.,1550.)));
#1217=IFCINDEXEDPOLYCURVE(#1216,(IFCLINEINDEX((1,2,3,4,1))),$);
#1218=IFCCARTESIANPOINTLIST2D(((35.,35.),(1715.,35.),(1715.,1515.),(35.,1515.)));
#1219=IFCINDEXEDPOLYCURVE(#1218,(IFCLINEINDEX((1,2,3,4,1))),$);
#1220=IFCARBITRARYPROFILEDEFWITHVOIDS(.AREA.,$,#1217,(#1219));
#1221=IFCCARTESIANPOINT((25.,90.,25.));
#1222=IFCDIRECTION((0.,-1.,0.));
#1223=IFCDIRECTION((1.,0.,0.));
#1224=IFCAXIS2PLACEMENT3D(#1221,#1222,#1223);
#1225=IFCDIRECTION((0.,0.,-1.));
#1226=IFCEXTRUDEDAREASOLID(#1220,#1224,#1225,35.);
#1227=IFCINDEXEDPOLYCURVE(#1228,(IFCLINEINDEX((1,2,3,4,1))),$);
#1228=IFCCARTESIANPOINTLIST2D(((35.,35.),(1715.,35.),(1715.,1515.),(35.,1515.)));
#1229=IFCARBITRARYCLOSEDPROFILEDEF(.AREA.,$,#1227);
#1230=IFCCARTESIANPOINT((25.,102.5,25.));
#1231=IFCDIRECTION((0.,-1.,0.));
#1232=IFCDIRECTION((1.,0.,0.));
#1233=IFCAXIS2PLACEMENT3D(#1230,#1231,#1232);
#1234=IFCDIRECTION((0.,0.,-1.));
#1235=IFCEXTRUDEDAREASOLID(#1229,#1233,#1234,10.);
#1236=IFCSHAPEREPRESENTATION(#11,'Body','SweptSolid',(#1204,#1215,#1226,#1235));
#1237=IFCWINDOW('25ke8lQJb4l85LMIZU8G2h',$,'Window N2 L0',$,$,#1248,#1238,$,1600.,1800.,.WINDOW.,$,$);
#1238=IFCPRODUCTDEFINITIONSHAPE($,$,(#1236));
#1244=IFCCARTESIANPOINT((18900.,13837.249999999998,900.));
#1245=IFCDIRECTION((0.,0.,1.));
#1246=IFCDIRECTION((-1.,1.2246467991473532E-16,0.));
#1247=IFCAXIS2PLACEMENT3D(#1244,#1245,#1246);
#1248=IFCLOCALPLACEMENT(#34,#1247);
#1249=IFCMATERIALCONSTITUENTSET('Aluminium window',$,(#1250,#1251));
#1250=IFCMATERIALCONSTITUENT($,$,#1160,0.29999999999999999,$);
#1251=IFCMATERIALCONSTITUENT($,$,#1162,0.69999999999999996,$);
#1252=IFCRELASSOCIATESMATERIAL('1_u0445hf7wfqBuW8OKnNl',$,$,$,(#1237),#1249);
#1253=IFCPROPERTYSET('05mlY988PD79G0EQCm8XuL',$,'Pset_WindowCommon',$,(#1255,#1256,#1257));
#1254=IFCRELDEFINESBYPROPERTIES('3yGD2$zYn8pQArhKMIr8LZ',$,$,$,(#1237),#1253);
#1255=IFCPROPERTYSINGLEVALUE('IsExternal',$,IFCBOOLEAN(.T.),$);
#1256=IFCPROPERTYSINGLEVALUE('ThermalTransmittance',$,IFCTHERMALTRANSMITTANCEMEASURE(0.80000000000000004),$);
#1257=IFCPROPERTYSINGLEVALUE('GlazingAreaFraction',$,IFCPOSITIVERATIOMEASURE(0.69999999999999996),$);
#1258=IFCRELFILLSELEMENT('05RMGE7757ORdzZnulD6tz',$,$,$,#1181,#1237);
#1259=IFCCARTESIANPOINTLIST2D(((0.,0.),(0.,565.),(1800.,565.),(1800.,0.),(0.,0.)));
#1260=IFCINDEXEDPOLYCURVE(#1259,$,.F.);
#1261=IFCDIRECTION((0.,0.,1.));
#1262=IFCARBITRARYCLOSEDPROFILEDEF(.AREA.,$,#1260);
#1263=IFCCARTESIANPOINT((0.,0.,0.));
#1264=IFCDIRECTION((0.,0.,1.));
#1265=IFCDIRECTION((1.,0.,0.));
#1266=IFCAXIS2PLACEMENT3D(#1263,#1264,#1265);
#1267=IFCEXTRUDEDAREASOLID(#1262,#1266,#1261,1600.);
#1268=IFCSHAPEREPRESENTATION(#11,'Body','SweptSolid',(#1267));
#1269=IFCOPENINGELEMENT('0E61ndhQv5Qh1uzwef7Zca',$,'Opening for Window N3 L0',$,$,#1281,#1270,$,$);
#1270=IFCPRODUCTDEFINITIONSHAPE($,$,(#1268));
#1276=IFCRELVOIDSELEMENT('198KHH$5XEa8r6ilb2w0SI',$,$,$,#940,#1269);
#1277=IFCCARTESIANPOINT((8100.0000000000009,-50.000000000000711,900.));
#1278=IFCDIRECTION((0.,0.,1.));
#1279=IFCDIRECTION((1.,0.,0.));
#1280=IFCAXIS2PLACEMENT3D(#1277,#1278,#1279);
#1281=IFCLOCALPLACEMENT(#951,#1280);
#1282=IFCCARTESIANPOINTLIST2D(((0.,0.),(1800.,0.),(1800.,1600.),(0.,1600.)));
#1283=IFCINDEXEDPOLYCURVE(#1282,(IFCLINEINDEX((1,2,3,4,1))),$);
#1284=IFCCARTESIANPOINTLIST2D(((25.,25.),(1775.,25.),(1775.,1575.),(25.,1575.)));
#1285=IFCINDEXEDPOLYCURVE(#1284,(IFCLINEINDEX((1,2,3,4,1))),$);
#1286=IFCARBITRARYPROFILEDEFWITHVOIDS(.AREA.,$,#1283,(#1285));
#1287=IFCCARTESIANPOINT((0.,90.,0.));
#1288=IFCDIRECTION((0.,-1.,0.));
#1289=IFCDIRECTION((1.,0.,0.));
#1290=IFCAXIS2PLACEMENT3D(#1287,#1288,#1289);
#1291=IFCDIRECTION((0.,0.,-1.));
#1292=IFCEXTRUDEDAREASOLID(#1286,#1290,#1291,10.);
#1293=IFCCARTESIANPOINTLIST2D(((0.,0.),(1800.,0.),(1800.,1600.),(0.,1600.)));
#1294=IFCINDEXEDPOLYCURVE(#1293,(IFCLINEINDEX((1,2,3,4,1))),$);
#1295=IFCCARTESIANPOINTLIST2D(((50.,50.),(1750.,50.),(1750.,1550.),(50.,1550.)));
#1296=IFCINDEXEDPOLYCURVE(#1295,(IFCLINEINDEX((1,2,3,4,1))),$);
#1297=IFCARBITRARYPROFILEDEFWITHVOIDS(.AREA.,$,#1294,(#1296));
#1298=IFCCARTESIANPOINT((0.,50.,0.));
#1299=IFCDIRECTION((0.,-1.,0.));
#1300=IFCDIRECTION((1.,0.,0.));
#1301=IFCAXIS2PLACEMENT3D(#1298,#1299,#1300);
#1302=IFCDIRECTION((0.,0.,-1.));
#1303=IFCEXTRUDEDAREASOLID(#1297,#1301,#1302,40.);
#1304=IFCCARTESIANPOINTLIST2D(((0.,0.),(1750.,0.),(1750.,1550.),(0.,1550.)));
#1305=IFCINDEXEDPOLYCURVE(#1304,(IFCLINEINDEX((1,2,3,4,1))),$);
#1306=IFCCARTESIANPOINTLIST2D(((35.,35.),(1715.,35.),(1715.,1515.),(35.,1515.)));
#1307=IFCINDEXEDPOLYCURVE(#1306,(IFCLINEINDEX((1,2,3,4,1))),$);
#1308=IFCARBITRARYPROFILEDEFWITHVOIDS(.AREA.,$,#1305,(#1307));
#1309=IFCCARTESIANPOINT((25.,90.,25.));
#1310=IFCDIRECTION((0.,-1.,0.));
#1311=IFCDIRECTION((1.,0.,0.));
#1312=IFCAXIS2PLACEMENT3D(#1309,#1310,#1311);
#1313=IFCDIRECTION((0.,0.,-1.));
#1314=IFCEXTRUDEDAREASOLID(#1308,#1312,#1313,35.);
#1315=IFCINDEXEDPOLYCURVE(#1316,(IFCLINEINDEX((1,2,3,4,1))),$);
#1316=IFCCARTESIANPOINTLIST2D(((35.,35.),(1715.,35.),(1715.,1515.),(35.,1515.)));
#1317=IFCARBITRARYCLOSEDPROFILEDEF(.AREA.,$,#1315);
#1318=IFCCARTESIANPOINT((25.,102.5,25.));
#1319=IFCDIRECTION((0.,-1.,0.));
#1320=IFCDIRECTION((1.,0.,0.));
#1321=IFCAXIS2PLACEMENT3D(#1318,#1319,#1320);
#1322=IFCDIRECTION((0.,0.,-1.));
#1323=IFCEXTRUDEDAREASOLID(#1317,#1321,#1322,10.);
#1324=IFCSHAPEREPRESENTATION(#11,'Body','SweptSolid',(#1292,#1303,#1314,#1323));
#1325=IFCWINDOW('37sH3L1eT8yxG6ij9ZswFb',$,'Window N3 L0',$,$,#1336,#1326,$,1600.,1800.,.WINDOW.,$,$);
#1326=IFCPRODUCTDEFINITIONSHAPE($,$,(#1324));
#1332=IFCCARTESIANPOINT((15900.,13837.25,900.));
#1333=IFCDIRECTION((0.,0.,1.));
#1334=IFCDIRECTION((-1.,1.2246467991473532E-16,0.));
#1335=IFCAXIS2PLACEMENT3D(#1332,#1333,#1334);
#1336=IFCLOCALPLACEMENT(#34,#1335);
#1337=IFCMATERIALCONSTITUENTSET('Aluminium window',$,(#1338,#1339));
#1338=IFCMATERIALCONSTITUENT($,$,#1160,0.29999999999999999,$);
#1339=IFCMATERIALCONSTITUENT($,$,#1162,0.69999999999999996,$);
#1340=IFCRELASSOCIATESMATERIAL('3Xni6JzOr2Gx0W1VV3FKSv',$,$,$,(#1325),#1337);
#1341=IFCPROPERTYSET('02BVWkzu56CvY0rVwAg2js',$,'Pset_WindowCommon',$,(#1343,#1344,#1345));
#1342=IFCRELDEFINESBYPROPERTIES('20pF1CgtX2Pf9Kcn8SDj1m',$,$,$,(#1325),#1341);
#1343=IFCPROPERTYSINGLEVALUE('IsExternal',$,IFCBOOLEAN(.T.),$);
#1344=IFCPROPERTYSINGLEVALUE('ThermalTransmittance',$,IFCTHERMALTRANSMITTANCEMEASURE(0.80000000000000004),$);
#1345=IFCPROPERTYSINGLEVALUE('GlazingAreaFraction',$,IFCPOSITIVERATIOMEASURE(0.69999999999999996),$);
#1346=IFCRELFILLSELEMENT('2vpFb8Nwb7p8TIcHexQzC4',$,$,$,#1269,#1325);
#1347=IFCCARTESIANPOINTLIST2D(((0.,0.),(0.,565.),(1800.,565.),(1800.,0.),(0.,0.)));
#1348=IFCINDEXEDPOLYCURVE(#1347,$,.F.);
#1349=IFCDIRECTION((0.,0.,1.));
#1350=IFCARBITRARYCLOSEDPROFILEDEF(.AREA.,$,#1348);
#1351=IFCCARTESIANPOINT((0.,0.,0.));
#1352=IFCDIRECTION((0.,0.,1.));
#1353=IFCDIRECTION((1.,0.,0.));
#1354=IFCAXIS2PLACEMENT3D(#1351,#1352,#1353);
#1355=IFCEXTRUDEDAREASOLID(#1350,#1354,#1349,1600.);
#1356=IFCSHAPEREPRESENTATION(#11,'Body','SweptSolid',(#1355));
#1357=IFCOPENINGELEMENT('2TqB3J1Az3eQXzwozcjpRH',$,'Opening for Window N4 L0',$,$,#1369,#1358,$,$);
#1358=IFCPRODUCTDEFINITIONSHAPE($,$,(#1356));
#1364=IFCRELVOIDSELEMENT('1NajXew_93$BrpnB$upPnf',$,$,$,#940,#1357);
#1365=IFCCARTESIANPOINT((14100.000000000002,-50.000000000000711,900.));
#1366=IFCDIRECTION((0.,0.,1.));
#1367=IFCDIRECTION((1.,0.,0.));
#1368=IFCAXIS2PLACEMENT3D(#1365,#1366,#1367);
#1369=IFCLOCALPLACEMENT(#951,#1368);
#1370=IFCCARTESIANPOINTLIST2D(((0.,0.),(1800.,0.),(1800.,1600.),(0.,1600.)));
#1371=IFCINDEXEDPOLYCURVE(#1370,(IFCLINEINDEX((1,2,3,4,1))),$);
#1372=IFCCARTESIANPOINTLIST2D(((25.,25.),(1775.,25.),(1775.,1575.),(25.,1575.)));
#1373=IFCINDEXEDPOLYCURVE(#1372,(IFCLINEINDEX((1,2,3,4,1))),$);
#1374=IFCARBITRARYPROFILEDEFWITHVOIDS(.AREA.,$,#1371,(#1373));
#1375=IFCCARTESIANPOINT((0.,90.,0.));
#1376=IFCDIRECTION((0.,-1.,0.));
#1377=IFCDIRECTION((1.,0.,0.));
#1378=IFCAXIS2PLACEMENT3D(#1375,#1376,#1377);
#1379=IFCDIRECTION((0.,0.,-1.));
#1380=IFCEXTRUDEDAREASOLID(#1374,#1378,#1379,10.);
#1381=IFCCARTESIANPOINTLIST2D(((0.,0.),(1800.,0.),(1800.,1600.),(0.,1600.)));
#1382=IFCINDEXEDPOLYCURVE(#1381,(IFCLINEINDEX((1,2,3,4,1))),$);
#1383=IFCCARTESIANPOINTLIST2D(((50.,50.),(1750.,50.),(1750.,1550.),(50.,1550.)));
#1384=IFCINDEXEDPOLYCURVE(#1383,(IFCLINEINDEX((1,2,3,4,1))),$);
#1385=IFCARBITRARYPROFILEDEFWITHVOIDS(.AREA.,$,#1382,(#1384));
#1386=IFCCARTESIANPOINT((0.,50.,0.));
#1387=IFCDIRECTION((0.,-1.,0.));
#1388=IFCDIRECTION((1.,0.,0.));
#1389=IFCAXIS2PLACEMENT3D(#1386,#1387,#1388);
#1390=IFCDIRECTION((0.,0.,-1.));
#1391=IFCEXTRUDEDAREASOLID(#1385,#1389,#1390,40.);
#1392=IFCCARTESIANPOINTLIST2D(((0.,0.),(1750.,0.),(1750.,1550.),(0.,1550.)));
#1393=IFCINDEXEDPOLYCURVE(#1392,(IFCLINEINDEX((1,2,3,4,1))),$);
#1394=IFCCARTESIANPOINTLIST2D(((35.,35.),(1715.,35.),(1715.,1515.),(35.,1515.)));
#1395=IFCINDEXEDPOLYCURVE(#1394,(IFCLINEINDEX((1,2,3,4,1))),$);
#1396=IFCARBITRARYPROFILEDEFWITHVOIDS(.AREA.,$,#1393,(#1395));
#1397=IFCCARTESIANPOINT((25.,90.,25.));
#1398=IFCDIRECTION((0.,-1.,0.));
#1399=IFCDIRECTION((1.,0.,0.));
#1400=IFCAXIS2PLACEMENT3D(#1397,#1398,#1399);
#1401=IFCDIRECTION((0.,0.,-1.));
#1402=IFCEXTRUDEDAREASOLID(#1396,#1400,#1401,35.);
#1403=IFCINDEXEDPOLYCURVE(#1404,(IFCLINEINDEX((1,2,3,4,1))),$);
#1404=IFCCARTESIANPOINTLIST2D(((35.,35.),(1715.,35.),(1715.,1515.),(35.,1515.)));
#1405=IFCARBITRARYCLOSEDPROFILEDEF(.AREA.,$,#1403);
#1406=IFCCARTESIANPOINT((25.,102.5,25.));
#1407=IFCDIRECTION((0.,-1.,0.));
#1408=IFCDIRECTION((1.,0.,0.));
#1409=IFCAXIS2PLACEMENT3D(#1406,#1407,#1408);
#1410=IFCDIRECTION((0.,0.,-1.));
#1411=IFCEXTRUDEDAREASOLID(#1405,#1409,#1410,10.);
#1412=IFCSHAPEREPRESENTATION(#11,'Body','SweptSolid',(#1380,#1391,#1402,#1411));
#1413=IFCWINDOW('0vfLLzVi92mx2rNCBHkLtL',$,'Window N4 L0',$,$,#1424,#1414,$,1600.,1800.,.WINDOW.,$,$);
#1414=IFCPRODUCTDEFINITIONSHAPE($,$,(#1412));
#1420=IFCCARTESIANPOINT((9900.,13837.25,900.));
#1421=IFCDIRECTION((0.,0.,1.));
#1422=IFCDIRECTION((-1.,1.2246467991473532E-16,0.));
#1423=IFCAXIS2PLACEMENT3D(#1420,#1421,#1422);
#1424=IFCLOCALPLACEMENT(#34,#1423);
#1425=IFCMATERIALCONSTITUENTSET('Aluminium window',$,(#1426,#1427));
#1426=IFCMATERIALCONSTITUENT($,$,#1160,0.29999999999999999,$);
#1427=IFCMATERIALCONSTITUENT($,$,#1162,0.69999999999999996,$);
#1428=IFCRELASSOCIATESMATERIAL('159B70g3b63AfsIOL6REAG',$,$,$,(#1413),#1425);
#1429=IFCPROPERTYSET('0czXrTydj2QxylE6qRHerD',$,'Pset_WindowCommon',$,(#1431,#1432,#1433));
#1430=IFCRELDEFINESBYPROPERTIES('0rO_7zlnX8OwS9H8uo_MID',$,$,$,(#1413),#1429);
#1431=IFCPROPERTYSINGLEVALUE('IsExternal',$,IFCBOOLEAN(.T.),$);
#1432=IFCPROPERTYSINGLEVALUE('ThermalTransmittance',$,IFCTHERMALTRANSMITTANCEMEASURE(0.80000000000000004),$);
#1433=IFCPROPERTYSINGLEVALUE('GlazingAreaFraction',$,IFCPOSITIVERATIOMEASURE(0.69999999999999996),$);
#1434=IFCRELFILLSELEMENT('22ZunTsJjFxPKGW6e2fWjt',$,$,$,#1357,#1413);
#1435=IFCCARTESIANPOINTLIST2D(((0.,0.),(0.,565.),(1800.,565.),(1800.,0.),(0.,0.)));
#1436=IFCINDEXEDPOLYCURVE(#1435,$,.F.);
#1437=IFCDIRECTION((0.,0.,1.));
#1438=IFCARBITRARYCLOSEDPROFILEDEF(.AREA.,$,#1436);
#1439=IFCCARTESIANPOINT((0.,0.,0.));
#1440=IFCDIRECTION((0.,0.,1.));
#1441=IFCDIRECTION((1.,0.,0.));
#1442=IFCAXIS2PLACEMENT3D(#1439,#1440,#1441);
#1443=IFCEXTRUDEDAREASOLID(#1438,#1442,#1437,1600.);
#1444=IFCSHAPEREPRESENTATION(#11,'Body','SweptSolid',(#1443));
#1445=IFCOPENINGELEMENT('2YnTL2tFj7uAq1jKmfPGyg',$,'Opening for Window N5 L0',$,$,#1457,#1446,$,$);
#1446=IFCPRODUCTDEFINITIONSHAPE($,$,(#1444));
#1452=IFCRELVOIDSELEMENT('3ztOPXoJ55Lg3XnvqGFxxW',$,$,$,#940,#1445);
#1453=IFCCARTESIANPOINT((17100.,-49.999999999998934,900.));
#1454=IFCDIRECTION((0.,0.,1.));
#1455=IFCDIRECTION((1.,0.,0.));
#1456=IFCAXIS2PLACEMENT3D(#1453,#1454,#1455);
#1457=IFCLOCALPLACEMENT(#951,#1456);
#1458=IFCCARTESIANPOINTLIST2D(((0.,0.),(1800.,0.),(1800.,1600.),(0.,1600.)));
#1459=IFCINDEXEDPOLYCURVE(#1458,(IFCLINEINDEX((1,2,3,4,1))),$);
#1460=IFCCARTESIANPOINTLIST2D(((25.,25.),(1775.,25.),(1775.,1575.),(25.,1575.)));
#1461=IFCINDEXEDPOLYCURVE(#1460,(IFCLINEINDEX((1,2,3,4,1))),$);
#1462=IFCARBITRARYPROFILEDEFWITHVOIDS(.AREA.,$,#1459,(#1461));
#1463=IFCCARTESIANPOINT((0.,90.,0.));
#1464=IFCDIRECTION((0.,-1.,0.));
#1465=IFCDIRECTION((1.,0.,0.));
#1466=IFCAXIS2PLACEMENT3D(#1463,#1464,#1465);
#1467=IFCDIRECTION((0.,0.,-1.));
#1468=IFCEXTRUDEDAREASOLID(#1462,#1466,#1467,10.);
#1469=IFCCARTESIANPOINTLIST2D(((0.,0.),(1800.,0.),(1800.,1600.),(0.,1600.)));
#1470=IFCINDEXEDPOLYCURVE(#1469,(IFCLINEINDEX((1,2,3,4,1))),$);
#1471=IFCCARTESIANPOINTLIST2D(((50.,50.),(1750.,50.),(1750.,1550.),(50.,1550.)));
#1472=IFCINDEXEDPOLYCURVE(#1471,(IFCLINEINDEX((1,2,3,4,1))),$);
#1473=IFCARBITRARYPROFILEDEFWITHVOIDS(.AREA.,$,#1470,(#1472));
#1474=IFCCARTESIANPOINT((0.,50.,0.));
#1475=IFCDIRECTION((0.,-1.,0.));
#1476=IFCDIRECTION((1.,0.,0.));
#1477=IFCAXIS2PLACEMENT3D(#1474,#1475,#1476);
#1478=IFCDIRECTION((0.,0.,-1.));
#1479=IFCEXTRUDEDAREASOLID(#1473,#1477,#1478,40.);
#1480=IFCCARTESIANPOINTLIST2D(((0.,0.),(1750.,0.),(1750.,1550.),(0.,1550.)));
#1481=IFCINDEXEDPOLYCURVE(#1480,(IFCLINEINDEX((1,2,3,4,1))),$);
#1482=IFCCARTESIANPOINTLIST2D(((35.,35.),(1715.,35.),(1715.,1515.),(35.,1515.)));
#1483=IFCINDEXEDPOLYCURVE(#1482,(IFCLINEINDEX((1,2,3,4,1))),$);
#1484=IFCARBITRARYPROFILEDEFWITHVOIDS(.AREA.,$,#1481,(#1483));
#1485=IFCCARTESIANPOINT((25.,90.,25.));
#1486=IFCDIRECTION((0.,-1.,0.));
#1487=IFCDIRECTION((1.,0.,0.));
#1488=IFCAXIS2PLACEMENT3D(#1485,#1486,#1487);
#1489=IFCDIRECTION((0.,0.,-1.));
#1490=IFCEXTRUDEDAREASOLID(#1484,#1488,#1489,35.);
#1491=IFCINDEXEDPOLYCURVE(#1492,(IFCLINEINDEX((1,2,3,4,1))),$);
#1492=IFCCARTESIANPOINTLIST2D(((35.,35.),(1715.,35.),(1715.,1515.),(35.,1515.)));
#1493=IFCARBITRARYCLOSEDPROFILEDEF(.AREA.,$,#1491);
#1494=IFCCARTESIANPOINT((25.,102.5,25.));
#1495=IFCDIRECTION((0.,-1.,0.));
#1496=IFCDIRECTION((1.,0.,0.));
#1497=IFCAXIS2PLACEMENT3D(#1494,#1495,#1496);
#1498=IFCDIRECTION((0.,0.,-1.));
#1499=IFCEXTRUDEDAREASOLID(#1493,#1497,#1498,10.);
#1500=IFCSHAPEREPRESENTATION(#11,'Body','SweptSolid',(#1468,#1479,#1490,#1499));
#1501=IFCWINDOW('13MnX6sWr9yxF$uGkvo4KX',$,'Window N5 L0',$,$,#1512,#1502,$,1600.,1800.,.WINDOW.,$,$);
#1502=IFCPRODUCTDEFINITIONSHAPE($,$,(#1500));
#1508=IFCCARTESIANPOINT((6899.9999999999982,13837.25,900.));
#1509=IFCDIRECTION((0.,0.,1.));
#1510=IFCDIRECTION((-1.,1.2246467991473532E-16,0.));
#1511=IFCAXIS2PLACEMENT3D(#1508,#1509,#1510);
#1512=IFCLOCALPLACEMENT(#34,#1511);
#1513=IFCMATERIALCONSTITUENTSET('Aluminium window',$,(#1514,#1515));
#1514=IFCMATERIALCONSTITUENT($,$,#1160,0.29999999999999999,$);
#1515=IFCMATERIALCONSTITUENT($,$,#1162,0.69999999999999996,$);
#1516=IFCRELASSOCIATESMATERIAL('0Y3mJqgrPCth$Dr9OQkog$',$,$,$,(#1501),#1513);
#1517=IFCPROPERTYSET('0q0MqCnWr448SDptPT1vlj',$,'Pset_WindowCommon',$,(#1519,#1520,#1521));
#1518=IFCRELDEFINESBYPROPERTIES('15Xw38NAb5hgnvdDqfdhSD',$,$,$,(#1501),#1517);
#1519=IFCPROPERTYSINGLEVALUE('IsExternal',$,IFCBOOLEAN(.T.),$);
#1520=IFCPROPERTYSINGLEVALUE('ThermalTransmittance',$,IFCTHERMALTRANSMITTANCEMEASURE(0.80000000000000004),$);
#1521=IFCPROPERTYSINGLEVALUE('GlazingAreaFraction',$,IFCPOSITIVERATIOMEASURE(0.69999999999999996),$);
#1522=IFCRELFILLSELEMENT('17lQEjMMn4VP2PrVe7E5RP',$,$,$,#1445,#1501);
#1523=IFCCARTESIANPOINTLIST2D(((0.,0.),(0.,565.),(1800.,565.),(1800.,0.),(0.,0.)));
#1524=IFCINDEXEDPOLYCURVE(#1523,$,.F.);
#1525=IFCDIRECTION((0.,0.,1.));
#1526=IFCARBITRARYCLOSEDPROFILEDEF(.AREA.,$,#1524);
#1527=IFCCARTESIANPOINT((0.,0.,0.));
#1528=IFCDIRECTION((0.,0.,1.));
#1529=IFCDIRECTION((1.,0.,0.));
#1530=IFCAXIS2PLACEMENT3D(#1527,#1528,#1529);
#1531=IFCEXTRUDEDAREASOLID(#1526,#1530,#1525,1600.);
#1532=IFCSHAPEREPRESENTATION(#11,'Body','SweptSolid',(#1531));
#1533=IFCOPENINGELEMENT('3KgBGdqBf6tP2LNcR774C3',$,'Opening for Window N6 L0',$,$,#1545,#1534,$,$);
#1534=IFCPRODUCTDEFINITIONSHAPE($,$,(#1532));
#1540=IFCRELVOIDSELEMENT('0uFJvrXTL4_R$jmuB_aN79',$,$,$,#940,#1533);
#1541=IFCCARTESIANPOINT((20100.,-49.999999999998934,900.));
#1542=IFCDIRECTION((0.,0.,1.));
#1543=IFCDIRECTION((1.,0.,0.));
#1544=IFCAXIS2PLACEMENT3D(#1541,#1542,#1543);
#1545=IFCLOCALPLACEMENT(#951,#1544);
#1546=IFCCARTESIANPOINTLIST2D(((0.,0.),(1800.,0.),(1800.,1600.),(0.,1600.)));
#1547=IFCINDEXEDPOLYCURVE(#1546,(IFCLINEINDEX((1,2,3,4,1))),$);
#1548=IFCCARTESIANPOINTLIST2D(((25.,25.),(1775.,25.),(1775.,1575.),(25.,1575.)));
#1549=IFCINDEXEDPOLYCURVE(#1548,(IFCLINEINDEX((1,2,3,4,1))),$);
#1550=IFCARBITRARYPROFILEDEFWITHVOIDS(.AREA.,$,#1547,(#1549));
#1551=IFCCARTESIANPOINT((0.,90.,0.));
#1552=IFCDIRECTION((0.,-1.,0.));
#1553=IFCDIRECTION((1.,0.,0.));
#1554=IFCAXIS2PLACEMENT3D(#1551,#1552,#1553);
#1555=IFCDIRECTION((0.,0.,-1.));
#1556=IFCEXTRUDEDAREASOLID(#1550,#1554,#1555,10.);
#1557=IFCCARTESIANPOINTLIST2D(((0.,0.),(1800.,0.),(1800.,1600.),(0.,1600.)));
#1558=IFCINDEXEDPOLYCURVE(#1557,(IFCLINEINDEX((1,2,3,4,1))),$);
#1559=IFCCARTESIANPOINTLIST2D(((50.,50.),(1750.,50.),(1750.,1550.),(50.,1550.)));
#1560=IFCINDEXEDPOLYCURVE(#1559,(IFCLINEINDEX((1,2,3,4,1))),$);
#1561=IFCARBITRARYPROFILEDEFWITHVOIDS(.AREA.,$,#1558,(#1560));
#1562=IFCCARTESIANPOINT((0.,50.,0.));
#1563=IFCDIRECTION((0.,-1.,0.));
#1564=IFCDIRECTION((1.,0.,0.));
#1565=IFCAXIS2PLACEMENT3D(#1562,#1563,#1564);
#1566=IFCDIRECTION((0.,0.,-1.));
#1567=IFCEXTRUDEDAREASOLID(#1561,#1565,#1566,40.);
#1568=IFCCARTESIANPOINTLIST2D(((0.,0.),(1750.,0.),(1750.,1550.),(0.,1550.)));
#1569=IFCINDEXEDPOLYCURVE(#1568,(IFCLINEINDEX((1,2,3,4,1))),$);
#1570=IFCCARTESIANPOINTLIST2D(((35.,35.),(1715.,35.),(1715.,1515.),(35.,1515.)));
#1571=IFCINDEXEDPOLYCURVE(#1570,(IFCLINEINDEX((1,2,3,4,1))),$);
#1572=IFCARBITRARYPROFILEDEFWITHVOIDS(.AREA.,$,#1569,(#1571));
#1573=IFCCARTESIANPOINT((25.,90.,25.));
#1574=IFCDIRECTION((0.,-1.,0.));
#1575=IFCDIRECTION((1.,0.,0.));
#1576=IFCAXIS2PLACEMENT3D(#1573,#1574,#1575);
#1577=IFCDIRECTION((0.,0.,-1.));
#1578=IFCEXTRUDEDAREASOLID(#1572,#1576,#1577,35.);
#1579=IFCINDEXEDPOLYCURVE(#1580,(IFCLINEINDEX((1,2,3,4,1))),$);
#1580=IFCCARTESIANPOINTLIST2D(((35.,35.),(1715.,35.),(1715.,1515.),(35.,1515.)));
#1581=IFCARBITRARYCLOSEDPROFILEDEF(.AREA.,$,#1579);
#1582=IFCCARTESIANPOINT((25.,102.5,25.));
#1583=IFCDIRECTION((0.,-1.,0.));
#1584=IFCDIRECTION((1.,0.,0.));
#1585=IFCAXIS2PLACEMENT3D(#1582,#1583,#1584);
#1586=IFCDIRECTION((0.,0.,-1.));
#1587=IFCEXTRUDEDAREASOLID(#1581,#1585,#1586,10.);
#1588=IFCSHAPEREPRESENTATION(#11,'Body','SweptSolid',(#1556,#1567,#1578,#1587));
#1589=IFCWINDOW('2EwgagxpnB99bPWc$bKe3_',$,'Window N6 L0',$,$,#1600,#1590,$,1600.,1800.,.WINDOW.,$,$);
#1590=IFCPRODUCTDEFINITIONSHAPE($,$,(#1588));
#1596=IFCCARTESIANPOINT((3899.9999999999986,13837.25,900.));
#1597=IFCDIRECTION((0.,0.,1.));
#1598=IFCDIRECTION((-1.,1.2246467991473532E-16,0.));
#1599=IFCAXIS2PLACEMENT3D(#1596,#1597,#1598);
#1600=IFCLOCALPLACEMENT(#34,#1599);
#1601=IFCMATERIALCONSTITUENTSET('Aluminium window',$,(#1602,#1603));
#1602=IFCMATERIALCONSTITUENT($,$,#1160,0.29999999999999999,$);
#1603=IFCMATERIALCONSTITUENT($,$,#1162,0.69999999999999996,$);
#1604=IFCRELASSOCIATESMATERIAL('2bVbO2WW15Z9oEJ5mCvKwx',$,$,$,(#1589),#1601);
#1605=IFCPROPERTYSET('0MsfIM0OT5o8SH1NuFh7E8',$,'Pset_WindowCommon',$,(#1607,#1608,#1609));
#1606=IFCRELDEFINESBYPROPERTIES('1x0FA$5_D909hr4cj9$wkm',$,$,$,(#1589),#1605);
#1607=IFCPROPERTYSINGLEVALUE('IsExternal',$,IFCBOOLEAN(.T.),$);
#1608=IFCPROPERTYSINGLEVALUE('ThermalTransmittance',$,IFCTHERMALTRANSMITTANCEMEASURE(0.80000000000000004),$);
#1609=IFCPROPERTYSINGLEVALUE('GlazingAreaFraction',$,IFCPOSITIVERATIOMEASURE(0.69999999999999996),$);
#1610=IFCRELFILLSELEMENT('09nfYuxZDFYBLMjs0rgfXW',$,$,$,#1533,#1589);
#1611=IFCELEMENTQUANTITY('0wEp29puLEQBYKl9zskAQL',$,'Qto_WallBaseQuantities',$,'BaseQuantities',(#1613,#1614,#1615,#1616,#1617,#1618));
#1612=IFCRELDEFINESBYPROPERTIES('2SaKK2otD2F8Gqb$leXWeJ',$,$,$,(#940),#1611);
#1613=IFCQUANTITYLENGTH('Length',$,$,24000.,$);
#1614=IFCQUANTITYLENGTH('Height',$,$,3300.0000000000005,$);
#1615=IFCQUANTITYLENGTH('Width',$,$,465.,$);
#1616=IFCQUANTITYVOLUME('GrossVolume',$,$,36.828000000000003,$);
#1617=IFCQUANTITYVOLUME('NetVolume',$,$,27.565200000000001,$);
#1618=IFCQUANTITYAREA('NetSideArea',$,$,59.280000000000001,$);
#1619=IFCPROPERTYSET('0nBgkQ_pXByAeQYfMVBe9w',$,'Pset_WallCommon',$,(#1621,#1622,#1623,#1624));
#1620=IFCRELDEFINESBYPROPERTIES('0BgyAw6096ygKlXRHPrSlA',$,$,$,(#940),#1619);
#1621=IFCPROPERTYSINGLEVALUE('IsExternal',$,IFCBOOLEAN(.T.),$);
#1622=IFCPROPERTYSINGLEVALUE('LoadBearing',$,IFCBOOLEAN(.T.),$);
#1623=IFCPROPERTYSINGLEVALUE('FireRating',$,IFCLABEL('REI 60'),$);
#1624=IFCPROPERTYSINGLEVALUE('ThermalTransmittance',$,IFCTHERMALTRANSMITTANCEMEASURE(0.20999999999999999),$);
#1625=IFCCARTESIANPOINTLIST2D(((0.,0.),(0.,465.),(14000.,465.),(14000.,0.),(0.,0.)));
#1626=IFCINDEXEDPOLYCURVE(#1625,$,.F.);
#1627=IFCDIRECTION((0.,0.,1.));
#1628=IFCARBITRARYCLOSEDPROFILEDEF(.AREA.,$,#1626);
#1629=IFCCARTESIANPOINT((0.,0.,0.));
#1630=IFCDIRECTION((0.,0.,1.));
#1631=IFCDIRECTION((1.,0.,0.));
#1632=IFCAXIS2PLACEMENT3D(#1629,#1630,#1631);
#1633=IFCEXTRUDEDAREASOLID(#1628,#1632,#1627,3300.);
#1634=IFCSHAPEREPRESENTATION(#11,'Body','SweptSolid',(#1633));
#1635=IFCWALL('017aYjuez1A8hCBTG7iseI',$,'West wall L0',$,$,#1646,#1636,$,$);
#1636=IFCPRODUCTDEFINITIONSHAPE($,$,(#1634));
#1642=IFCCARTESIANPOINT((0.,14000.,0.));
#1643=IFCDIRECTION((0.,0.,1.));
#1644=IFCDIRECTION((-1.8369701987210297E-16,-1.,0.));
#1645=IFCAXIS2PLACEMENT3D(#1642,#1643,#1644);
#1646=IFCLOCALPLACEMENT(#34,#1645);
#1647=IFCMATERIALLAYERSETUSAGE(#952,.AXIS2.,.POSITIVE.,0.,$);
#1648=IFCRELASSOCIATESMATERIAL('28UsVGJXD7MBdSX$IBH5tJ',$,$,$,(#1635),#1647);
#1649=IFCCARTESIANPOINTLIST2D(((0.,0.),(0.,565.),(1800.,565.),(1800.,0.),(0.,0.)));
#1650=IFCINDEXEDPOLYCURVE(#1649,$,.F.);
#1651=IFCDIRECTION((0.,0.,1.));
#1652=IFCARBITRARYCLOSEDPROFILEDEF(.AREA.,$,#1650);
#1653=IFCCARTESIANPOINT((0.,0.,0.));
#1654=IFCDIRECTION((0.,0.,1.));
#1655=IFCDIRECTION((1.,0.,0.));
#1656=IFCAXIS2PLACEMENT3D(#1653,#1654,#1655);
#1657=IFCEXTRUDEDAREASOLID(#1652,#1656,#1651,1600.);
#1658=IFCSHAPEREPRESENTATION(#11,'Body','SweptSolid',(#1657));
#1659=IFCOPENINGELEMENT('2b9Y2o_UHDdutf3GKHx1pu',$,'Opening for Window W1 L0',$,$,#1671,#1660,$,$);
#1660=IFCPRODUCTDEFINITIONSHAPE($,$,(#1658));
#1666=IFCRELVOIDSELEMENT('3ZqnXXW$z7JeGRvGWFR4oC',$,$,$,#1635,#1659);
#1667=IFCCARTESIANPOINT((2099.9999999999995,-50.,900.));
#1668=IFCDIRECTION((0.,0.,1.));
#1669=IFCDIRECTION((1.,0.,0.));
#1670=IFCAXIS2PLACEMENT3D(#1667,#1668,#1669);
#1671=IFCLOCALPLACEMENT(#1646,#1670);
#1672=IFCCARTESIANPOINTLIST2D(((0.,0.),(1800.,0.),(1800.,1600.),(0.,1600.)));
#1673=IFCINDEXEDPOLYCURVE(#1672,(IFCLINEINDEX((1,2,3,4,1))),$);
#1674=IFCCARTESIANPOINTLIST2D(((25.,25.),(1775.,25.),(1775.,1575.),(25.,1575.)));
#1675=IFCINDEXEDPOLYCURVE(#1674,(IFCLINEINDEX((1,2,3,4,1))),$);
#1676=IFCARBITRARYPROFILEDEFWITHVOIDS(.AREA.,$,#1673,(#1675));
#1677=IFCCARTESIANPOINT((0.,90.,0.));
#1678=IFCDIRECTION((0.,-1.,0.));
#1679=IFCDIRECTION((1.,0.,0.));
#1680=IFCAXIS2PLACEMENT3D(#1677,#1678,#1679);
#1681=IFCDIRECTION((0.,0.,-1.));
#1682=IFCEXTRUDEDAREASOLID(#1676,#1680,#1681,10.);
#1683=IFCCARTESIANPOINTLIST2D(((0.,0.),(1800.,0.),(1800.,1600.),(0.,1600.)));
#1684=IFCINDEXEDPOLYCURVE(#1683,(IFCLINEINDEX((1,2,3,4,1))),$);
#1685=IFCCARTESIANPOINTLIST2D(((50.,50.),(1750.,50.),(1750.,1550.),(50.,1550.)));
#1686=IFCINDEXEDPOLYCURVE(#1685,(IFCLINEINDEX((1,2,3,4,1))),$);
#1687=IFCARBITRARYPROFILEDEFWITHVOIDS(.AREA.,$,#1684,(#1686));
#1688=IFCCARTESIANPOINT((0.,50.,0.));
#1689=IFCDIRECTION((0.,-1.,0.));
#1690=IFCDIRECTION((1.,0.,0.));
#1691=IFCAXIS2PLACEMENT3D(#1688,#1689,#1690);
#1692=IFCDIRECTION((0.,0.,-1.));
#1693=IFCEXTRUDEDAREASOLID(#1687,#1691,#1692,40.);
#1694=IFCCARTESIANPOINTLIST2D(((0.,0.),(1750.,0.),(1750.,1550.),(0.,1550.)));
#1695=IFCINDEXEDPOLYCURVE(#1694,(IFCLINEINDEX((1,2,3,4,1))),$);
#1696=IFCCARTESIANPOINTLIST2D(((35.,35.),(1715.,35.),(1715.,1515.),(35.,1515.)));
#1697=IFCINDEXEDPOLYCURVE(#1696,(IFCLINEINDEX((1,2,3,4,1))),$);
#1698=IFCARBITRARYPROFILEDEFWITHVOIDS(.AREA.,$,#1695,(#1697));
#1699=IFCCARTESIANPOINT((25.,90.,25.));
#1700=IFCDIRECTION((0.,-1.,0.));
#1701=IFCDIRECTION((1.,0.,0.));
#1702=IFCAXIS2PLACEMENT3D(#1699,#1700,#1701);
#1703=IFCDIRECTION((0.,0.,-1.));
#1704=IFCEXTRUDEDAREASOLID(#1698,#1702,#1703,35.);
#1705=IFCINDEXEDPOLYCURVE(#1706,(IFCLINEINDEX((1,2,3,4,1))),$);
#1706=IFCCARTESIANPOINTLIST2D(((35.,35.),(1715.,35.),(1715.,1515.),(35.,1515.)));
#1707=IFCARBITRARYCLOSEDPROFILEDEF(.AREA.,$,#1705);
#1708=IFCCARTESIANPOINT((25.,102.5,25.));
#1709=IFCDIRECTION((0.,-1.,0.));
#1710=IFCDIRECTION((1.,0.,0.));
#1711=IFCAXIS2PLACEMENT3D(#1708,#1709,#1710);
#1712=IFCDIRECTION((0.,0.,-1.));
#1713=IFCEXTRUDEDAREASOLID(#1707,#1711,#1712,10.);
#1714=IFCSHAPEREPRESENTATION(#11,'Body','SweptSolid',(#1682,#1693,#1704,#1713));
#1715=IFCWINDOW('2DD$Qfz4r0kuAU04V1N97Z',$,'Window W1 L0',$,$,#1726,#1716,$,1600.,1800.,.WINDOW.,$,$);
#1716=IFCPRODUCTDEFINITIONSHAPE($,$,(#1714));
#1722=IFCCARTESIANPOINT((162.7499999999996,11900.,900.));
#1723=IFCDIRECTION((0.,0.,1.));
#1724=IFCDIRECTION((-1.8369701987210297E-16,-1.,0.));
#1725=IFCAXIS2PLACEMENT3D(#1722,#1723,#1724);
#1726=IFCLOCALPLACEMENT(#34,#1725);
#1727=IFCMATERIALCONSTITUENTSET('Aluminium window',$,(#1728,#1729));
#1728=IFCMATERIALCONSTITUENT($,$,#1160,0.29999999999999999,$);
#1729=IFCMATERIALCONSTITUENT($,$,#1162,0.69999999999999996,$);
#1730=IFCRELASSOCIATESMATERIAL('1B12wSebz2CugcssHuFx30',$,$,$,(#1715),#1727);
#1731=IFCPROPERTYSET('3F9XRNEtn89AOVKhAircUL',$,'Pset_WindowCommon',$,(#1733,#1734,#1735));
#1732=IFCRELDEFINESBYPROPERTIES('2zz01XDtzFFQwp71ZI9Kmy',$,$,$,(#1715),#1731);
#1733=IFCPROPERTYSINGLEVALUE('IsExternal',$,IFCBOOLEAN(.T.),$);
#1734=IFCPROPERTYSINGLEVALUE('ThermalTransmittance',$,IFCTHERMALTRANSMITTANCEMEASURE(0.80000000000000004),$);
#1735=IFCPROPERTYSINGLEVALUE('GlazingAreaFraction',$,IFCPOSITIVERATIOMEASURE(0.69999999999999996),$);
#1736=IFCRELFILLSELEMENT('1bNk1fqCL1Q8Mte1bxp5Up',$,$,$,#1659,#1715);
#1737=IFCCARTESIANPOINTLIST2D(((0.,0.),(0.,565.),(1800.,565.),(1800.,0.),(0.,0.)));
#1738=IFCINDEXEDPOLYCURVE(#1737,$,.F.);
#1739=IFCDIRECTION((0.,0.,1.));
#1740=IFCARBITRARYCLOSEDPROFILEDEF(.AREA.,$,#1738);
#1741=IFCCARTESIANPOINT((0.,0.,0.));
#1742=IFCDIRECTION((0.,0.,1.));
#1743=IFCDIRECTION((1.,0.,0.));
#1744=IFCAXIS2PLACEMENT3D(#1741,#1742,#1743);
#1745=IFCEXTRUDEDAREASOLID(#1740,#1744,#1739,1600.);
#1746=IFCSHAPEREPRESENTATION(#11,'Body','SweptSolid',(#1745));
#1747=IFCOPENINGELEMENT('2tD2jo$obDNB6fzIEuR1Ew',$,'Opening for Window W2 L0',$,$,#1759,#1748,$,$);
#1748=IFCPRODUCTDEFINITIONSHAPE($,$,(#1746));
#1754=IFCRELVOIDSELEMENT('2BQqFJugz9dOoJJnYxxYHz',$,$,$,#1635,#1747);
#1755=IFCCARTESIANPOINT((5099.9999999999991,-50.,900.));
#1756=IFCDIRECTION((0.,0.,1.));
#1757=IFCDIRECTION((1.,0.,0.));
#1758=IFCAXIS2PLACEMENT3D(#1755,#1756,#1757);
#1759=IFCLOCALPLACEMENT(#1646,#1758);
#1760=IFCCARTESIANPOINTLIST2D(((0.,0.),(1800.,0.),(1800.,1600.),(0.,1600.)));
#1761=IFCINDEXEDPOLYCURVE(#1760,(IFCLINEINDEX((1,2,3,4,1))),$);
#1762=IFCCARTESIANPOINTLIST2D(((25.,25.),(1775.,25.),(1775.,1575.),(25.,1575.)));
#1763=IFCINDEXEDPOLYCURVE(#1762,(IFCLINEINDEX((1,2,3,4,1))),$);
#1764=IFCARBITRARYPROFILEDEFWITHVOIDS(.AREA.,$,#1761,(#1763));
#1765=IFCCARTESIANPOINT((0.,90.,0.));
#1766=IFCDIRECTION((0.,-1.,0.));
#1767=IFCDIRECTION((1.,0.,0.));
#1768=IFCAXIS2PLACEMENT3D(#1765,#1766,#1767);
#1769=IFCDIRECTION((0.,0.,-1.));
#1770=IFCEXTRUDEDAREASOLID(#1764,#1768,#1769,10.);
#1771=IFCCARTESIANPOINTLIST2D(((0.,0.),(1800.,0.),(1800.,1600.),(0.,1600.)));
#1772=IFCINDEXEDPOLYCURVE(#1771,(IFCLINEINDEX((1,2,3,4,1))),$);
#1773=IFCCARTESIANPOINTLIST2D(((50.,50.),(1750.,50.),(1750.,1550.),(50.,1550.)));
#1774=IFCINDEXEDPOLYCURVE(#1773,(IFCLINEINDEX((1,2,3,4,1))),$);
#1775=IFCARBITRARYPROFILEDEFWITHVOIDS(.AREA.,$,#1772,(#1774));
#1776=IFCCARTESIANPOINT((0.,50.,0.));
#1777=IFCDIRECTION((0.,-1.,0.));
#1778=IFCDIRECTION((1.,0.,0.));
#1779=IFCAXIS2PLACEMENT3D(#1776,#1777,#1778);
#1780=IFCDIRECTION((0.,0.,-1.));
#1781=IFCEXTRUDEDAREASOLID(#1775,#1779,#1780,40.);
#1782=IFCCARTESIANPOINTLIST2D(((0.,0.),(1750.,0.),(1750.,1550.),(0.,1550.)));
#1783=IFCINDEXEDPOLYCURVE(#1782,(IFCLINEINDEX((1,2,3,4,1))),$);
#1784=IFCCARTESIANPOINTLIST2D(((35.,35.),(1715.,35.),(1715.,1515.),(35.,1515.)));
#1785=IFCINDEXEDPOLYCURVE(#1784,(IFCLINEINDEX((1,2,3,4,1))),$);
#1786=IFCARBITRARYPROFILEDEFWITHVOIDS(.AREA.,$,#1783,(#1785));
#1787=IFCCARTESIANPOINT((25.,90.,25.));
#1788=IFCDIRECTION((0.,-1.,0.));
#1789=IFCDIRECTION((1.,0.,0.));
#1790=IFCAXIS2PLACEMENT3D(#1787,#1788,#1789);
#1791=IFCDIRECTION((0.,0.,-1.));
#1792=IFCEXTRUDEDAREASOLID(#1786,#1790,#1791,35.);
#1793=IFCINDEXEDPOLYCURVE(#1794,(IFCLINEINDEX((1,2,3,4,1))),$);
#1794=IFCCARTESIANPOINTLIST2D(((35.,35.),(1715.,35.),(1715.,1515.),(35.,1515.)));
#1795=IFCARBITRARYCLOSEDPROFILEDEF(.AREA.,$,#1793);
#1796=IFCCARTESIANPOINT((25.,102.5,25.));
#1797=IFCDIRECTION((0.,-1.,0.));
#1798=IFCDIRECTION((1.,0.,0.));
#1799=IFCAXIS2PLACEMENT3D(#1796,#1797,#1798);
#1800=IFCDIRECTION((0.,0.,-1.));
#1801=IFCEXTRUDEDAREASOLID(#1795,#1799,#1800,10.);
#1802=IFCSHAPEREPRESENTATION(#11,'Body','SweptSolid',(#1770,#1781,#1792,#1801));
#1803=IFCWINDOW('10WSvE6RDA_8t6H6uqRzbN',$,'Window W2 L0',$,$,#1814,#1804,$,1600.,1800.,.WINDOW.,$,$);
#1804=IFCPRODUCTDEFINITIONSHAPE($,$,(#1802));
#1810=IFCCARTESIANPOINT((162.74999999999906,8900.,900.));
#1811=IFCDIRECTION((0.,0.,1.));
#1812=IFCDIRECTION((-1.8369701987210297E-16,-1.,0.));
#1813=IFCAXIS2PLACEMENT3D(#1810,#1811,#1812);
#1814=IFCLOCALPLACEMENT(#34,#1813);
#1815=IFCMATERIALCONSTITUENTSET('Aluminium window',$,(#1816,#1817));
#1816=IFCMATERIALCONSTITUENT($,$,#1160,0.29999999999999999,$);
#1817=IFCMATERIALCONSTITUENT($,$,#1162,0.69999999999999996,$);
#1818=IFCRELASSOCIATESMATERIAL('2Fur5bJlf0TO5PsYItkzcu',$,$,$,(#1803),#1815);
#1819=IFCPROPERTYSET('0MGIJMrKz2xxqiGG_p5HLJ',$,'Pset_WindowCommon',$,(#1821,#1822,#1823));
#1820=IFCRELDEFINESBYPROPERTIES('1XXESpDqXDeh2u$50MnEme',$,$,$,(#1803),#1819);
#1821=IFCPROPERTYSINGLEVALUE('IsExternal',$,IFCBOOLEAN(.T.),$);
#1822=IFCPROPERTYSINGLEVALUE('ThermalTransmittance',$,IFCTHERMALTRANSMITTANCEMEASURE(0.80000000000000004),$);
#1823=IFCPROPERTYSINGLEVALUE('GlazingAreaFraction',$,IFCPOSITIVERATIOMEASURE(0.69999999999999996),$);
#1824=IFCRELFILLSELEMENT('0MraYk_YX0xfLez2R1rPCt',$,$,$,#1747,#1803);
#1825=IFCCARTESIANPOINTLIST2D(((0.,0.),(0.,565.),(1800.,565.),(1800.,0.),(0.,0.)));
#1826=IFCINDEXEDPOLYCURVE(#1825,$,.F.);
#1827=IFCDIRECTION((0.,0.,1.));
#1828=IFCARBITRARYCLOSEDPROFILEDEF(.AREA.,$,#1826);
#1829=IFCCARTESIANPOINT((0.,0.,0.));
#1830=IFCDIRECTION((0.,0.,1.));
#1831=IFCDIRECTION((1.,0.,0.));
#1832=IFCAXIS2PLACEMENT3D(#1829,#1830,#1831);
#1833=IFCEXTRUDEDAREASOLID(#1828,#1832,#1827,1600.);
#1834=IFCSHAPEREPRESENTATION(#11,'Body','SweptSolid',(#1833));
#1835=IFCOPENINGELEMENT('2CaWRiwRT3cB3N6YZ27Z3a',$,'Opening for Window W3 L0',$,$,#1847,#1836,$,$);
#1836=IFCPRODUCTDEFINITIONSHAPE($,$,(#1834));
#1842=IFCRELVOIDSELEMENT('2hRNLR2_r7eP3lHBVOwIre',$,$,$,#1635,#1835);
#1843=IFCCARTESIANPOINT((8099.9999999999991,-49.999999999999993,900.));
#1844=IFCDIRECTION((0.,0.,1.));
#1845=IFCDIRECTION((1.,0.,0.));
#1846=IFCAXIS2PLACEMENT3D(#1843,#1844,#1845);
#1847=IFCLOCALPLACEMENT(#1646,#1846);
#1848=IFCCARTESIANPOINTLIST2D(((0.,0.),(1800.,0.),(1800.,1600.),(0.,1600.)));
#1849=IFCINDEXEDPOLYCURVE(#1848,(IFCLINEINDEX((1,2,3,4,1))),$);
#1850=IFCCARTESIANPOINTLIST2D(((25.,25.),(1775.,25.),(1775.,1575.),(25.,1575.)));
#1851=IFCINDEXEDPOLYCURVE(#1850,(IFCLINEINDEX((1,2,3,4,1))),$);
#1852=IFCARBITRARYPROFILEDEFWITHVOIDS(.AREA.,$,#1849,(#1851));
#1853=IFCCARTESIANPOINT((0.,90.,0.));
#1854=IFCDIRECTION((0.,-1.,0.));
#1855=IFCDIRECTION((1.,0.,0.));
#1856=IFCAXIS2PLACEMENT3D(#1853,#1854,#1855);
#1857=IFCDIRECTION((0.,0.,-1.));
#1858=IFCEXTRUDEDAREASOLID(#1852,#1856,#1857,10.);
#1859=IFCCARTESIANPOINTLIST2D(((0.,0.),(1800.,0.),(1800.,1600.),(0.,1600.)));
#1860=IFCINDEXEDPOLYCURVE(#1859,(IFCLINEINDEX((1,2,3,4,1))),$);
#1861=IFCCARTESIANPOINTLIST2D(((50.,50.),(1750.,50.),(1750.,1550.),(50.,1550.)));
#1862=IFCINDEXEDPOLYCURVE(#1861,(IFCLINEINDEX((1,2,3,4,1))),$);
#1863=IFCARBITRARYPROFILEDEFWITHVOIDS(.AREA.,$,#1860,(#1862));
#1864=IFCCARTESIANPOINT((0.,50.,0.));
#1865=IFCDIRECTION((0.,-1.,0.));
#1866=IFCDIRECTION((1.,0.,0.));
#1867=IFCAXIS2PLACEMENT3D(#1864,#1865,#1866);
#1868=IFCDIRECTION((0.,0.,-1.));
#1869=IFCEXTRUDEDAREASOLID(#1863,#1867,#1868,40.);
#1870=IFCCARTESIANPOINTLIST2D(((0.,0.),(1750.,0.),(1750.,1550.),(0.,1550.)));
#1871=IFCINDEXEDPOLYCURVE(#1870,(IFCLINEINDEX((1,2,3,4,1))),$);
#1872=IFCCARTESIANPOINTLIST2D(((35.,35.),(1715.,35.),(1715.,1515.),(35.,1515.)));
#1873=IFCINDEXEDPOLYCURVE(#1872,(IFCLINEINDEX((1,2,3,4,1))),$);
#1874=IFCARBITRARYPROFILEDEFWITHVOIDS(.AREA.,$,#1871,(#1873));
#1875=IFCCARTESIANPOINT((25.,90.,25.));
#1876=IFCDIRECTION((0.,-1.,0.));
#1877=IFCDIRECTION((1.,0.,0.));
#1878=IFCAXIS2PLACEMENT3D(#1875,#1876,#1877);
#1879=IFCDIRECTION((0.,0.,-1.));
#1880=IFCEXTRUDEDAREASOLID(#1874,#1878,#1879,35.);
#1881=IFCINDEXEDPOLYCURVE(#1882,(IFCLINEINDEX((1,2,3,4,1))),$);
#1882=IFCCARTESIANPOINTLIST2D(((35.,35.),(1715.,35.),(1715.,1515.),(35.,1515.)));
#1883=IFCARBITRARYCLOSEDPROFILEDEF(.AREA.,$,#1881);
#1884=IFCCARTESIANPOINT((25.,102.5,25.));
#1885=IFCDIRECTION((0.,-1.,0.));
#1886=IFCDIRECTION((1.,0.,0.));
#1887=IFCAXIS2PLACEMENT3D(#1884,#1885,#1886);
#1888=IFCDIRECTION((0.,0.,-1.));
#1889=IFCEXTRUDEDAREASOLID(#1883,#1887,#1888,10.);
#1890=IFCSHAPEREPRESENTATION(#11,'Body','SweptSolid',(#1858,#1869,#1880,#1889));
#1891=IFCWINDOW('0yI_NpO_5DdBONdJx2YURu',$,'Window W3 L0',$,$,#1902,#1892,$,1600.,1800.,.WINDOW.,$,$);
#1892=IFCPRODUCTDEFINITIONSHAPE($,$,(#1890));
#1898=IFCCARTESIANPOINT((162.74999999999849,5900.,900.));
#1899=IFCDIRECTION((0.,0.,1.));
#1900=IFCDIRECTION((-1.8369701987210297E-16,-1.,0.));
#1901=IFCAXIS2PLACEMENT3D(#1898,#1899,#1900);
#1902=IFCLOCALPLACEMENT(#34,#1901);
#1903=IFCMATERIALCONSTITUENTSET('Aluminium window',$,(#1904,#1905));
#1904=IFCMATERIALCONSTITUENT($,$,#1160,0.29999999999999999,$);
#1905=IFCMATERIALCONSTITUENT($,$,#1162,0.69999999999999996,$);
#1906=IFCRELASSOCIATESMATERIAL('35_pszJjTErhHOP4tq3Gq5',$,$,$,(#1891),#1903);
#1907=IFCPROPERTYSET('3zFtdoQ7D6sBlsOMKHqNkY',$,'Pset_WindowCommon',$,(#1909,#1910,#1911));
#1908=IFCRELDEFINESBYPROPERTIES('1$HX8O0h5DjgKcJKUhLxsO',$,$,$,(#1891),#1907);
#1909=IFCPROPERTYSINGLEVALUE('IsExternal',$,IFCBOOLEAN(.T.),$);
#1910=IFCPROPERTYSINGLEVALUE('ThermalTransmittance',$,IFCTHERMALTRANSMITTANCEMEASURE(0.80000000000000004),$);
#1911=IFCPROPERTYSINGLEVALUE('GlazingAreaFraction',$,IFCPOSITIVERATIOMEASURE(0.69999999999999996),$);
#1912=IFCRELFILLSELEMENT('3hWN9sgjT3g8CLMwrzan36',$,$,$,#1835,#1891);
#1913=IFCCARTESIANPOINTLIST2D(((0.,0.),(0.,565.),(1800.,565.),(1800.,0.),(0.,0.)));
#1914=IFCINDEXEDPOLYCURVE(#1913,$,.F.);
#1915=IFCDIRECTION((0.,0.,1.));
#1916=IFCARBITRARYCLOSEDPROFILEDEF(.AREA.,$,#1914);
#1917=IFCCARTESIANPOINT((0.,0.,0.));
#1918=IFCDIRECTION((0.,0.,1.));
#1919=IFCDIRECTION((1.,0.,0.));
#1920=IFCAXIS2PLACEMENT3D(#1917,#1918,#1919);
#1921=IFCEXTRUDEDAREASOLID(#1916,#1920,#1915,1600.);
#1922=IFCSHAPEREPRESENTATION(#11,'Body','SweptSolid',(#1921));
#1923=IFCOPENINGELEMENT('2PHm2lrbjDMhGDPO_bW6xE',$,'Opening for Window W4 L0',$,$,#1935,#1924,$,$);
#1924=IFCPRODUCTDEFINITIONSHAPE($,$,(#1922));
#1930=IFCRELVOIDSELEMENT('0uywtvaP9Bd8yKsOoebd6u',$,$,$,#1635,#1923);
#1931=IFCCARTESIANPOINT((11100.,-50.,900.));
#1932=IFCDIRECTION((0.,0.,1.));
#1933=IFCDIRECTION((1.,0.,0.));
#1934=IFCAXIS2PLACEMENT3D(#1931,#1932,#1933);
#1935=IFCLOCALPLACEMENT(#1646,#1934);
#1936=IFCCARTESIANPOINTLIST2D(((0.,0.),(1800.,0.),(1800.,1600.),(0.,1600.)));
#1937=IFCINDEXEDPOLYCURVE(#1936,(IFCLINEINDEX((1,2,3,4,1))),$);
#1938=IFCCARTESIANPOINTLIST2D(((25.,25.),(1775.,25.),(1775.,1575.),(25.,1575.)));
#1939=IFCINDEXEDPOLYCURVE(#1938,(IFCLINEINDEX((1,2,3,4,1))),$);
#1940=IFCARBITRARYPROFILEDEFWITHVOIDS(.AREA.,$,#1937,(#1939));
#1941=IFCCARTESIANPOINT((0.,90.,0.));
#1942=IFCDIRECTION((0.,-1.,0.));
#1943=IFCDIRECTION((1.,0.,0.));
#1944=IFCAXIS2PLACEMENT3D(#1941,#1942,#1943);
#1945=IFCDIRECTION((0.,0.,-1.));
#1946=IFCEXTRUDEDAREASOLID(#1940,#1944,#1945,10.);
#1947=IFCCARTESIANPOINTLIST2D(((0.,0.),(1800.,0.),(1800.,1600.),(0.,1600.)));
#1948=IFCINDEXEDPOLYCURVE(#1947,(IFCLINEINDEX((1,2,3,4,1))),$);
#1949=IFCCARTESIANPOINTLIST2D(((50.,50.),(1750.,50.),(1750.,1550.),(50.,1550.)));
#1950=IFCINDEXEDPOLYCURVE(#1949,(IFCLINEINDEX((1,2,3,4,1))),$);
#1951=IFCARBITRARYPROFILEDEFWITHVOIDS(.AREA.,$,#1948,(#1950));
#1952=IFCCARTESIANPOINT((0.,50.,0.));
#1953=IFCDIRECTION((0.,-1.,0.));
#1954=IFCDIRECTION((1.,0.,0.));
#1955=IFCAXIS2PLACEMENT3D(#1952,#1953,#1954);
#1956=IFCDIRECTION((0.,0.,-1.));
#1957=IFCEXTRUDEDAREASOLID(#1951,#1955,#1956,40.);
#1958=IFCCARTESIANPOINTLIST2D(((0.,0.),(1750.,0.),(1750.,1550.),(0.,1550.)));
#1959=IFCINDEXEDPOLYCURVE(#1958,(IFCLINEINDEX((1,2,3,4,1))),$);
#1960=IFCCARTESIANPOINTLIST2D(((35.,35.),(1715.,35.),(1715.,1515.),(35.,1515.)));
#1961=IFCINDEXEDPOLYCURVE(#1960,(IFCLINEINDEX((1,2,3,4,1))),$);
#1962=IFCARBITRARYPROFILEDEFWITHVOIDS(.AREA.,$,#1959,(#1961));
#1963=IFCCARTESIANPOINT((25.,90.,25.));
#1964=IFCDIRECTION((0.,-1.,0.));
#1965=IFCDIRECTION((1.,0.,0.));
#1966=IFCAXIS2PLACEMENT3D(#1963,#1964,#1965);
#1967=IFCDIRECTION((0.,0.,-1.));
#1968=IFCEXTRUDEDAREASOLID(#1962,#1966,#1967,35.);
#1969=IFCINDEXEDPOLYCURVE(#1970,(IFCLINEINDEX((1,2,3,4,1))),$);
#1970=IFCCARTESIANPOINTLIST2D(((35.,35.),(1715.,35.),(1715.,1515.),(35.,1515.)));
#1971=IFCARBITRARYCLOSEDPROFILEDEF(.AREA.,$,#1969);
#1972=IFCCARTESIANPOINT((25.,102.5,25.));
#1973=IFCDIRECTION((0.,-1.,0.));
#1974=IFCDIRECTION((1.,0.,0.));
#1975=IFCAXIS2PLACEMENT3D(#1972,#1973,#1974);
#1976=IFCDIRECTION((0.,0.,-1.));
#1977=IFCEXTRUDEDAREASOLID(#1971,#1975,#1976,10.);
#1978=IFCSHAPEREPRESENTATION(#11,'Body','SweptSolid',(#1946,#1957,#1968,#1977));
#1979=IFCWINDOW('1vbubuk69ETgqC9ZHBZLen',$,'Window W4 L0',$,$,#1990,#1980,$,1600.,1800.,.WINDOW.,$,$);
#1980=IFCPRODUCTDEFINITIONSHAPE($,$,(#1978));
#1986=IFCCARTESIANPOINT((162.74999999999798,2900.0000000000005,900.));
#1987=IFCDIRECTION((0.,0.,1.));
#1988=IFCDIRECTION((-1.8369701987210297E-16,-1.,0.));
#1989=IFCAXIS2PLACEMENT3D(#1986,#1987,#1988);
#1990=IFCLOCALPLACEMENT(#34,#1989);
#1991=IFCMATERIALCONSTITUENTSET('Aluminium window',$,(#1992,#1993));
#1992=IFCMATERIALCONSTITUENT($,$,#1160,0.29999999999999999,$);
#1993=IFCMATERIALCONSTITUENT($,$,#1162,0.69999999999999996,$);
#1994=IFCRELASSOCIATESMATERIAL('1SfAZlYFn8Oey1JxzxWE_R',$,$,$,(#1979),#1991);
#1995=IFCPROPERTYSET('02L2THWVT8Cev$g$0ltlta',$,'Pset_WindowCommon',$,(#1997,#1998,#1999));
#1996=IFCRELDEFINESBYPROPERTIES('2eWErfAB12eO_x_cCn3v93',$,$,$,(#1979),#1995);
#1997=IFCPROPERTYSINGLEVALUE('IsExternal',$,IFCBOOLEAN(.T.),$);
#1998=IFCPROPERTYSINGLEVALUE('ThermalTransmittance',$,IFCTHERMALTRANSMITTANCEMEASURE(0.80000000000000004),$);
#1999=IFCPROPERTYSINGLEVALUE('GlazingAreaFraction',$,IFCPOSITIVERATIOMEASURE(0.69999999999999996),$);
#2000=IFCRELFILLSELEMENT('00dP6m94T7HQOs$PBdWehB',$,$,$,#1923,#1979);
#2001=IFCELEMENTQUANTITY('2BKaiYI5DDwAqEWypAGpi_',$,'Qto_WallBaseQuantities',$,'BaseQuantities',(#2003,#2004,#2005,#2006,#2007,#2008));
#2002=IFCRELDEFINESBYPROPERTIES('1pV$bEuxTD$90$4$CgVdYu',$,$,$,(#1635),#2001);
#2003=IFCQUANTITYLENGTH('Length',$,$,14000.,$);
#2004=IFCQUANTITYLENGTH('Height',$,$,3300.0000000000005,$);
#2005=IFCQUANTITYLENGTH('Width',$,$,465.,$);
#2006=IFCQUANTITYVOLUME('GrossVolume',$,$,21.483000000000004,$);
#2007=IFCQUANTITYVOLUME('NetVolume',$,$,16.126200000000001,$);
#2008=IFCQUANTITYAREA('NetSideArea',$,$,34.68,$);
#2009=IFCPROPERTYSET('1cUP$IaOb2Rh0Vj6HzW1hJ',$,'Pset_WallCommon',$,(#2011,#2012,#2013,#2014));
#2010=IFCRELDEFINESBYPROPERTIES('04$NBFM4128xJ6F7qwuRQF',$,$,$,(#1635),#2009);
#2011=IFCPROPERTYSINGLEVALUE('IsExternal',$,IFCBOOLEAN(.T.),$);
#2012=IFCPROPERTYSINGLEVALUE('LoadBearing',$,IFCBOOLEAN(.T.),$);
#2013=IFCPROPERTYSINGLEVALUE('FireRating',$,IFCLABEL('REI 60'),$);
#2014=IFCPROPERTYSINGLEVALUE('ThermalTransmittance',$,IFCTHERMALTRANSMITTANCEMEASURE(0.20999999999999999),$);
#2015=IFCCARTESIANPOINTLIST2D(((0.,0.),(0.,465.),(14000.,465.),(14000.,0.),(0.,0.)));
#2016=IFCINDEXEDPOLYCURVE(#2015,$,.F.);
#2017=IFCDIRECTION((0.,0.,1.));
#2018=IFCARBITRARYCLOSEDPROFILEDEF(.AREA.,$,#2016);
#2019=IFCCARTESIANPOINT((0.,0.,0.));
#2020=IFCDIRECTION((0.,0.,1.));
#2021=IFCDIRECTION((1.,0.,0.));
#2022=IFCAXIS2PLACEMENT3D(#2019,#2020,#2021);
#2023=IFCEXTRUDEDAREASOLID(#2018,#2022,#2017,3300.);
#2024=IFCSHAPEREPRESENTATION(#11,'Body','SweptSolid',(#2023));
#2025=IFCWALL('3Oy2$nZFv0dh61JZuD79iM',$,'East wall L0',$,$,#2036,#2026,$,$);
#2026=IFCPRODUCTDEFINITIONSHAPE($,$,(#2024));
#2032=IFCCARTESIANPOINT((24000.,0.,0.));
#2033=IFCDIRECTION((0.,0.,1.));
#2034=IFCDIRECTION((6.123233995736766E-17,1.,0.));
#2035=IFCAXIS2PLACEMENT3D(#2032,#2033,#2034);
#2036=IFCLOCALPLACEMENT(#34,#2035);
#2037=IFCMATERIALLAYERSETUSAGE(#952,.AXIS2.,.POSITIVE.,0.,$);
#2038=IFCRELASSOCIATESMATERIAL('3JaZNMh39AGfvfmWAFiveL',$,$,$,(#2025),#2037);
#2039=IFCCARTESIANPOINTLIST2D(((0.,0.),(0.,565.),(1800.,565.),(1800.,0.),(0.,0.)));
#2040=IFCINDEXEDPOLYCURVE(#2039,$,.F.);
#2041=IFCDIRECTION((0.,0.,1.));
#2042=IFCARBITRARYCLOSEDPROFILEDEF(.AREA.,$,#2040);
#2043=IFCCARTESIANPOINT((0.,0.,0.));
#2044=IFCDIRECTION((0.,0.,1.));
#2045=IFCDIRECTION((1.,0.,0.));
#2046=IFCAXIS2PLACEMENT3D(#2043,#2044,#2045);
#2047=IFCEXTRUDEDAREASOLID(#2042,#2046,#2041,1600.);
#2048=IFCSHAPEREPRESENTATION(#11,'Body','SweptSolid',(#2047));
#2049=IFCOPENINGELEMENT('2X0o5Wiv1FqfwOvon5S$RY',$,'Opening for Window E1 L0',$,$,#2061,#2050,$,$);
#2050=IFCPRODUCTDEFINITIONSHAPE($,$,(#2048));
#2056=IFCRELVOIDSELEMENT('2KdKczjFz6p8WQLn687L3F',$,$,$,#2025,#2049);
#2057=IFCCARTESIANPOINT((2100.,-50.000000000000711,900.));
#2058=IFCDIRECTION((0.,0.,1.));
#2059=IFCDIRECTION((1.,0.,0.));
#2060=IFCAXIS2PLACEMENT3D(#2057,#2058,#2059);
#2061=IFCLOCALPLACEMENT(#2036,#2060);
#2062=IFCCARTESIANPOINTLIST2D(((0.,0.),(1800.,0.),(1800.,1600.),(0.,1600.)));
#2063=IFCINDEXEDPOLYCURVE(#2062,(IFCLINEINDEX((1,2,3,4,1))),$);
#2064=IFCCARTESIANPOINTLIST2D(((25.,25.),(1775.,25.),(1775.,1575.),(25.,1575.)));
#2065=IFCINDEXEDPOLYCURVE(#2064,(IFCLINEINDEX((1,2,3,4,1))),$);
#2066=IFCARBITRARYPROFILEDEFWITHVOIDS(.AREA.,$,#2063,(#2065));
#2067=IFCCARTESIANPOINT((0.,90.,0.));
#2068=IFCDIRECTION((0.,-1.,0.));
#2069=IFCDIRECTION((1.,0.,0.));
#2070=IFCAXIS2PLACEMENT3D(#2067,#2068,#2069);
#2071=IFCDIRECTION((0.,0.,-1.));
#2072=IFCEXTRUDEDAREASOLID(#2066,#2070,#2071,10.);
#2073=IFCCARTESIANPOINTLIST2D(((0.,0.),(1800.,0.),(1800.,1600.),(0.,1600.)));
#2074=IFCINDEXEDPOLYCURVE(#2073,(IFCLINEINDEX((1,2,3,4,1))),$);
#2075=IFCCARTESIANPOINTLIST2D(((50.,50.),(1750.,50.),(1750.,1550.),(50.,1550.)));
#2076=IFCINDEXEDPOLYCURVE(#2075,(IFCLINEINDEX((1,2,3,4,1))),$);
#2077=IFCARBITRARYPROFILEDEFWITHVOIDS(.AREA.,$,#2074,(#2076));
#2078=IFCCARTESIANPOINT((0.,50.,0.));
#2079=IFCDIRECTION((0.,-1.,0.));
#2080=IFCDIRECTION((1.,0.,0.));
#2081=IFCAXIS2PLACEMENT3D(#2078,#2079,#2080);
#2082=IFCDIRECTION((0.,0.,-1.));
#2083=IFCEXTRUDEDAREASOLID(#2077,#2081,#2082,40.);
#2084=IFCCARTESIANPOINTLIST2D(((0.,0.),(1750.,0.),(1750.,1550.),(0.,1550.)));
#2085=IFCINDEXEDPOLYCURVE(#2084,(IFCLINEINDEX((1,2,3,4,1))),$);
#2086=IFCCARTESIANPOINTLIST2D(((35.,35.),(1715.,35.),(1715.,1515.),(35.,1515.)));
#2087=IFCINDEXEDPOLYCURVE(#2086,(IFCLINEINDEX((1,2,3,4,1))),$);
#2088=IFCARBITRARYPROFILEDEFWITHVOIDS(.AREA.,$,#2085,(#2087));
#2089=IFCCARTESIANPOINT((25.,90.,25.));
#2090=IFCDIRECTION((0.,-1.,0.));
#2091=IFCDIRECTION((1.,0.,0.));
#2092=IFCAXIS2PLACEMENT3D(#2089,#2090,#2091);
#2093=IFCDIRECTION((0.,0.,-1.));
#2094=IFCEXTRUDEDAREASOLID(#2088,#2092,#2093,35.);
#2095=IFCINDEXEDPOLYCURVE(#2096,(IFCLINEINDEX((1,2,3,4,1))),$);
#2096=IFCCARTESIANPOINTLIST2D(((35.,35.),(1715.,35.),(1715.,1515.),(35.,1515.)));
#2097=IFCARBITRARYCLOSEDPROFILEDEF(.AREA.,$,#2095);
#2098=IFCCARTESIANPOINT((25.,102.5,25.));
#2099=IFCDIRECTION((0.,-1.,0.));
#2100=IFCDIRECTION((1.,0.,0.));
#2101=IFCAXIS2PLACEMENT3D(#2098,#2099,#2100);
#2102=IFCDIRECTION((0.,0.,-1.));
#2103=IFCEXTRUDEDAREASOLID(#2097,#2101,#2102,10.);
#2104=IFCSHAPEREPRESENTATION(#11,'Body','SweptSolid',(#2072,#2083,#2094,#2103));
#2105=IFCWINDOW('1dKtO8Qin1wgfwhvkAadUp',$,'Window E1 L0',$,$,#2116,#2106,$,1600.,1800.,.WINDOW.,$,$);
#2106=IFCPRODUCTDEFINITIONSHAPE($,$,(#2104));
#2112=IFCCARTESIANPOINT((23837.25,2100.,900.));
#2113=IFCDIRECTION((0.,0.,1.));
#2114=IFCDIRECTION((6.123233995736766E-17,1.,0.));
#2115=IFCAXIS2PLACEMENT3D(#2112,#2113,#2114);
#2116=IFCLOCALPLACEMENT(#34,#2115);
#2117=IFCMATERIALCONSTITUENTSET('Aluminium window',$,(#2118,#2119));
#2118=IFCMATERIALCONSTITUENT($,$,#1160,0.29999999999999999,$);
#2119=IFCMATERIALCONSTITUENT($,$,#1162,0.69999999999999996,$);
#2120=IFCRELASSOCIATESMATERIAL('0x60rh2anAGRdv4Jw7jbxW',$,$,$,(#2105),#2117);
#2121=IFCPROPERTYSET('1wMHql0XbBlwOM0DDnRN74',$,'Pset_WindowCommon',$,(#2123,#2124,#2125));
#2122=IFCRELDEFINESBYPROPERTIES('2mO5onb9TCWeaZ2JwWUaQB',$,$,$,(#2105),#2121);
#2123=IFCPROPERTYSINGLEVALUE('IsExternal',$,IFCBOOLEAN(.T.),$);
#2124=IFCPROPERTYSINGLEVALUE('ThermalTransmittance',$,IFCTHERMALTRANSMITTANCEMEASURE(0.80000000000000004),$);
#2125=IFCPROPERTYSINGLEVALUE('GlazingAreaFraction',$,IFCPOSITIVERATIOMEASURE(0.69999999999999996),$);
#2126=IFCRELFILLSELEMENT('08SOBD7CD7xBNudapOlBw7',$,$,$,#2049,#2105);
#2127=IFCCARTESIANPOINTLIST2D(((0.,0.),(0.,565.),(1800.,565.),(1800.,0.),(0.,0.)));
#2128=IFCINDEXEDPOLYCURVE(#2127,$,.F.);
#2129=IFCDIRECTION((0.,0.,1.));
#2130=IFCARBITRARYCLOSEDPROFILEDEF(.AREA.,$,#2128);
#2131=IFCCARTESIANPOINT((0.,0.,0.));
#2132=IFCDIRECTION((0.,0.,1.));
#2133=IFCDIRECTION((1.,0.,0.));
#2134=IFCAXIS2PLACEMENT3D(#2131,#2132,#2133);
#2135=IFCEXTRUDEDAREASOLID(#2130,#2134,#2129,1600.);
#2136=IFCSHAPEREPRESENTATION(#11,'Body','SweptSolid',(#2135));
#2137=IFCOPENINGELEMENT('1evrSR0Pb5VB9pP72UxCRS',$,'Opening for Window E2 L0',$,$,#2149,#2138,$,$);
#2138=IFCPRODUCTDEFINITIONSHAPE($,$,(#2136));
#2144=IFCRELVOIDSELEMENT('29E4gg2_z9MRMq5wXJrE0l',$,$,$,#2025,#2137);
#2145=IFCCARTESIANPOINT((5099.9999999999991,-50.000000000000711,900.));
#2146=IFCDIRECTION((0.,0.,1.));
#2147=IFCDIRECTION((1.,0.,0.));
#2148=IFCAXIS2PLACEMENT3D(#2145,#2146,#2147);
#2149=IFCLOCALPLACEMENT(#2036,#2148);
#2150=IFCCARTESIANPOINTLIST2D(((0.,0.),(1800.,0.),(1800.,1600.),(0.,1600.)));
#2151=IFCINDEXEDPOLYCURVE(#2150,(IFCLINEINDEX((1,2,3,4,1))),$);
#2152=IFCCARTESIANPOINTLIST2D(((25.,25.),(1775.,25.),(1775.,1575.),(25.,1575.)));
#2153=IFCINDEXEDPOLYCURVE(#2152,(IFCLINEINDEX((1,2,3,4,1))),$);
#2154=IFCARBITRARYPROFILEDEFWITHVOIDS(.AREA.,$,#2151,(#2153));
#2155=IFCCARTESIANPOINT((0.,90.,0.));
#2156=IFCDIRECTION((0.,-1.,0.));
#2157=IFCDIRECTION((1.,0.,0.));
#2158=IFCAXIS2PLACEMENT3D(#2155,#2156,#2157);
#2159=IFCDIRECTION((0.,0.,-1.));
#2160=IFCEXTRUDEDAREASOLID(#2154,#2158,#2159,10.);
#2161=IFCCARTESIANPOINTLIST2D(((0.,0.),(1800.,0.),(1800.,1600.),(0.,1600.)));
#2162=IFCINDEXEDPOLYCURVE(#2161,(IFCLINEINDEX((1,2,3,4,1))),$);
#2163=IFCCARTESIANPOINTLIST2D(((50.,50.),(1750.,50.),(1750.,1550.),(50.,1550.)));
#2164=IFCINDEXEDPOLYCURVE(#2163,(IFCLINEINDEX((1,2,3,4,1))),$);
#2165=IFCARBITRARYPROFILEDEFWITHVOIDS(.AREA.,$,#2162,(#2164));
#2166=IFCCARTESIANPOINT((0.,50.,0.));
#2167=IFCDIRECTION((0.,-1.,0.));
#2168=IFCDIRECTION((1.,0.,0.));
#2169=IFCAXIS2PLACEMENT3D(#2166,#2167,#2168);
#2170=IFCDIRECTION((0.,0.,-1.));
#2171=IFCEXTRUDEDAREASOLID(#2165,#2169,#2170,40.);
#2172=IFCCARTESIANPOINTLIST2D(((0.,0.),(1750.,0.),(1750.,1550.),(0.,1550.)));
#2173=IFCINDEXEDPOLYCURVE(#2172,(IFCLINEINDEX((1,2,3,4,1))),$);
#2174=IFCCARTESIANPOINTLIST2D(((35.,35.),(1715.,35.),(1715.,1515.),(35.,1515.)));
#2175=IFCINDEXEDPOLYCURVE(#2174,(IFCLINEINDEX((1,2,3,4,1))),$);
#2176=IFCARBITRARYPROFILEDEFWITHVOIDS(.AREA.,$,#2173,(#2175));
#2177=IFCCARTESIANPOINT((25.,90.,25.));
#2178=IFCDIRECTION((0.,-1.,0.));
#2179=IFCDIRECTION((1.,0.,0.));
#2180=IFCAXIS2PLACEMENT3D(#2177,#2178,#2179);
#2181=IFCDIRECTION((0.,0.,-1.));
#2182=IFCEXTRUDEDAREASOLID(#2176,#2180,#2181,35.);
#2183=IFCINDEXEDPOLYCURVE(#2184,(IFCLINEINDEX((1,2,3,4,1))),$);
#2184=IFCCARTESIANPOINTLIST2D(((35.,35.),(1715.,35.),(1715.,1515.),(35.,1515.)));
#2185=IFCARBITRARYCLOSEDPROFILEDEF(.AREA.,$,#2183);
#2186=IFCCARTESIANPOINT((25.,102.5,25.));
#2187=IFCDIRECTION((0.,-1.,0.));
#2188=IFCDIRECTION((1.,0.,0.));
#2189=IFCAXIS2PLACEMENT3D(#2186,#2187,#2188);
#2190=IFCDIRECTION((0.,0.,-1.));
#2191=IFCEXTRUDEDAREASOLID(#2185,#2189,#2190,10.);
#2192=IFCSHAPEREPRESENTATION(#11,'Body','SweptSolid',(#2160,#2171,#2182,#2191));
#2193=IFCWINDOW('2dzaj8Lxr2BwDWVvUilwEj',$,'Window E2 L0',$,$,#2204,#2194,$,1600.,1800.,.WINDOW.,$,$);
#2194=IFCPRODUCTDEFINITIONSHAPE($,$,(#2192));
#2200=IFCCARTESIANPOINT((23837.25,5099.9999999999991,900.));
#2201=IFCDIRECTION((0.,0.,1.));
#2202=IFCDIRECTION((6.123233995736766E-17,1.,0.));
#2203=IFCAXIS2PLACEMENT3D(#2200,#2201,#2202);
#2204=IFCLOCALPLACEMENT(#34,#2203);
#2205=IFCMATERIALCONSTITUENTSET('Aluminium window',$,(#2206,#2207));
#2206=IFCMATERIALCONSTITUENT($,$,#1160,0.29999999999999999,$);
#2207=IFCMATERIALCONSTITUENT($,$,#1162,0.69999999999999996,$);
#2208=IFCRELASSOCIATESMATERIAL('1AOITaQh9AFv4pNOSzckGy',$,$,$,(#2193),#2205);
#2209=IFCPROPERTYSET('3jw0nxxKn9RQRMmHqd9cIe',$,'Pset_WindowCommon',$,(#2211,#2212,#2213));
#2210=IFCRELDEFINESBYPROPERTIES('2dTh$UHa99CBeK6AETrIGw',$,$,$,(#2193),#2209);
#2211=IFCPROPERTYSINGLEVALUE('IsExternal',$,IFCBOOLEAN(.T.),$);
#2212=IFCPROPERTYSINGLEVALUE('ThermalTransmittance',$,IFCTHERMALTRANSMITTANCEMEASURE(0.80000000000000004),$);
#2213=IFCPROPERTYSINGLEVALUE('GlazingAreaFraction',$,IFCPOSITIVERATIOMEASURE(0.69999999999999996),$);
#2214=IFCRELFILLSELEMENT('1uw8RW0yP2F8Q7taKySPuK',$,$,$,#2137,#2193);
#2215=IFCCARTESIANPOINTLIST2D(((0.,0.),(0.,565.),(1800.,565.),(1800.,0.),(0.,0.)));
#2216=IFCINDEXEDPOLYCURVE(#2215,$,.F.);
#2217=IFCDIRECTION((0.,0.,1.));
#2218=IFCARBITRARYCLOSEDPROFILEDEF(.AREA.,$,#2216);
#2219=IFCCARTESIANPOINT((0.,0.,0.));
#2220=IFCDIRECTION((0.,0.,1.));
#2221=IFCDIRECTION((1.,0.,0.));
#2222=IFCAXIS2PLACEMENT3D(#2219,#2220,#2221);
#2223=IFCEXTRUDEDAREASOLID(#2218,#2222,#2217,1600.);
#2224=IFCSHAPEREPRESENTATION(#11,'Body','SweptSolid',(#2223));
#2225=IFCOPENINGELEMENT('0a607uhE5Fke8PnOxLeH3Q',$,'Opening for Window E3 L0',$,$,#2237,#2226,$,$);
#2226=IFCPRODUCTDEFINITIONSHAPE($,$,(#2224));
#2232=IFCRELVOIDSELEMENT('1NiG0bvRL70Ri2xRiNU$NC',$,$,$,#2025,#2225);
#2233=IFCCARTESIANPOINT((8099.9999999999991,-50.000000000000711,900.));
#2234=IFCDIRECTION((0.,0.,1.));
#2235=IFCDIRECTION((1.,0.,0.));
#2236=IFCAXIS2PLACEMENT3D(#2233,#2234,#2235);
#2237=IFCLOCALPLACEMENT(#2036,#2236);
#2238=IFCCARTESIANPOINTLIST2D(((0.,0.),(1800.,0.),(1800.,1600.),(0.,1600.)));
#2239=IFCINDEXEDPOLYCURVE(#2238,(IFCLINEINDEX((1,2,3,4,1))),$);
#2240=IFCCARTESIANPOINTLIST2D(((25.,25.),(1775.,25.),(1775.,1575.),(25.,1575.)));
#2241=IFCINDEXEDPOLYCURVE(#2240,(IFCLINEINDEX((1,2,3,4,1))),$);
#2242=IFCARBITRARYPROFILEDEFWITHVOIDS(.AREA.,$,#2239,(#2241));
#2243=IFCCARTESIANPOINT((0.,90.,0.));
#2244=IFCDIRECTION((0.,-1.,0.));
#2245=IFCDIRECTION((1.,0.,0.));
#2246=IFCAXIS2PLACEMENT3D(#2243,#2244,#2245);
#2247=IFCDIRECTION((0.,0.,-1.));
#2248=IFCEXTRUDEDAREASOLID(#2242,#2246,#2247,10.);
#2249=IFCCARTESIANPOINTLIST2D(((0.,0.),(1800.,0.),(1800.,1600.),(0.,1600.)));
#2250=IFCINDEXEDPOLYCURVE(#2249,(IFCLINEINDEX((1,2,3,4,1))),$);
#2251=IFCCARTESIANPOINTLIST2D(((50.,50.),(1750.,50.),(1750.,1550.),(50.,1550.)));
#2252=IFCINDEXEDPOLYCURVE(#2251,(IFCLINEINDEX((1,2,3,4,1))),$);
#2253=IFCARBITRARYPROFILEDEFWITHVOIDS(.AREA.,$,#2250,(#2252));
#2254=IFCCARTESIANPOINT((0.,50.,0.));
#2255=IFCDIRECTION((0.,-1.,0.));
#2256=IFCDIRECTION((1.,0.,0.));
#2257=IFCAXIS2PLACEMENT3D(#2254,#2255,#2256);
#2258=IFCDIRECTION((0.,0.,-1.));
#2259=IFCEXTRUDEDAREASOLID(#2253,#2257,#2258,40.);
#2260=IFCCARTESIANPOINTLIST2D(((0.,0.),(1750.,0.),(1750.,1550.),(0.,1550.)));
#2261=IFCINDEXEDPOLYCURVE(#2260,(IFCLINEINDEX((1,2,3,4,1))),$);
#2262=IFCCARTESIANPOINTLIST2D(((35.,35.),(1715.,35.),(1715.,1515.),(35.,1515.)));
#2263=IFCINDEXEDPOLYCURVE(#2262,(IFCLINEINDEX((1,2,3,4,1))),$);
#2264=IFCARBITRARYPROFILEDEFWITHVOIDS(.AREA.,$,#2261,(#2263));
#2265=IFCCARTESIANPOINT((25.,90.,25.));
#2266=IFCDIRECTION((0.,-1.,0.));
#2267=IFCDIRECTION((1.,0.,0.));
#2268=IFCAXIS2PLACEMENT3D(#2265,#2266,#2267);
#2269=IFCDIRECTION((0.,0.,-1.));
#2270=IFCEXTRUDEDAREASOLID(#2264,#2268,#2269,35.);
#2271=IFCINDEXEDPOLYCURVE(#2272,(IFCLINEINDEX((1,2,3,4,1))),$);
#2272=IFCCARTESIANPOINTLIST2D(((35.,35.),(1715.,35.),(1715.,1515.),(35.,1515.)));
#2273=IFCARBITRARYCLOSEDPROFILEDEF(.AREA.,$,#2271);
#2274=IFCCARTESIANPOINT((25.,102.5,25.));
#2275=IFCDIRECTION((0.,-1.,0.));
#2276=IFCDIRECTION((1.,0.,0.));
#2277=IFCAXIS2PLACEMENT3D(#2274,#2275,#2276);
#2278=IFCDIRECTION((0.,0.,-1.));
#2279=IFCEXTRUDEDAREASOLID(#2273,#2277,#2278,10.);
#2280=IFCSHAPEREPRESENTATION(#11,'Body','SweptSolid',(#2248,#2259,#2270,#2279));
#2281=IFCWINDOW('06jBkfP5D33Q57M5$IgNbH',$,'Window E3 L0',$,$,#2292,#2282,$,1600.,1800.,.WINDOW.,$,$);
#2282=IFCPRODUCTDEFINITIONSHAPE($,$,(#2280));
#2288=IFCCARTESIANPOINT((23837.25,8099.9999999999991,900.));
#2289=IFCDIRECTION((0.,0.,1.));
#2290=IFCDIRECTION((6.123233995736766E-17,1.,0.));
#2291=IFCAXIS2PLACEMENT3D(#2288,#2289,#2290);
#2292=IFCLOCALPLACEMENT(#34,#2291);
#2293=IFCMATERIALCONSTITUENTSET('Aluminium window',$,(#2294,#2295));
#2294=IFCMATERIALCONSTITUENT($,$,#1160,0.29999999999999999,$);
#2295=IFCMATERIALCONSTITUENT($,$,#1162,0.69999999999999996,$);
#2296=IFCRELASSOCIATESMATERIAL('10x3lD0h53MP2b2ZEajl09',$,$,$,(#2281),#2293);
#2297=IFCPROPERTYSET('0Z8VMJxhPARBkqu$hbCE0I',$,'Pset_WindowCommon',$,(#2299,#2300,#2301));
#2298=IFCRELDEFINESBYPROPERTIES('3f5zk$6z54zxnGraSDlkJj',$,$,$,(#2281),#2297);
#2299=IFCPROPERTYSINGLEVALUE('IsExternal',$,IFCBOOLEAN(.T.),$);
#2300=IFCPROPERTYSINGLEVALUE('ThermalTransmittance',$,IFCTHERMALTRANSMITTANCEMEASURE(0.80000000000000004),$);
#2301=IFCPROPERTYSINGLEVALUE('GlazingAreaFraction',$,IFCPOSITIVERATIOMEASURE(0.69999999999999996),$);
#2302=IFCRELFILLSELEMENT('0T71Zg3t15I8HvliEbTHFt',$,$,$,#2225,#2281);
#2303=IFCCARTESIANPOINTLIST2D(((0.,0.),(0.,565.),(1800.,565.),(1800.,0.),(0.,0.)));
#2304=IFCINDEXEDPOLYCURVE(#2303,$,.F.);
#2305=IFCDIRECTION((0.,0.,1.));
#2306=IFCARBITRARYCLOSEDPROFILEDEF(.AREA.,$,#2304);
#2307=IFCCARTESIANPOINT((0.,0.,0.));
#2308=IFCDIRECTION((0.,0.,1.));
#2309=IFCDIRECTION((1.,0.,0.));
#2310=IFCAXIS2PLACEMENT3D(#2307,#2308,#2309);
#2311=IFCEXTRUDEDAREASOLID(#2306,#2310,#2305,1600.);
#2312=IFCSHAPEREPRESENTATION(#11,'Body','SweptSolid',(#2311));
#2313=IFCOPENINGELEMENT('2U1KofA7DBlQz3GRjMBREs',$,'Opening for Window E4 L0',$,$,#2325,#2314,$,$);
#2314=IFCPRODUCTDEFINITIONSHAPE($,$,(#2312));
#2320=IFCRELVOIDSELEMENT('1ykF7yASL529YP7jzAV9u1',$,$,$,#2025,#2313);
#2321=IFCCARTESIANPOINT((11100.,-50.000000000000711,900.));
#2322=IFCDIRECTION((0.,0.,1.));
#2323=IFCDIRECTION((1.,0.,0.));
#2324=IFCAXIS2PLACEMENT3D(#2321,#2322,#2323);
#2325=IFCLOCALPLACEMENT(#2036,#2324);
#2326=IFCCARTESIANPOINTLIST2D(((0.,0.),(1800.,0.),(1800.,1600.),(0.,1600.)));
#2327=IFCINDEXEDPOLYCURVE(#2326,(IFCLINEINDEX((1,2,3,4,1))),$);
#2328=IFCCARTESIANPOINTLIST2D(((25.,25.),(1775.,25.),(1775.,1575.),(25.,1575.)));
#2329=IFCINDEXEDPOLYCURVE(#2328,(IFCLINEINDEX((1,2,3,4,1))),$);
#2330=IFCARBITRARYPROFILEDEFWITHVOIDS(.AREA.,$,#2327,(#2329));
#2331=IFCCARTESIANPOINT((0.,90.,0.));
#2332=IFCDIRECTION((0.,-1.,0.));
#2333=IFCDIRECTION((1.,0.,0.));
#2334=IFCAXIS2PLACEMENT3D(#2331,#2332,#2333);
#2335=IFCDIRECTION((0.,0.,-1.));
#2336=IFCEXTRUDEDAREASOLID(#2330,#2334,#2335,10.);
#2337=IFCCARTESIANPOINTLIST2D(((0.,0.),(1800.,0.),(1800.,1600.),(0.,1600.)));
#2338=IFCINDEXEDPOLYCURVE(#2337,(IFCLINEINDEX((1,2,3,4,1))),$);
#2339=IFCCARTESIANPOINTLIST2D(((50.,50.),(1750.,50.),(1750.,1550.),(50.,1550.)));
#2340=IFCINDEXEDPOLYCURVE(#2339,(IFCLINEINDEX((1,2,3,4,1))),$);
#2341=IFCARBITRARYPROFILEDEFWITHVOIDS(.AREA.,$,#2338,(#2340));
#2342=IFCCARTESIANPOINT((0.,50.,0.));
#2343=IFCDIRECTION((0.,-1.,0.));
#2344=IFCDIRECTION((1.,0.,0.));
#2345=IFCAXIS2PLACEMENT3D(#2342,#2343,#2344);
#2346=IFCDIRECTION((0.,0.,-1.));
#2347=IFCEXTRUDEDAREASOLID(#2341,#2345,#2346,40.);
#2348=IFCCARTESIANPOINTLIST2D(((0.,0.),(1750.,0.),(1750.,1550.),(0.,1550.)));
#2349=IFCINDEXEDPOLYCURVE(#2348,(IFCLINEINDEX((1,2,3,4,1))),$);
#2350=IFCCARTESIANPOINTLIST2D(((35.,35.),(1715.,35.),(1715.,1515.),(35.,1515.)));
#2351=IFCINDEXEDPOLYCURVE(#2350,(IFCLINEINDEX((1,2,3,4,1))),$);
#2352=IFCARBITRARYPROFILEDEFWITHVOIDS(.AREA.,$,#2349,(#2351));
#2353=IFCCARTESIANPOINT((25.,90.,25.));
#2354=IFCDIRECTION((0.,-1.,0.));
#2355=IFCDIRECTION((1.,0.,0.));
#2356=IFCAXIS2PLACEMENT3D(#2353,#2354,#2355);
#2357=IFCDIRECTION((0.,0.,-1.));
#2358=IFCEXTRUDEDAREASOLID(#2352,#2356,#2357,35.);
#2359=IFCINDEXEDPOLYCURVE(#2360,(IFCLINEINDEX((1,2,3,4,1))),$);
#2360=IFCCARTESIANPOINTLIST2D(((35.,35.),(1715.,35.),(1715.,1515.),(35.,1515.)));
#2361=IFCARBITRARYCLOSEDPROFILEDEF(.AREA.,$,#2359);
#2362=IFCCARTESIANPOINT((25.,102.5,25.));
#2363=IFCDIRECTION((0.,-1.,0.));
#2364=IFCDIRECTION((1.,0.,0.));
#2365=IFCAXIS2PLACEMENT3D(#2362,#2363,#2364);
#2366=IFCDIRECTION((0.,0.,-1.));
#2367=IFCEXTRUDEDAREASOLID(#2361,#2365,#2366,10.);
#2368=IFCSHAPEREPRESENTATION(#11,'Body','SweptSolid',(#2336,#2347,#2358,#2367));
#2369=IFCWINDOW('1i50ar8XDA$gOQYhxZcbrq',$,'Window E4 L0',$,$,#2380,#2370,$,1600.,1800.,.WINDOW.,$,$);
#2370=IFCPRODUCTDEFINITIONSHAPE($,$,(#2368));
#2376=IFCCARTESIANPOINT((23837.25,11100.,900.));
#2377=IFCDIRECTION((0.,0.,1.));
#2378=IFCDIRECTION((6.123233995736766E-17,1.,0.));
#2379=IFCAXIS2PLACEMENT3D(#2376,#2377,#2378);
#2380=IFCLOCALPLACEMENT(#34,#2379);
#2381=IFCMATERIALCONSTITUENTSET('Aluminium window',$,(#2382,#2383));
#2382=IFCMATERIALCONSTITUENT($,$,#1160,0.29999999999999999,$);
#2383=IFCMATERIALCONSTITUENT($,$,#1162,0.69999999999999996,$);
#2384=IFCRELASSOCIATESMATERIAL('1tVp7Qk993pvPfZ12Cpakc',$,$,$,(#2369),#2381);
#2385=IFCPROPERTYSET('0MbO4jZav9EAej0GhTw9Z3',$,'Pset_WindowCommon',$,(#2387,#2388,#2389));
#2386=IFCRELDEFINESBYPROPERTIES('0XHpaYQg12u8q6QZ0_UASF',$,$,$,(#2369),#2385);
#2387=IFCPROPERTYSINGLEVALUE('IsExternal',$,IFCBOOLEAN(.T.),$);
#2388=IFCPROPERTYSINGLEVALUE('ThermalTransmittance',$,IFCTHERMALTRANSMITTANCEMEASURE(0.80000000000000004),$);
#2389=IFCPROPERTYSINGLEVALUE('GlazingAreaFraction',$,IFCPOSITIVERATIOMEASURE(0.69999999999999996),$);
#2390=IFCRELFILLSELEMENT('1fKFgE6Y53AOdRT7nuQ1CK',$,$,$,#2313,#2369);
#2391=IFCELEMENTQUANTITY('0u6gw4PvfA2uv8IHqJuphw',$,'Qto_WallBaseQuantities',$,'BaseQuantities',(#2393,#2394,#2395,#2396,#2397,#2398));
#2392=IFCRELDEFINESBYPROPERTIES('3dJQbbzDb9ZgOlAURgmYqL',$,$,$,(#2025),#2391);
#2393=IFCQUANTITYLENGTH('Length',$,$,14000.,$);
#2394=IFCQUANTITYLENGTH('Height',$,$,3300.0000000000005,$);
#2395=IFCQUANTITYLENGTH('Width',$,$,465.,$);
#2396=IFCQUANTITYVOLUME('GrossVolume',$,$,21.483000000000004,$);
#2397=IFCQUANTITYVOLUME('NetVolume',$,$,16.126200000000001,$);
#2398=IFCQUANTITYAREA('NetSideArea',$,$,34.68,$);
#2399=IFCPROPERTYSET('2uPOWbaFT7BfNbD5ggX$Pv',$,'Pset_WallCommon',$,(#2401,#2402,#2403,#2404));
#2400=IFCRELDEFINESBYPROPERTIES('2KVTHb86b5GBO5qyXnNO87',$,$,$,(#2025),#2399);
#2401=IFCPROPERTYSINGLEVALUE('IsExternal',$,IFCBOOLEAN(.T.),$);
#2402=IFCPROPERTYSINGLEVALUE('LoadBearing',$,IFCBOOLEAN(.T.),$);
#2403=IFCPROPERTYSINGLEVALUE('FireRating',$,IFCLABEL('REI 60'),$);
#2404=IFCPROPERTYSINGLEVALUE('ThermalTransmittance',$,IFCTHERMALTRANSMITTANCEMEASURE(0.20999999999999999),$);
#2405=IFCCARTESIANPOINTLIST2D(((0.,0.),(0.,100.),(4000.,100.),(4000.,0.),(0.,0.)));
#2406=IFCINDEXEDPOLYCURVE(#2405,$,.F.);
#2407=IFCDIRECTION((0.,0.,1.));
#2408=IFCARBITRARYCLOSEDPROFILEDEF(.AREA.,$,#2406);
#2409=IFCCARTESIANPOINT((0.,0.,0.));
#2410=IFCDIRECTION((0.,0.,1.));
#2411=IFCDIRECTION((1.,0.,0.));
#2412=IFCAXIS2PLACEMENT3D(#2409,#2410,#2411);
#2413=IFCEXTRUDEDAREASOLID(#2408,#2412,#2407,3300.);
#2414=IFCSHAPEREPRESENTATION(#11,'Body','SweptSolid',(#2413));
#2415=IFCWALL('090viZbIbAGB5o_mv1KMuJ',$,'Partition P1 L0',$,$,#2426,#2416,$,.PARTITIONING.);
#2416=IFCPRODUCTDEFINITIONSHAPE($,$,(#2414));
#2422=IFCCARTESIANPOINT((8000.,9535.,0.));
#2423=IFCDIRECTION((0.,0.,1.));
#2424=IFCDIRECTION((6.123233995736766E-17,1.,0.));
#2425=IFCAXIS2PLACEMENT3D(#2422,#2423,#2424);
#2426=IFCLOCALPLACEMENT(#34,#2425);
#2427=IFCMATERIALLAYERSET((#2429,#2430,#2431),'Drywall partition',$);
#2428=IFCMATERIAL('Plasterboard',$,$);
#2429=IFCMATERIALLAYER(#2428,12.5,$,$,$,$,$);
#2430=IFCMATERIALLAYER(#955,75.,$,$,$,$,$);
#2431=IFCMATERIALLAYER(#2428,12.5,$,$,$,$,$);
#2432=IFCMATERIALLAYERSETUSAGE(#2427,.AXIS2.,.POSITIVE.,0.,$);
#2433=IFCRELASSOCIATESMATERIAL('0JrZRnVqH5hRAPnb57jxdr',$,$,$,(#2415),#2432);
#2434=IFCELEMENTQUANTITY('1kxbOgqT1F6hb0A$w3Esh8',$,'Qto_WallBaseQuantities',$,'BaseQuantities',(#2436,#2437,#2438));
#2435=IFCRELDEFINESBYPROPERTIES('3iyNFVnz9BdADOVd$KrRFK',$,$,$,(#2415),#2434);
#2436=IFCQUANTITYVOLUME('NetVolume',$,$,1.3200000000000003,$);
#2437=IFCQUANTITYLENGTH('Length',$,$,4000.,$);
#2438=IFCQUANTITYLENGTH('Height',$,$,3300.0000000000005,$);
#2439=IFCPROPERTYSET('0QghYYva1A2gVyW5sV6yZb',$,'Pset_WallCommon',$,(#2441,#2442,#2443));
#2440=IFCRELDEFINESBYPROPERTIES('1KcLElwPL2vP$P2Xex4MYX',$,$,$,(#2415),#2439);
#2441=IFCPROPERTYSINGLEVALUE('IsExternal',$,IFCBOOLEAN(.F.),$);
#2442=IFCPROPERTYSINGLEVALUE('LoadBearing',$,IFCBOOLEAN(.F.),$);
#2443=IFCPROPERTYSINGLEVALUE('AcousticRating',$,IFCLABEL('Rw 52 dB'),$);
#2444=IFCCARTESIANPOINTLIST2D(((0.,0.),(0.,100.),(4000.,100.),(4000.,0.),(0.,0.)));
#2445=IFCINDEXEDPOLYCURVE(#2444,$,.F.);
#2446=IFCDIRECTION((0.,0.,1.));
#2447=IFCARBITRARYCLOSEDPROFILEDEF(.AREA.,$,#2445);
#2448=IFCCARTESIANPOINT((0.,0.,0.));
#2449=IFCDIRECTION((0.,0.,1.));
#2450=IFCDIRECTION((1.,0.,0.));
#2451=IFCAXIS2PLACEMENT3D(#2448,#2449,#2450);
#2452=IFCEXTRUDEDAREASOLID(#2447,#2451,#2446,3300.);
#2453=IFCSHAPEREPRESENTATION(#11,'Body','SweptSolid',(#2452));
#2454=IFCWALL('3sL15ufc142vuJnUwflTsn',$,'Partition P2 L0',$,$,#2465,#2455,$,.PARTITIONING.);
#2455=IFCPRODUCTDEFINITIONSHAPE($,$,(#2453));
#2461=IFCCARTESIANPOINT((16000.,9535.,0.));
#2462=IFCDIRECTION((0.,0.,1.));
#2463=IFCDIRECTION((6.123233995736766E-17,1.,0.));
#2464=IFCAXIS2PLACEMENT3D(#2461,#2462,#2463);
#2465=IFCLOCALPLACEMENT(#34,#2464);
#2466=IFCMATERIALLAYERSETUSAGE(#2427,.AXIS2.,.POSITIVE.,0.,$);
#2467=IFCRELASSOCIATESMATERIAL('3FYmNbEAP2eRFLho0YY05q',$,$,$,(#2454),#2466);
#2468=IFCELEMENTQUANTITY('2T0hwAO853TALyu23e_0ht',$,'Qto_WallBaseQuantities',$,'BaseQuantities',(#2470,#2471,#2472));
#2469=IFCRELDEFINESBYPROPERTIES('2sbS$l5mv58wGFiFGNnp_Q',$,$,$,(#2454),#2468);
#2470=IFCQUANTITYVOLUME('NetVolume',$,$,1.3200000000000003,$);
#2471=IFCQUANTITYLENGTH('Length',$,$,4000.,$);
#2472=IFCQUANTITYLENGTH('Height',$,$,3300.0000000000005,$);
#2473=IFCPROPERTYSET('3YXLr6mPX9swPrql86nqJT',$,'Pset_WallCommon',$,(#2475,#2476,#2477));
#2474=IFCRELDEFINESBYPROPERTIES('0POlo2GXP1lP2$5_EkP_o1',$,$,$,(#2454),#2473);
#2475=IFCPROPERTYSINGLEVALUE('IsExternal',$,IFCBOOLEAN(.F.),$);
#2476=IFCPROPERTYSINGLEVALUE('LoadBearing',$,IFCBOOLEAN(.F.),$);
#2477=IFCPROPERTYSINGLEVALUE('AcousticRating',$,IFCLABEL('Rw 52 dB'),$);
#2478=IFCCARTESIANPOINT((0.,0.,0.));
#2479=IFCDIRECTION((0.,0.,1.));
#2480=IFCDIRECTION((1.,0.,0.));
#2481=IFCAXIS2PLACEMENT3D(#2478,#2479,#2480);
#2482=IFCDIRECTION((0.,0.,1.));
#2483=IFCEXTRUDEDAREASOLID(#16,#2481,#2482,3300.);
#2484=IFCSHAPEREPRESENTATION(#11,'Body','SweptSolid',(#2483));
#2485=IFCCOLUMN('0oYUfsKw59lhHnWzGYsq_i',$,'Column A1 L0',$,$,#2496,#2486,$,$);
#2486=IFCPRODUCTDEFINITIONSHAPE($,$,(#2484));
#2492=IFCCARTESIANPOINT((6000.,4700.,0.));
#2493=IFCDIRECTION((0.,0.,1.));
#2494=IFCDIRECTION((1.,0.,0.));
#2495=IFCAXIS2PLACEMENT3D(#2492,#2493,#2494);
#2496=IFCLOCALPLACEMENT(#34,#2495);
#2497=IFCRELASSOCIATESMATERIAL('2ljaEDl7XFE9MPNTfXMac0',$,$,$,(#4993,#5039,#2509,#2485,#2532,#7395,#7418,#2578,#5016,#5085,#7464,#5062,#2555,#7441,#2601,#7487,#7372,#4970),#18);
#2498=IFCPROPERTYSET('0mmzAYLPXDmQy$RiNege4F',$,'Pset_ColumnCommon',$,(#2500,#2501));
#2499=IFCRELDEFINESBYPROPERTIES('35P_v7cYz8fPzbfftfgmX9',$,$,$,(#2485),#2498);
#2500=IFCPROPERTYSINGLEVALUE('LoadBearing',$,IFCBOOLEAN(.T.),$);
#2501=IFCPROPERTYSINGLEVALUE('FireRating',$,IFCLABEL('R 90'),$);
#2502=IFCCARTESIANPOINT((0.,0.,0.));
#2503=IFCDIRECTION((0.,0.,1.));
#2504=IFCDIRECTION((1.,0.,0.));
#2505=IFCAXIS2PLACEMENT3D(#2502,#2503,#2504);
#2506=IFCDIRECTION((0.,0.,1.));
#2507=IFCEXTRUDEDAREASOLID(#16,#2505,#2506,3300.);
#2508=IFCSHAPEREPRESENTATION(#11,'Body','SweptSolid',(#2507));
#2509=IFCCOLUMN('1nzcTHBtr3rPUgTO_XPJHs',$,'Column A2 L0',$,$,#2520,#2510,$,$);
#2510=IFCPRODUCTDEFINITIONSHAPE($,$,(#2508));
#2516=IFCCARTESIANPOINT((6000.,9400.,0.));
#2517=IFCDIRECTION((0.,0.,1.));
#2518=IFCDIRECTION((1.,0.,0.));
#2519=IFCAXIS2PLACEMENT3D(#2516,#2517,#2518);
#2520=IFCLOCALPLACEMENT(#34,#2519);
#2521=IFCPROPERTYSET('23_1knajDA4QUwcW3ytg8$',$,'Pset_ColumnCommon',$,(#2523,#2524));
#2522=IFCRELDEFINESBYPROPERTIES('3E9eV0Gen069$O4KnfgE0S',$,$,$,(#2509),#2521);
#2523=IFCPROPERTYSINGLEVALUE('LoadBearing',$,IFCBOOLEAN(.T.),$);
#2524=IFCPROPERTYSINGLEVALUE('FireRating',$,IFCLABEL('R 90'),$);
#2525=IFCCARTESIANPOINT((0.,0.,0.));
#2526=IFCDIRECTION((0.,0.,1.));
#2527=IFCDIRECTION((1.,0.,0.));
#2528=IFCAXIS2PLACEMENT3D(#2525,#2526,#2527);
#2529=IFCDIRECTION((0.,0.,1.));
#2530=IFCEXTRUDEDAREASOLID(#16,#2528,#2529,3300.);
#2531=IFCSHAPEREPRESENTATION(#11,'Body','SweptSolid',(#2530));
#2532=IFCCOLUMN('0Aqh7Jdo9B5RigWcMb45nv',$,'Column B1 L0',$,$,#2543,#2533,$,$);
#2533=IFCPRODUCTDEFINITIONSHAPE($,$,(#2531));
#2539=IFCCARTESIANPOINT((12000.,4700.,0.));
#2540=IFCDIRECTION((0.,0.,1.));
#2541=IFCDIRECTION((1.,0.,0.));
#2542=IFCAXIS2PLACEMENT3D(#2539,#2540,#2541);
#2543=IFCLOCALPLACEMENT(#34,#2542);
#2544=IFCPROPERTYSET('1pFs0icZPASAftAH9N2s4W',$,'Pset_ColumnCommon',$,(#2546,#2547));
#2545=IFCRELDEFINESBYPROPERTIES('06$Q6X0zf6K9vZJQhWeTIo',$,$,$,(#2532),#2544);
#2546=IFCPROPERTYSINGLEVALUE('LoadBearing',$,IFCBOOLEAN(.T.),$);
#2547=IFCPROPERTYSINGLEVALUE('FireRating',$,IFCLABEL('R 90'),$);
#2548=IFCCARTESIANPOINT((0.,0.,0.));
#2549=IFCDIRECTION((0.,0.,1.));
#2550=IFCDIRECTION((1.,0.,0.));
#2551=IFCAXIS2PLACEMENT3D(#2548,#2549,#2550);
#2552=IFCDIRECTION((0.,0.,1.));
#2553=IFCEXTRUDEDAREASOLID(#16,#2551,#2552,3300.);
#2554=IFCSHAPEREPRESENTATION(#11,'Body','SweptSolid',(#2553));
#2555=IFCCOLUMN('0edyXL3VT9d8KSGZOANh04',$,'Column B2 L0',$,$,#2566,#2556,$,$);
#2556=IFCPRODUCTDEFINITIONSHAPE($,$,(#2554));
#2562=IFCCARTESIANPOINT((12000.,9400.,0.));
#2563=IFCDIRECTION((0.,0.,1.));
#2564=IFCDIRECTION((1.,0.,0.));
#2565=IFCAXIS2PLACEMENT3D(#2562,#2563,#2564);
#2566=IFCLOCALPLACEMENT(#34,#2565);
#2567=IFCPROPERTYSET('3aKrMzsAb5xBAQGyum6eYF',$,'Pset_ColumnCommon',$,(#2569,#2570));
#2568=IFCRELDEFINESBYPROPERTIES('2Sh43$EyD0cg82BJNjR57I',$,$,$,(#2555),#2567);
#2569=IFCPROPERTYSINGLEVALUE('LoadBearing',$,IFCBOOLEAN(.T.),$);
#2570=IFCPROPERTYSINGLEVALUE('FireRating',$,IFCLABEL('R 90'),$);
#2571=IFCCARTESIANPOINT((0.,0.,0.));
#2572=IFCDIRECTION((0.,0.,1.));
#2573=IFCDIRECTION((1.,0.,0.));
#2574=IFCAXIS2PLACEMENT3D(#2571,#2572,#2573);
#2575=IFCDIRECTION((0.,0.,1.));
#2576=IFCEXTRUDEDAREASOLID(#16,#2574,#2575,3300.);
#2577=IFCSHAPEREPRESENTATION(#11,'Body','SweptSolid',(#2576));
#2578=IFCCOLUMN('1Xpa65N4bDt9zd1bOOhKLL',$,'Column C1 L0',$,$,#2589,#2579,$,$);
#2579=IFCPRODUCTDEFINITIONSHAPE($,$,(#2577));
#2585=IFCCARTESIANPOINT((18000.,4700.,0.));
#2586=IFCDIRECTION((0.,0.,1.));
#2587=IFCDIRECTION((1.,0.,0.));
#2588=IFCAXIS2PLACEMENT3D(#2585,#2586,#2587);
#2589=IFCLOCALPLACEMENT(#34,#2588);
#2590=IFCPROPERTYSET('0vvf4ZCkX0E8KxLoq8vlij',$,'Pset_ColumnCommon',$,(#2592,#2593));
#2591=IFCRELDEFINESBYPROPERTIES('1FVhJchKj8pPkwj_w2r3z_',$,$,$,(#2578),#2590);
#2592=IFCPROPERTYSINGLEVALUE('LoadBearing',$,IFCBOOLEAN(.T.),$);
#2593=IFCPROPERTYSINGLEVALUE('FireRating',$,IFCLABEL('R 90'),$);
#2594=IFCCARTESIANPOINT((0.,0.,0.));
#2595=IFCDIRECTION((0.,0.,1.));
#2596=IFCDIRECTION((1.,0.,0.));
#2597=IFCAXIS2PLACEMENT3D(#2594,#2595,#2596);
#2598=IFCDIRECTION((0.,0.,1.));
#2599=IFCEXTRUDEDAREASOLID(#16,#2597,#2598,3300.);
#2600=IFCSHAPEREPRESENTATION(#11,'Body','SweptSolid',(#2599));
#2601=IFCCOLUMN('1OwYUMEOD8Ug2bMogPM2MV',$,'Column C2 L0',$,$,#2612,#2602,$,$);
#2602=IFCPRODUCTDEFINITIONSHAPE($,$,(#2600));
#2608=IFCCARTESIANPOINT((18000.,9400.,0.));
#2609=IFCDIRECTION((0.,0.,1.));
#2610=IFCDIRECTION((1.,0.,0.));
#2611=IFCAXIS2PLACEMENT3D(#2608,#2609,#2610);
#2612=IFCLOCALPLACEMENT(#34,#2611);
#2613=IFCPROPERTYSET('2HQEBQZLf2AAsu9uAWNNcm',$,'Pset_ColumnCommon',$,(#2615,#2616));
#2614=IFCRELDEFINESBYPROPERTIES('2TVLTF7AD5yhU5Nf2RW2_a',$,$,$,(#2601),#2613);
#2615=IFCPROPERTYSINGLEVALUE('LoadBearing',$,IFCBOOLEAN(.T.),$);
#2616=IFCPROPERTYSINGLEVALUE('FireRating',$,IFCLABEL('R 90'),$);
#2617=IFCCARTESIANPOINT((0.,0.,0.));
#2618=IFCDIRECTION((0.,0.,1.));
#2619=IFCDIRECTION((1.,0.,0.));
#2620=IFCAXIS2PLACEMENT3D(#2617,#2618,#2619);
#2621=IFCDIRECTION((0.,0.,1.));
#2622=IFCEXTRUDEDAREASOLID(#17,#2620,#2621,23070.);
#2623=IFCSHAPEREPRESENTATION(#11,'Body','SweptSolid',(#2622));
#2624=IFCBEAM('37KGKg52rFDvL0ca$TT8$v',$,'Beam B1 L0',$,$,#2635,#2625,$,$);
#2625=IFCPRODUCTDEFINITIONSHAPE($,$,(#2623));
#2631=IFCCARTESIANPOINT((465.,4700.,3100.0000000000005));
#2632=IFCDIRECTION((1.,0.,0.));
#2633=IFCDIRECTION((0.,1.,0.));
#2634=IFCAXIS2PLACEMENT3D(#2631,#2632,#2633);
#2635=IFCLOCALPLACEMENT(#34,#2634);
#2636=IFCRELASSOCIATESMATERIAL('0pH6vnrXDF9P7E16w_J_n4',$,$,$,(#2644,#5127,#2624,#5108),#21);
#2637=IFCCARTESIANPOINT((0.,0.,0.));
#2638=IFCDIRECTION((0.,0.,1.));
#2639=IFCDIRECTION((1.,0.,0.));
#2640=IFCAXIS2PLACEMENT3D(#2637,#2638,#2639);
#2641=IFCDIRECTION((0.,0.,1.));
#2642=IFCEXTRUDEDAREASOLID(#17,#2640,#2641,23070.);
#2643=IFCSHAPEREPRESENTATION(#11,'Body','SweptSolid',(#2642));
#2644=IFCBEAM('0GW3S3$vLE8eQv2SijnPv5',$,'Beam B2 L0',$,$,#2655,#2645,$,$);
#2645=IFCPRODUCTDEFINITIONSHAPE($,$,(#2643));
#2651=IFCCARTESIANPOINT((465.,9400.,3100.0000000000005));
#2652=IFCDIRECTION((1.,0.,0.));
#2653=IFCDIRECTION((0.,1.,0.));
#2654=IFCAXIS2PLACEMENT3D(#2651,#2652,#2653);
#2655=IFCLOCALPLACEMENT(#34,#2654);
#2656=IFCCARTESIANPOINTLIST2D(((2000.,2000.),(22000.,2000.),(22000.,7500.),(2000.,7500.),(2000.,2000.)));
#2657=IFCINDEXEDPOLYCURVE(#2656,$,$);
#2658=IFCDIRECTION((0.,0.,1.));
#2659=IFCARBITRARYCLOSEDPROFILEDEF(.AREA.,$,#2657);
#2660=IFCEXTRUDEDAREASOLID(#2659,$,#2658,40.);
#2661=IFCSHAPEREPRESENTATION(#11,'Body','SweptSolid',(#2660));
#2662=IFCCOVERING('212m0PHcf7iRU4nnrpvACb',$,'Acoustic ceiling L0',$,$,#2673,#2663,$,.CEILING.);
#2663=IFCPRODUCTDEFINITIONSHAPE($,$,(#2661));
#2669=IFCCARTESIANPOINT((0.,0.,2750.));
#2670=IFCDIRECTION((0.,0.,1.));
#2671=IFCDIRECTION((1.,0.,0.));
#2672=IFCAXIS2PLACEMENT3D(#2669,#2670,#2671);
#2673=IFCLOCALPLACEMENT(#34,#2672);
#2674=IFCMATERIAL('Sto Silent acoustic panel',$,$);
#2675=IFCRELASSOCIATESMATERIAL('0M6Jnc9WPAKAG866laMJr4',$,$,$,(#7509,#5145,#2662),#2674);
#2676=IFCCARTESIANPOINT((0.,0.));
#2677=IFCCARTESIANPOINT((0.,180.));
#2678=IFCCARTESIANPOINT((280.,180.));
#2679=IFCCARTESIANPOINT((280.,360.));
#2680=IFCCARTESIANPOINT((560.,360.));
#2681=IFCCARTESIANPOINT((560.,540.));
#2682=IFCCARTESIANPOINT((840.00000000000011,540.));
#2683=IFCCARTESIANPOINT((840.00000000000011,720.));
#2684=IFCCARTESIANPOINT((1120.,720.));
#2685=IFCCARTESIANPOINT((1120.,899.99999999999989));
#2686=IFCCARTESIANPOINT((1400.0000000000002,899.99999999999989));
#2687=IFCCARTESIANPOINT((1400.0000000000002,1080.));
#2688=IFCCARTESIANPOINT((1680.0000000000002,1080.));
#2689=IFCCARTESIANPOINT((1680.0000000000002,1260.));
#2690=IFCCARTESIANPOINT((1960.0000000000002,1260.));
#2691=IFCCARTESIANPOINT((1960.0000000000002,1440.));
#2692=IFCCARTESIANPOINT((2240.,1440.));
#2693=IFCCARTESIANPOINT((2240.,1619.9999999999998));
#2694=IFCCARTESIANPOINT((2520.0000000000005,1619.9999999999998));
#2695=IFCCARTESIANPOINT((2520.0000000000005,1799.9999999999998));
#2696=IFCCARTESIANPOINT((2800.0000000000005,1799.9999999999998));
#2697=IFCCARTESIANPOINT((2800.0000000000005,1980.));
#2698=IFCCARTESIANPOINT((3080.,1980.));
#2699=IFCCARTESIANPOINT((3080.,2160.));
#2700=IFCCARTESIANPOINT((3360.0000000000005,2160.));
#2701=IFCCARTESIANPOINT((3360.0000000000005,2340.));
#2702=IFCCARTESIANPOINT((3640.0000000000005,2340.));
#2703=IFCCARTESIANPOINT((3640.0000000000005,2520.));
#2704=IFCCARTESIANPOINT((3920.0000000000005,2520.));
#2705=IFCCARTESIANPOINT((3920.0000000000005,2699.9999999999995));
#2706=IFCCARTESIANPOINT((4200.,2699.9999999999995));
#2707=IFCCARTESIANPOINT((4200.,2880.));
#2708=IFCCARTESIANPOINT((4480.,2880.));
#2709=IFCCARTESIANPOINT((4480.,3060.));
#2710=IFCCARTESIANPOINT((4760.0000000000009,3060.));
#2711=IFCCARTESIANPOINT((4760.0000000000009,3239.9999999999995));
#2712=IFCCARTESIANPOINT((5040.0000000000009,3239.9999999999995));
#2713=IFCCARTESIANPOINT((5040.0000000000009,3420.));
#2714=IFCCARTESIANPOINT((5320.,3420.));
#2715=IFCCARTESIANPOINT((5320.,3599.9999999999995));
#2716=IFCCARTESIANPOINT((5600.0000000000009,3599.9999999999995));
#2717=IFCCARTESIANPOINT((5600.0000000000009,3300.));
#2718=IFCCARTESIANPOINT((280.,0.));
#2719=IFCCARTESIANPOINT((0.,0.));
#2720=IFCPOLYLINE((#2676,#2677,#2678,#2679,#2680,#2681,#2682,#2683,#2684,#2685,#2686,#2687,#2688,#2689,#2690,#2691,#2692,#2693,#2694,#2695,#2696,#2697,#2698,#2699,#2700,#2701,#2702,#2703,#2704,#2705,#2706,#2707,#2708,#2709,#2710,#2711,#2712,#2713,#2714,#2715,#2716,#2717,#2718,#2719));
#2721=IFCARBITRARYCLOSEDPROFILEDEF(.AREA.,'Flight',#2720);
#2722=IFCSTAIR('150jv90cP3wxh7NjRpWjAS',$,'Main stair',$,$,#2732,$,$,.STRAIGHT_RUN_STAIR.);
#2728=IFCCARTESIANPOINT((1000.,13435.,0.));
#2729=IFCDIRECTION((0.,0.,1.));
#2730=IFCDIRECTION((1.,0.,0.));
#2731=IFCAXIS2PLACEMENT3D(#2728,#2729,#2730);
#2732=IFCLOCALPLACEMENT(#34,#2731);
#2733=IFCCARTESIANPOINT((0.,0.,0.));
#2734=IFCDIRECTION((0.,0.,1.));
#2735=IFCDIRECTION((1.,0.,0.));
#2736=IFCAXIS2PLACEMENT3D(#2733,#2734,#2735);
#2737=IFCDIRECTION((0.,0.,1.));
#2738=IFCEXTRUDEDAREASOLID(#2721,#2736,#2737,1200.);
#2739=IFCSHAPEREPRESENTATION(#11,'Body','SweptSolid',(#2738));
#2740=IFCSTAIRFLIGHT('1$H_2D3In3CPNLPffSE2Nb',$,'Flight 1',$,$,#2754,#2741,$,20,$,180.,280.,.STRAIGHT.);
#2741=IFCPRODUCTDEFINITIONSHAPE($,$,(#2739));
#2747=IFCMATERIAL('Precast concrete stair',$,$);
#2748=IFCRELASSOCIATESMATERIAL('3wmQm8N855reEYVdlzEimD',$,$,$,(#2740),#2747);
#2749=IFCRELAGGREGATES('1oaP95w$X67OH6JzPkqOtW',$,$,$,#2722,(#2740));
#2750=IFCCARTESIANPOINT((0.,0.,0.));
#2751=IFCDIRECTION((0.,-1.,0.));
#2752=IFCDIRECTION((1.,0.,0.));
#2753=IFCAXIS2PLACEMENT3D(#2750,#2751,#2752);
#2754=IFCLOCALPLACEMENT(#2732,#2753);
#2755=IFCBUILDINGSTOREY('1L6ny$HAX8mvN0X0JRpPAA',$,'Level 1',$,$,#2765,$,$,$,3600.);
#2761=IFCCARTESIANPOINT((0.,0.,3600.));
#2762=IFCDIRECTION((0.,0.,1.));
#2763=IFCDIRECTION((1.,0.,0.));
#2764=IFCAXIS2PLACEMENT3D(#2761,#2762,#2763);
#2765=IFCLOCALPLACEMENT($,#2764);
#2766=IFCCARTESIANPOINTLIST2D(((0.,0.),(24000.,0.),(24000.,14000.),(0.,14000.),(0.,0.)));
#2767=IFCINDEXEDPOLYCURVE(#2766,$,$);
#2768=IFCDIRECTION((0.,0.,1.));
#2769=IFCARBITRARYCLOSEDPROFILEDEF(.AREA.,$,#2767);
#2770=IFCEXTRUDEDAREASOLID(#2769,$,#2768,300.);
#2771=IFCSHAPEREPRESENTATION(#11,'Body','SweptSolid',(#2770));
#2772=IFCSLAB('0kRuPhaFj5fvRGAS$U6MpX',$,'Floor slab L1',$,$,#2784,#2773,$,.FLOOR.);
#2773=IFCPRODUCTDEFINITIONSHAPE($,$,(#2771));
#2779=IFCRELCONTAINEDINSPATIALSTRUCTURE('2IDiN6Yhz9zPCOLcrs18te',$,$,$,(#4939,#3337,#2817,#5016,#5108,#5062,#4771,#4595,#3161,#4859,#4683,#5145,#4905,#4993,#4293,#4205,#4515,#5039,#4970,#3639,#3551,#2772,#5127,#4381,#5085,#4469,#3727,#3991,#3815,#4079,#3903,#3073,#2897,#2985,#3471,#4125,#3425,#3249),#2755);
#2780=IFCCARTESIANPOINT((0.,0.,-299.99999999999983));
#2781=IFCDIRECTION((0.,0.,1.));
#2782=IFCDIRECTION((1.,0.,0.));
#2783=IFCAXIS2PLACEMENT3D(#2780,#2781,#2782);
#2784=IFCLOCALPLACEMENT(#2765,#2783);
#2785=IFCMATERIALLAYERSET((#2787,#2788),'Floor L1',$);
#2786=IFCMATERIAL('Precast concrete hollow-core',$,$);
#2787=IFCMATERIALLAYER(#2786,250.,$,$,$,$,$);
#2788=IFCMATERIALLAYER(#57,50.,$,$,$,$,$);
#2789=IFCMATERIALLAYERSETUSAGE(#2785,.AXIS3.,.POSITIVE.,0.,$);
#2790=IFCRELASSOCIATESMATERIAL('0i$H$7OyD9Gh6UAMo4aFZD',$,$,$,(#2772),#2789);
#2791=IFCELEMENTQUANTITY('0vKojH_VHCYAurcnzJSUpT',$,'Qto_SlabBaseQuantities',$,'BaseQuantities',(#2793,#2794,#2795));
#2792=IFCRELDEFINESBYPROPERTIES('0$Jyhfx9vDI81zOksBlfnD',$,$,$,(#2772),#2791);
#2793=IFCQUANTITYVOLUME('NetVolume',$,$,100.8,$);
#2794=IFCQUANTITYAREA('GrossArea',$,$,336.,$);
#2795=IFCQUANTITYLENGTH('Depth',$,$,300.,$);
#2796=IFCPROPERTYSET('0tSjlsPsP5bwfVjg9XYpqI',$,'Pset_SlabCommon',$,(#2798,#2799,#2800));
#2797=IFCRELDEFINESBYPROPERTIES('3zo0$h9ofAmQ2QjvK05gXg',$,$,$,(#2772),#2796);
#2798=IFCPROPERTYSINGLEVALUE('IsExternal',$,IFCBOOLEAN(.F.),$);
#2799=IFCPROPERTYSINGLEVALUE('LoadBearing',$,IFCBOOLEAN(.T.),$);
#2800=IFCPROPERTYSINGLEVALUE('FireRating',$,IFCLABEL('REI 90'),$);
#2801=IFCSPACE('2FlvFddCj09BEYPOsVPnjS',$,'Open office L1',$,$,$,$,$,$,$,$);
#2802=IFCRELAGGREGATES('1btEGnXUnEfwHlFZwqEPA4',$,$,$,#2755,(#2801));
#2803=IFCELEMENTQUANTITY('1Vl0LtHrD8Jw6xw24qgXdO',$,'Qto_SpaceBaseQuantities',$,'BaseQuantities',(#2805,#2806));
#2804=IFCRELDEFINESBYPROPERTIES('3QB1Sj44vELgore39SPRD$',$,$,$,(#2801),#2803);
#2805=IFCQUANTITYAREA('GrossFloorArea',$,$,336.,$);
#2806=IFCQUANTITYAREA('NetFloorArea',$,$,301.5249,$);
#2807=IFCCARTESIANPOINTLIST2D(((0.,0.),(0.,465.),(24000.,465.),(24000.,0.),(0.,0.)));
#2808=IFCINDEXEDPOLYCURVE(#2807,$,.F.);
#2809=IFCDIRECTION((0.,0.,1.));
#2810=IFCARBITRARYCLOSEDPROFILEDEF(.AREA.,$,#2808);
#2811=IFCCARTESIANPOINT((0.,0.,0.));
#2812=IFCDIRECTION((0.,0.,1.));
#2813=IFCDIRECTION((1.,0.,0.));
#2814=IFCAXIS2PLACEMENT3D(#2811,#2812,#2813);
#2815=IFCEXTRUDEDAREASOLID(#2810,#2814,#2809,3350.);
#2816=IFCSHAPEREPRESENTATION(#11,'Body','SweptSolid',(#2815));
#2817=IFCWALL('05GU4ThTjAKBWferFhxyWH',$,'South wall L1',$,$,#2828,#2818,$,$);
#2818=IFCPRODUCTDEFINITIONSHAPE($,$,(#2816));
#2824=IFCCARTESIANPOINT((0.,0.,0.));
#2825=IFCDIRECTION((0.,0.,1.));
#2826=IFCDIRECTION((1.,0.,0.));
#2827=IFCAXIS2PLACEMENT3D(#2824,#2825,#2826);
#2828=IFCLOCALPLACEMENT(#2765,#2827);
#2829=IFCMATERIALLAYERSETUSAGE(#952,.AXIS2.,.POSITIVE.,0.,$);
#2830=IFCRELASSOCIATESMATERIAL('0YYOruv8z7oAePH23sV5rc',$,$,$,(#2817),#2829);
#2831=IFCCARTESIANPOINTLIST2D(((0.,0.),(0.,565.),(1800.,565.),(1800.,0.),(0.,0.)));
#2832=IFCINDEXEDPOLYCURVE(#2831,$,.F.);
#2833=IFCDIRECTION((0.,0.,1.));
#2834=IFCARBITRARYCLOSEDPROFILEDEF(.AREA.,$,#2832);
#2835=IFCCARTESIANPOINT((0.,0.,0.));
#2836=IFCDIRECTION((0.,0.,1.));
#2837=IFCDIRECTION((1.,0.,0.));
#2838=IFCAXIS2PLACEMENT3D(#2835,#2836,#2837);
#2839=IFCEXTRUDEDAREASOLID(#2834,#2838,#2833,1600.);
#2840=IFCSHAPEREPRESENTATION(#11,'Body','SweptSolid',(#2839));
#2841=IFCOPENINGELEMENT('1rZWwiI410_9Ac1J2WqNAX',$,'Opening for Window S1 L1',$,$,#2853,#2842,$,$);
#2842=IFCPRODUCTDEFINITIONSHAPE($,$,(#2840));
#2848=IFCRELVOIDSELEMENT('12iTaRxP9189MNnvF9qtcG',$,$,$,#2817,#2841);
#2849=IFCCARTESIANPOINT((2100.,-50.,899.99999999999989));
#2850=IFCDIRECTION((0.,0.,1.));
#2851=IFCDIRECTION((1.,0.,0.));
#2852=IFCAXIS2PLACEMENT3D(#2849,#2850,#2851);
#2853=IFCLOCALPLACEMENT(#2828,#2852);
#2854=IFCCARTESIANPOINTLIST2D(((0.,0.),(1800.,0.),(1800.,1600.),(0.,1600.)));
#2855=IFCINDEXEDPOLYCURVE(#2854,(IFCLINEINDEX((1,2,3,4,1))),$);
#2856=IFCCARTESIANPOINTLIST2D(((25.,25.),(1775.,25.),(1775.,1575.),(25.,1575.)));
#2857=IFCINDEXEDPOLYCURVE(#2856,(IFCLINEINDEX((1,2,3,4,1))),$);
#2858=IFCARBITRARYPROFILEDEFWITHVOIDS(.AREA.,$,#2855,(#2857));
#2859=IFCCARTESIANPOINT((0.,90.,0.));
#2860=IFCDIRECTION((0.,-1.,0.));
#2861=IFCDIRECTION((1.,0.,0.));
#2862=IFCAXIS2PLACEMENT3D(#2859,#2860,#2861);
#2863=IFCDIRECTION((0.,0.,-1.));
#2864=IFCEXTRUDEDAREASOLID(#2858,#2862,#2863,10.);
#2865=IFCCARTESIANPOINTLIST2D(((0.,0.),(1800.,0.),(1800.,1600.),(0.,1600.)));
#2866=IFCINDEXEDPOLYCURVE(#2865,(IFCLINEINDEX((1,2,3,4,1))),$);
#2867=IFCCARTESIANPOINTLIST2D(((50.,50.),(1750.,50.),(1750.,1550.),(50.,1550.)));
#2868=IFCINDEXEDPOLYCURVE(#2867,(IFCLINEINDEX((1,2,3,4,1))),$);
#2869=IFCARBITRARYPROFILEDEFWITHVOIDS(.AREA.,$,#2866,(#2868));
#2870=IFCCARTESIANPOINT((0.,50.,0.));
#2871=IFCDIRECTION((0.,-1.,0.));
#2872=IFCDIRECTION((1.,0.,0.));
#2873=IFCAXIS2PLACEMENT3D(#2870,#2871,#2872);
#2874=IFCDIRECTION((0.,0.,-1.));
#2875=IFCEXTRUDEDAREASOLID(#2869,#2873,#2874,40.);
#2876=IFCCARTESIANPOINTLIST2D(((0.,0.),(1750.,0.),(1750.,1550.),(0.,1550.)));
#2877=IFCINDEXEDPOLYCURVE(#2876,(IFCLINEINDEX((1,2,3,4,1))),$);
#2878=IFCCARTESIANPOINTLIST2D(((35.,35.),(1715.,35.),(1715.,1515.),(35.,1515.)));
#2879=IFCINDEXEDPOLYCURVE(#2878,(IFCLINEINDEX((1,2,3,4,1))),$);
#2880=IFCARBITRARYPROFILEDEFWITHVOIDS(.AREA.,$,#2877,(#2879));
#2881=IFCCARTESIANPOINT((25.,90.,25.));
#2882=IFCDIRECTION((0.,-1.,0.));
#2883=IFCDIRECTION((1.,0.,0.));
#2884=IFCAXIS2PLACEMENT3D(#2881,#2882,#2883);
#2885=IFCDIRECTION((0.,0.,-1.));
#2886=IFCEXTRUDEDAREASOLID(#2880,#2884,#2885,35.);
#2887=IFCINDEXEDPOLYCURVE(#2888,(IFCLINEINDEX((1,2,3,4,1))),$);
#2888=IFCCARTESIANPOINTLIST2D(((35.,35.),(1715.,35.),(1715.,1515.),(35.,1515.)));
#2889=IFCARBITRARYCLOSEDPROFILEDEF(.AREA.,$,#2887);
#2890=IFCCARTESIANPOINT((25.,102.5,25.));
#2891=IFCDIRECTION((0.,-1.,0.));
#2892=IFCDIRECTION((1.,0.,0.));
#2893=IFCAXIS2PLACEMENT3D(#2890,#2891,#2892);
#2894=IFCDIRECTION((0.,0.,-1.));
#2895=IFCEXTRUDEDAREASOLID(#2889,#2893,#2894,10.);
#2896=IFCSHAPEREPRESENTATION(#11,'Body','SweptSolid',(#2864,#2875,#2886,#2895));
#2897=IFCWINDOW('2OmVV0tTHAweiyfSRj3ysw',$,'Window S1 L1',$,$,#2908,#2898,$,1600.,1800.,.WINDOW.,$,$);
#2898=IFCPRODUCTDEFINITIONSHAPE($,$,(#2896));
#2904=IFCCARTESIANPOINT((2100.,162.75,899.99999999999989));
#2905=IFCDIRECTION((0.,0.,1.));
#2906=IFCDIRECTION((1.,0.,0.));
#2907=IFCAXIS2PLACEMENT3D(#2904,#2905,#2906);
#2908=IFCLOCALPLACEMENT(#2765,#2907);
#2909=IFCMATERIALCONSTITUENTSET('Aluminium window',$,(#2910,#2911));
#2910=IFCMATERIALCONSTITUENT($,$,#1160,0.29999999999999999,$);
#2911=IFCMATERIALCONSTITUENT($,$,#1162,0.69999999999999996,$);
#2912=IFCRELASSOCIATESMATERIAL('2UVWyMwQPBMgu77XiwMLsM',$,$,$,(#2897),#2909);
#2913=IFCPROPERTYSET('1pKDdVkTzDrg_BwZ1EWC9X',$,'Pset_WindowCommon',$,(#2915,#2916,#2917));
#2914=IFCRELDEFINESBYPROPERTIES('0X8DKLrKf9GeWdimk5JtyV',$,$,$,(#2897),#2913);
#2915=IFCPROPERTYSINGLEVALUE('IsExternal',$,IFCBOOLEAN(.T.),$);
#2916=IFCPROPERTYSINGLEVALUE('ThermalTransmittance',$,IFCTHERMALTRANSMITTANCEMEASURE(0.80000000000000004),$);
#2917=IFCPROPERTYSINGLEVALUE('GlazingAreaFraction',$,IFCPOSITIVERATIOMEASURE(0.69999999999999996),$);
#2918=IFCRELFILLSELEMENT('1VCi3I0g59rhifbkp5hKcn',$,$,$,#2841,#2897);
#2919=IFCCARTESIANPOINTLIST2D(((0.,0.),(0.,565.),(1800.,565.),(1800.,0.),(0.,0.)));
#2920=IFCINDEXEDPOLYCURVE(#2919,$,.F.);
#2921=IFCDIRECTION((0.,0.,1.));
#2922=IFCARBITRARYCLOSEDPROFILEDEF(.AREA.,$,#2920);
#2923=IFCCARTESIANPOINT((0.,0.,0.));
#2924=IFCDIRECTION((0.,0.,1.));
#2925=IFCDIRECTION((1.,0.,0.));
#2926=IFCAXIS2PLACEMENT3D(#2923,#2924,#2925);
#2927=IFCEXTRUDEDAREASOLID(#2922,#2926,#2921,1600.);
#2928=IFCSHAPEREPRESENTATION(#11,'Body','SweptSolid',(#2927));
#2929=IFCOPENINGELEMENT('1TOAS$_WbEqBSqfj$DqhKT',$,'Opening for Window S2 L1',$,$,#2941,#2930,$,$);
#2930=IFCPRODUCTDEFINITIONSHAPE($,$,(#2928));
#2936=IFCRELVOIDSELEMENT('3pfNVHDmn3OPvScY9qhG1W',$,$,$,#2817,#2929);
#2937=IFCCARTESIANPOINT((5099.9999999999991,-50.,899.99999999999989));
#2938=IFCDIRECTION((0.,0.,1.));
#2939=IFCDIRECTION((1.,0.,0.));
#2940=IFCAXIS2PLACEMENT3D(#2937,#2938,#2939);
#2941=IFCLOCALPLACEMENT(#2828,#2940);
#2942=IFCCARTESIANPOINTLIST2D(((0.,0.),(1800.,0.),(1800.,1600.),(0.,1600.)));
#2943=IFCINDEXEDPOLYCURVE(#2942,(IFCLINEINDEX((1,2,3,4,1))),$);
#2944=IFCCARTESIANPOINTLIST2D(((25.,25.),(1775.,25.),(1775.,1575.),(25.,1575.)));
#2945=IFCINDEXEDPOLYCURVE(#2944,(IFCLINEINDEX((1,2,3,4,1))),$);
#2946=IFCARBITRARYPROFILEDEFWITHVOIDS(.AREA.,$,#2943,(#2945));
#2947=IFCCARTESIANPOINT((0.,90.,0.));
#2948=IFCDIRECTION((0.,-1.,0.));
#2949=IFCDIRECTION((1.,0.,0.));
#2950=IFCAXIS2PLACEMENT3D(#2947,#2948,#2949);
#2951=IFCDIRECTION((0.,0.,-1.));
#2952=IFCEXTRUDEDAREASOLID(#2946,#2950,#2951,10.);
#2953=IFCCARTESIANPOINTLIST2D(((0.,0.),(1800.,0.),(1800.,1600.),(0.,1600.)));
#2954=IFCINDEXEDPOLYCURVE(#2953,(IFCLINEINDEX((1,2,3,4,1))),$);
#2955=IFCCARTESIANPOINTLIST2D(((50.,50.),(1750.,50.),(1750.,1550.),(50.,1550.)));
#2956=IFCINDEXEDPOLYCURVE(#2955,(IFCLINEINDEX((1,2,3,4,1))),$);
#2957=IFCARBITRARYPROFILEDEFWITHVOIDS(.AREA.,$,#2954,(#2956));
#2958=IFCCARTESIANPOINT((0.,50.,0.));
#2959=IFCDIRECTION((0.,-1.,0.));
#2960=IFCDIRECTION((1.,0.,0.));
#2961=IFCAXIS2PLACEMENT3D(#2958,#2959,#2960);
#2962=IFCDIRECTION((0.,0.,-1.));
#2963=IFCEXTRUDEDAREASOLID(#2957,#2961,#2962,40.);
#2964=IFCCARTESIANPOINTLIST2D(((0.,0.),(1750.,0.),(1750.,1550.),(0.,1550.)));
#2965=IFCINDEXEDPOLYCURVE(#2964,(IFCLINEINDEX((1,2,3,4,1))),$);
#2966=IFCCARTESIANPOINTLIST2D(((35.,35.),(1715.,35.),(1715.,1515.),(35.,1515.)));
#2967=IFCINDEXEDPOLYCURVE(#2966,(IFCLINEINDEX((1,2,3,4,1))),$);
#2968=IFCARBITRARYPROFILEDEFWITHVOIDS(.AREA.,$,#2965,(#2967));
#2969=IFCCARTESIANPOINT((25.,90.,25.));
#2970=IFCDIRECTION((0.,-1.,0.));
#2971=IFCDIRECTION((1.,0.,0.));
#2972=IFCAXIS2PLACEMENT3D(#2969,#2970,#2971);
#2973=IFCDIRECTION((0.,0.,-1.));
#2974=IFCEXTRUDEDAREASOLID(#2968,#2972,#2973,35.);
#2975=IFCINDEXEDPOLYCURVE(#2976,(IFCLINEINDEX((1,2,3,4,1))),$);
#2976=IFCCARTESIANPOINTLIST2D(((35.,35.),(1715.,35.),(1715.,1515.),(35.,1515.)));
#2977=IFCARBITRARYCLOSEDPROFILEDEF(.AREA.,$,#2975);
#2978=IFCCARTESIANPOINT((25.,102.5,25.));
#2979=IFCDIRECTION((0.,-1.,0.));
#2980=IFCDIRECTION((1.,0.,0.));
#2981=IFCAXIS2PLACEMENT3D(#2978,#2979,#2980);
#2982=IFCDIRECTION((0.,0.,-1.));
#2983=IFCEXTRUDEDAREASOLID(#2977,#2981,#2982,10.);
#2984=IFCSHAPEREPRESENTATION(#11,'Body','SweptSolid',(#2952,#2963,#2974,#2983));
#2985=IFCWINDOW('1ZIVDVlsz0jAoVG4NPv0fE',$,'Window S2 L1',$,$,#2996,#2986,$,1600.,1800.,.WINDOW.,$,$);
#2986=IFCPRODUCTDEFINITIONSHAPE($,$,(#2984));
#2992=IFCCARTESIANPOINT((5099.9999999999991,162.75,899.99999999999989));
#2993=IFCDIRECTION((0.,0.,1.));
#2994=IFCDIRECTION((1.,0.,0.));
#2995=IFCAXIS2PLACEMENT3D(#2992,#2993,#2994);
#2996=IFCLOCALPLACEMENT(#2765,#2995);
#2997=IFCMATERIALCONSTITUENTSET('Aluminium window',$,(#2998,#2999));
#2998=IFCMATERIALCONSTITUENT($,$,#1160,0.29999999999999999,$);
#2999=IFCMATERIALCONSTITUENT($,$,#1162,0.69999999999999996,$);
#3000=IFCRELASSOCIATESMATERIAL('029go58Xz3NQfwY1OrTAPM',$,$,$,(#2985),#2997);
#3001=IFCPROPERTYSET('1WB0bvz6nFqx6D31zRSWCl',$,'Pset_WindowCommon',$,(#3003,#3004,#3005));
#3002=IFCRELDEFINESBYPROPERTIES('14I1BwMFn99uxRmfB60boj',$,$,$,(#2985),#3001);
#3003=IFCPROPERTYSINGLEVALUE('IsExternal',$,IFCBOOLEAN(.T.),$);
#3004=IFCPROPERTYSINGLEVALUE('ThermalTransmittance',$,IFCTHERMALTRANSMITTANCEMEASURE(0.80000000000000004),$);
#3005=IFCPROPERTYSINGLEVALUE('GlazingAreaFraction',$,IFCPOSITIVERATIOMEASURE(0.69999999999999996),$);
#3006=IFCRELFILLSELEMENT('1MtjuQk7r6HPcSZr1Xhl9K',$,$,$,#2929,#2985);
#3007=IFCCARTESIANPOINTLIST2D(((0.,0.),(0.,565.),(1800.,565.),(1800.,0.),(0.,0.)));
#3008=IFCINDEXEDPOLYCURVE(#3007,$,.F.);
#3009=IFCDIRECTION((0.,0.,1.));
#3010=IFCARBITRARYCLOSEDPROFILEDEF(.AREA.,$,#3008);
#3011=IFCCARTESIANPOINT((0.,0.,0.));
#3012=IFCDIRECTION((0.,0.,1.));
#3013=IFCDIRECTION((1.,0.,0.));
#3014=IFCAXIS2PLACEMENT3D(#3011,#3012,#3013);
#3015=IFCEXTRUDEDAREASOLID(#3010,#3014,#3009,1600.);
#3016=IFCSHAPEREPRESENTATION(#11,'Body','SweptSolid',(#3015));
#3017=IFCOPENINGELEMENT('2N3odA$IL2RwJf2Kw8dyqo',$,'Opening for Window S3 L1',$,$,#3029,#3018,$,$);
#3018=IFCPRODUCTDEFINITIONSHAPE($,$,(#3016));
#3024=IFCRELVOIDSELEMENT('1t$Xs0w_LDQBpRZTyEi7As',$,$,$,#2817,#3017);
#3025=IFCCARTESIANPOINT((8099.9999999999991,-50.,899.99999999999989));
#3026=IFCDIRECTION((0.,0.,1.));
#3027=IFCDIRECTION((1.,0.,0.));
#3028=IFCAXIS2PLACEMENT3D(#3025,#3026,#3027);
#3029=IFCLOCALPLACEMENT(#2828,#3028);
#3030=IFCCARTESIANPOINTLIST2D(((0.,0.),(1800.,0.),(1800.,1600.),(0.,1600.)));
#3031=IFCINDEXEDPOLYCURVE(#3030,(IFCLINEINDEX((1,2,3,4,1))),$);
#3032=IFCCARTESIANPOINTLIST2D(((25.,25.),(1775.,25.),(1775.,1575.),(25.,1575.)));
#3033=IFCINDEXEDPOLYCURVE(#3032,(IFCLINEINDEX((1,2,3,4,1))),$);
#3034=IFCARBITRARYPROFILEDEFWITHVOIDS(.AREA.,$,#3031,(#3033));
#3035=IFCCARTESIANPOINT((0.,90.,0.));
#3036=IFCDIRECTION((0.,-1.,0.));
#3037=IFCDIRECTION((1.,0.,0.));
#3038=IFCAXIS2PLACEMENT3D(#3035,#3036,#3037);
#3039=IFCDIRECTION((0.,0.,-1.));
#3040=IFCEXTRUDEDAREASOLID(#3034,#3038,#3039,10.);
#3041=IFCCARTESIANPOINTLIST2D(((0.,0.),(1800.,0.),(1800.,1600.),(0.,1600.)));
#3042=IFCINDEXEDPOLYCURVE(#3041,(IFCLINEINDEX((1,2,3,4,1))),$);
#3043=IFCCARTESIANPOINTLIST2D(((50.,50.),(1750.,50.),(1750.,1550.),(50.,1550.)));
#3044=IFCINDEXEDPOLYCURVE(#3043,(IFCLINEINDEX((1,2,3,4,1))),$);
#3045=IFCARBITRARYPROFILEDEFWITHVOIDS(.AREA.,$,#3042,(#3044));
#3046=IFCCARTESIANPOINT((0.,50.,0.));
#3047=IFCDIRECTION((0.,-1.,0.));
#3048=IFCDIRECTION((1.,0.,0.));
#3049=IFCAXIS2PLACEMENT3D(#3046,#3047,#3048);
#3050=IFCDIRECTION((0.,0.,-1.));
#3051=IFCEXTRUDEDAREASOLID(#3045,#3049,#3050,40.);
#3052=IFCCARTESIANPOINTLIST2D(((0.,0.),(1750.,0.),(1750.,1550.),(0.,1550.)));
#3053=IFCINDEXEDPOLYCURVE(#3052,(IFCLINEINDEX((1,2,3,4,1))),$);
#3054=IFCCARTESIANPOINTLIST2D(((35.,35.),(1715.,35.),(1715.,1515.),(35.,1515.)));
#3055=IFCINDEXEDPOLYCURVE(#3054,(IFCLINEINDEX((1,2,3,4,1))),$);
#3056=IFCARBITRARYPROFILEDEFWITHVOIDS(.AREA.,$,#3053,(#3055));
#3057=IFCCARTESIANPOINT((25.,90.,25.));
#3058=IFCDIRECTION((0.,-1.,0.));
#3059=IFCDIRECTION((1.,0.,0.));
#3060=IFCAXIS2PLACEMENT3D(#3057,#3058,#3059);
#3061=IFCDIRECTION((0.,0.,-1.));
#3062=IFCEXTRUDEDAREASOLID(#3056,#3060,#3061,35.);
#3063=IFCINDEXEDPOLYCURVE(#3064,(IFCLINEINDEX((1,2,3,4,1))),$);
#3064=IFCCARTESIANPOINTLIST2D(((35.,35.),(1715.,35.),(1715.,1515.),(35.,1515.)));
#3065=IFCARBITRARYCLOSEDPROFILEDEF(.AREA.,$,#3063);
#3066=IFCCARTESIANPOINT((25.,102.5,25.));
#3067=IFCDIRECTION((0.,-1.,0.));
#3068=IFCDIRECTION((1.,0.,0.));
#3069=IFCAXIS2PLACEMENT3D(#3066,#3067,#3068);
#3070=IFCDIRECTION((0.,0.,-1.));
#3071=IFCEXTRUDEDAREASOLID(#3065,#3069,#3070,10.);
#3072=IFCSHAPEREPRESENTATION(#11,'Body','SweptSolid',(#3040,#3051,#3062,#3071));
#3073=IFCWINDOW('0eLUjVPaz488xAkCSffUwy',$,'Window S3 L1',$,$,#3084,#3074,$,1600.,1800.,.WINDOW.,$,$);
#3074=IFCPRODUCTDEFINITIONSHAPE($,$,(#3072));
#3080=IFCCARTESIANPOINT((8099.9999999999991,162.75,899.99999999999989));
#3081=IFCDIRECTION((0.,0.,1.));
#3082=IFCDIRECTION((1.,0.,0.));
#3083=IFCAXIS2PLACEMENT3D(#3080,#3081,#3082);
#3084=IFCLOCALPLACEMENT(#2765,#3083);
#3085=IFCMATERIALCONSTITUENTSET('Aluminium window',$,(#3086,#3087));
#3086=IFCMATERIALCONSTITUENT($,$,#1160,0.29999999999999999,$);
#3087=IFCMATERIALCONSTITUENT($,$,#1162,0.69999999999999996,$);
#3088=IFCRELASSOCIATESMATERIAL('1rW0qvpiD17h$yGJLEUcXi',$,$,$,(#3073),#3085);
#3089=IFCPROPERTYSET('2UswGfY2rB6fJP6$j5Y72q',$,'Pset_WindowCommon',$,(#3091,#3092,#3093));
#3090=IFCRELDEFINESBYPROPERTIES('2GFKv7fynEEOXyAIa4Gxy2',$,$,$,(#3073),#3089);
#3091=IFCPROPERTYSINGLEVALUE('IsExternal',$,IFCBOOLEAN(.T.),$);
#3092=IFCPROPERTYSINGLEVALUE('ThermalTransmittance',$,IFCTHERMALTRANSMITTANCEMEASURE(0.80000000000000004),$);
#3093=IFCPROPERTYSINGLEVALUE('GlazingAreaFraction',$,IFCPOSITIVERATIOMEASURE(0.69999999999999996),$);
#3094=IFCRELFILLSELEMENT('2DVlm9pYr34AG55uVnaGZE',$,$,$,#3017,#3073);
#3095=IFCCARTESIANPOINTLIST2D(((0.,0.),(0.,565.),(1800.,565.),(1800.,0.),(0.,0.)));
#3096=IFCINDEXEDPOLYCURVE(#3095,$,.F.);
#3097=IFCDIRECTION((0.,0.,1.));
#3098=IFCARBITRARYCLOSEDPROFILEDEF(.AREA.,$,#3096);
#3099=IFCCARTESIANPOINT((0.,0.,0.));
#3100=IFCDIRECTION((0.,0.,1.));
#3101=IFCDIRECTION((1.,0.,0.));
#3102=IFCAXIS2PLACEMENT3D(#3099,#3100,#3101);
#3103=IFCEXTRUDEDAREASOLID(#3098,#3102,#3097,1600.);
#3104=IFCSHAPEREPRESENTATION(#11,'Body','SweptSolid',(#3103));
#3105=IFCOPENINGELEMENT('2jfY3Kk3HC$gk9JPGk4$2V',$,'Opening for Window S4 L1',$,$,#3117,#3106,$,$);
#3106=IFCPRODUCTDEFINITIONSHAPE($,$,(#3104));
#3112=IFCRELVOIDSELEMENT('0ejCIBe5X59uRF5b84cUvB',$,$,$,#2817,#3105);
#3113=IFCCARTESIANPOINT((11100.,-50.,899.99999999999989));
#3114=IFCDIRECTION((0.,0.,1.));
#3115=IFCDIRECTION((1.,0.,0.));
#3116=IFCAXIS2PLACEMENT3D(#3113,#3114,#3115);
#3117=IFCLOCALPLACEMENT(#2828,#3116);
#3118=IFCCARTESIANPOINTLIST2D(((0.,0.),(1800.,0.),(1800.,1600.),(0.,1600.)));
#3119=IFCINDEXEDPOLYCURVE(#3118,(IFCLINEINDEX((1,2,3,4,1))),$);
#3120=IFCCARTESIANPOINTLIST2D(((25.,25.),(1775.,25.),(1775.,1575.),(25.,1575.)));
#3121=IFCINDEXEDPOLYCURVE(#3120,(IFCLINEINDEX((1,2,3,4,1))),$);
#3122=IFCARBITRARYPROFILEDEFWITHVOIDS(.AREA.,$,#3119,(#3121));
#3123=IFCCARTESIANPOINT((0.,90.,0.));
#3124=IFCDIRECTION((0.,-1.,0.));
#3125=IFCDIRECTION((1.,0.,0.));
#3126=IFCAXIS2PLACEMENT3D(#3123,#3124,#3125);
#3127=IFCDIRECTION((0.,0.,-1.));
#3128=IFCEXTRUDEDAREASOLID(#3122,#3126,#3127,10.);
#3129=IFCCARTESIANPOINTLIST2D(((0.,0.),(1800.,0.),(1800.,1600.),(0.,1600.)));
#3130=IFCINDEXEDPOLYCURVE(#3129,(IFCLINEINDEX((1,2,3,4,1))),$);
#3131=IFCCARTESIANPOINTLIST2D(((50.,50.),(1750.,50.),(1750.,1550.),(50.,1550.)));
#3132=IFCINDEXEDPOLYCURVE(#3131,(IFCLINEINDEX((1,2,3,4,1))),$);
#3133=IFCARBITRARYPROFILEDEFWITHVOIDS(.AREA.,$,#3130,(#3132));
#3134=IFCCARTESIANPOINT((0.,50.,0.));
#3135=IFCDIRECTION((0.,-1.,0.));
#3136=IFCDIRECTION((1.,0.,0.));
#3137=IFCAXIS2PLACEMENT3D(#3134,#3135,#3136);
#3138=IFCDIRECTION((0.,0.,-1.));
#3139=IFCEXTRUDEDAREASOLID(#3133,#3137,#3138,40.);
#3140=IFCCARTESIANPOINTLIST2D(((0.,0.),(1750.,0.),(1750.,1550.),(0.,1550.)));
#3141=IFCINDEXEDPOLYCURVE(#3140,(IFCLINEINDEX((1,2,3,4,1))),$);
#3142=IFCCARTESIANPOINTLIST2D(((35.,35.),(1715.,35.),(1715.,1515.),(35.,1515.)));
#3143=IFCINDEXEDPOLYCURVE(#3142,(IFCLINEINDEX((1,2,3,4,1))),$);
#3144=IFCARBITRARYPROFILEDEFWITHVOIDS(.AREA.,$,#3141,(#3143));
#3145=IFCCARTESIANPOINT((25.,90.,25.));
#3146=IFCDIRECTION((0.,-1.,0.));
#3147=IFCDIRECTION((1.,0.,0.));
#3148=IFCAXIS2PLACEMENT3D(#3145,#3146,#3147);
#3149=IFCDIRECTION((0.,0.,-1.));
#3150=IFCEXTRUDEDAREASOLID(#3144,#3148,#3149,35.);
#3151=IFCINDEXEDPOLYCURVE(#3152,(IFCLINEINDEX((1,2,3,4,1))),$);
#3152=IFCCARTESIANPOINTLIST2D(((35.,35.),(1715.,35.),(1715.,1515.),(35.,1515.)));
#3153=IFCARBITRARYCLOSEDPROFILEDEF(.AREA.,$,#3151);
#3154=IFCCARTESIANPOINT((25.,102.5,25.));
#3155=IFCDIRECTION((0.,-1.,0.));
#3156=IFCDIRECTION((1.,0.,0.));
#3157=IFCAXIS2PLACEMENT3D(#3154,#3155,#3156);
#3158=IFCDIRECTION((0.,0.,-1.));
#3159=IFCEXTRUDEDAREASOLID(#3153,#3157,#3158,10.);
#3160=IFCSHAPEREPRESENTATION(#11,'Body','SweptSolid',(#3128,#3139,#3150,#3159));
#3161=IFCWINDOW('35RgEDzJb1G8NTN7kNuuVZ',$,'Window S4 L1',$,$,#3172,#3162,$,1600.,1800.,.WINDOW.,$,$);
#3162=IFCPRODUCTDEFINITIONSHAPE($,$,(#3160));
#3168=IFCCARTESIANPOINT((11100.,162.75,899.99999999999989));
#3169=IFCDIRECTION((0.,0.,1.));
#3170=IFCDIRECTION((1.,0.,0.));
#3171=IFCAXIS2PLACEMENT3D(#3168,#3169,#3170);
#3172=IFCLOCALPLACEMENT(#2765,#3171);
#3173=IFCMATERIALCONSTITUENTSET('Aluminium window',$,(#3174,#3175));
#3174=IFCMATERIALCONSTITUENT($,$,#1160,0.29999999999999999,$);
#3175=IFCMATERIALCONSTITUENT($,$,#1162,0.69999999999999996,$);
#3176=IFCRELASSOCIATESMATERIAL('3kYRS0dvP2qu3bDyY0IOZS',$,$,$,(#3161),#3173);
#3177=IFCPROPERTYSET('1I1Nrg20r8Y8G6K1nFKEih',$,'Pset_WindowCommon',$,(#3179,#3180,#3181));
#3178=IFCRELDEFINESBYPROPERTIES('0JVbudUl59pOJY4uXj4DHl',$,$,$,(#3161),#3177);
#3179=IFCPROPERTYSINGLEVALUE('IsExternal',$,IFCBOOLEAN(.T.),$);
#3180=IFCPROPERTYSINGLEVALUE('ThermalTransmittance',$,IFCTHERMALTRANSMITTANCEMEASURE(0.80000000000000004),$);
#3181=IFCPROPERTYSINGLEVALUE('GlazingAreaFraction',$,IFCPOSITIVERATIOMEASURE(0.69999999999999996),$);
#3182=IFCRELFILLSELEMENT('0sYZHzrdbDGvNueLxwEiXF',$,$,$,#3105,#3161);
#3183=IFCCARTESIANPOINTLIST2D(((0.,0.),(0.,565.),(1800.,565.),(1800.,0.),(0.,0.)));
#3184=IFCINDEXEDPOLYCURVE(#3183,$,.F.);
#3185=IFCDIRECTION((0.,0.,1.));
#3186=IFCARBITRARYCLOSEDPROFILEDEF(.AREA.,$,#3184);
#3187=IFCCARTESIANPOINT((0.,0.,0.));
#3188=IFCDIRECTION((0.,0.,1.));
#3189=IFCDIRECTION((1.,0.,0.));
#3190=IFCAXIS2PLACEMENT3D(#3187,#3188,#3189);
#3191=IFCEXTRUDEDAREASOLID(#3186,#3190,#3185,1600.);
#3192=IFCSHAPEREPRESENTATION(#11,'Body','SweptSolid',(#3191));
#3193=IFCOPENINGELEMENT('0slwAGkL92ofs8fdSuNhQi',$,'Opening for Window S5 L1',$,$,#3205,#3194,$,$);
#3194=IFCPRODUCTDEFINITIONSHAPE($,$,(#3192));
#3200=IFCRELVOIDSELEMENT('2pBxU4H711ffml0C38p8SO',$,$,$,#2817,#3193);
#3201=IFCCARTESIANPOINT((14100.,-50.,899.99999999999989));
#3202=IFCDIRECTION((0.,0.,1.));
#3203=IFCDIRECTION((1.,0.,0.));
#3204=IFCAXIS2PLACEMENT3D(#3201,#3202,#3203);
#3205=IFCLOCALPLACEMENT(#2828,#3204);
#3206=IFCCARTESIANPOINTLIST2D(((0.,0.),(1800.,0.),(1800.,1600.),(0.,1600.)));
#3207=IFCINDEXEDPOLYCURVE(#3206,(IFCLINEINDEX((1,2,3,4,1))),$);
#3208=IFCCARTESIANPOINTLIST2D(((25.,25.),(1775.,25.),(1775.,1575.),(25.,1575.)));
#3209=IFCINDEXEDPOLYCURVE(#3208,(IFCLINEINDEX((1,2,3,4,1))),$);
#3210=IFCARBITRARYPROFILEDEFWITHVOIDS(.AREA.,$,#3207,(#3209));
#3211=IFCCARTESIANPOINT((0.,90.,0.));
#3212=IFCDIRECTION((0.,-1.,0.));
#3213=IFCDIRECTION((1.,0.,0.));
#3214=IFCAXIS2PLACEMENT3D(#3211,#3212,#3213);
#3215=IFCDIRECTION((0.,0.,-1.));
#3216=IFCEXTRUDEDAREASOLID(#3210,#3214,#3215,10.);
#3217=IFCCARTESIANPOINTLIST2D(((0.,0.),(1800.,0.),(1800.,1600.),(0.,1600.)));
#3218=IFCINDEXEDPOLYCURVE(#3217,(IFCLINEINDEX((1,2,3,4,1))),$);
#3219=IFCCARTESIANPOINTLIST2D(((50.,50.),(1750.,50.),(1750.,1550.),(50.,1550.)));
#3220=IFCINDEXEDPOLYCURVE(#3219,(IFCLINEINDEX((1,2,3,4,1))),$);
#3221=IFCARBITRARYPROFILEDEFWITHVOIDS(.AREA.,$,#3218,(#3220));
#3222=IFCCARTESIANPOINT((0.,50.,0.));
#3223=IFCDIRECTION((0.,-1.,0.));
#3224=IFCDIRECTION((1.,0.,0.));
#3225=IFCAXIS2PLACEMENT3D(#3222,#3223,#3224);
#3226=IFCDIRECTION((0.,0.,-1.));
#3227=IFCEXTRUDEDAREASOLID(#3221,#3225,#3226,40.);
#3228=IFCCARTESIANPOINTLIST2D(((0.,0.),(1750.,0.),(1750.,1550.),(0.,1550.)));
#3229=IFCINDEXEDPOLYCURVE(#3228,(IFCLINEINDEX((1,2,3,4,1))),$);
#3230=IFCCARTESIANPOINTLIST2D(((35.,35.),(1715.,35.),(1715.,1515.),(35.,1515.)));
#3231=IFCINDEXEDPOLYCURVE(#3230,(IFCLINEINDEX((1,2,3,4,1))),$);
#3232=IFCARBITRARYPROFILEDEFWITHVOIDS(.AREA.,$,#3229,(#3231));
#3233=IFCCARTESIANPOINT((25.,90.,25.));
#3234=IFCDIRECTION((0.,-1.,0.));
#3235=IFCDIRECTION((1.,0.,0.));
#3236=IFCAXIS2PLACEMENT3D(#3233,#3234,#3235);
#3237=IFCDIRECTION((0.,0.,-1.));
#3238=IFCEXTRUDEDAREASOLID(#3232,#3236,#3237,35.);
#3239=IFCINDEXEDPOLYCURVE(#3240,(IFCLINEINDEX((1,2,3,4,1))),$);
#3240=IFCCARTESIANPOINTLIST2D(((35.,35.),(1715.,35.),(1715.,1515.),(35.,1515.)));
#3241=IFCARBITRARYCLOSEDPROFILEDEF(.AREA.,$,#3239);
#3242=IFCCARTESIANPOINT((25.,102.5,25.));
#3243=IFCDIRECTION((0.,-1.,0.));
#3244=IFCDIRECTION((1.,0.,0.));
#3245=IFCAXIS2PLACEMENT3D(#3242,#3243,#3244);
#3246=IFCDIRECTION((0.,0.,-1.));
#3247=IFCEXTRUDEDAREASOLID(#3241,#3245,#3246,10.);
#3248=IFCSHAPEREPRESENTATION(#11,'Body','SweptSolid',(#3216,#3227,#3238,#3247));
#3249=IFCWINDOW('2oLIwJ21j249RdFdbGfJA3',$,'Window S5 L1',$,$,#3260,#3250,$,1600.,1800.,.WINDOW.,$,$);
#3250=IFCPRODUCTDEFINITIONSHAPE($,$,(#3248));
#3256=IFCCARTESIANPOINT((14100.,162.75,899.99999999999989));
#3257=IFCDIRECTION((0.,0.,1.));
#3258=IFCDIRECTION((1.,0.,0.));
#3259=IFCAXIS2PLACEMENT3D(#3256,#3257,#3258);
#3260=IFCLOCALPLACEMENT(#2765,#3259);
#3261=IFCMATERIALCONSTITUENTSET('Aluminium window',$,(#3262,#3263));
#3262=IFCMATERIALCONSTITUENT($,$,#1160,0.29999999999999999,$);
#3263=IFCMATERIALCONSTITUENT($,$,#1162,0.69999999999999996,$);
#3264=IFCRELASSOCIATESMATERIAL('0iwESQOnn7tehjMTQ4Mp9m',$,$,$,(#3249),#3261);
#3265=IFCPROPERTYSET('2WEEHaVSP1qPB0QniCxHOl',$,'Pset_WindowCommon',$,(#3267,#3268,#3269));
#3266=IFCRELDEFINESBYPROPERTIES('21BVZr9yP1_OuFU_D4NkVK',$,$,$,(#3249),#3265);
#3267=IFCPROPERTYSINGLEVALUE('IsExternal',$,IFCBOOLEAN(.T.),$);
#3268=IFCPROPERTYSINGLEVALUE('ThermalTransmittance',$,IFCTHERMALTRANSMITTANCEMEASURE(0.80000000000000004),$);
#3269=IFCPROPERTYSINGLEVALUE('GlazingAreaFraction',$,IFCPOSITIVERATIOMEASURE(0.69999999999999996),$);
#3270=IFCRELFILLSELEMENT('1SAoWe$pDAwAhS6HviSfJD',$,$,$,#3193,#3249);
#3271=IFCCARTESIANPOINTLIST2D(((0.,0.),(0.,565.),(1800.,565.),(1800.,0.),(0.,0.)));
#3272=IFCINDEXEDPOLYCURVE(#3271,$,.F.);
#3273=IFCDIRECTION((0.,0.,1.));
#3274=IFCARBITRARYCLOSEDPROFILEDEF(.AREA.,$,#3272);
#3275=IFCCARTESIANPOINT((0.,0.,0.));
#3276=IFCDIRECTION((0.,0.,1.));
#3277=IFCDIRECTION((1.,0.,0.));
#3278=IFCAXIS2PLACEMENT3D(#3275,#3276,#3277);
#3279=IFCEXTRUDEDAREASOLID(#3274,#3278,#3273,1600.);
#3280=IFCSHAPEREPRESENTATION(#11,'Body','SweptSolid',(#3279));
#3281=IFCOPENINGELEMENT('1B8NLUUPL6WgPwRCCLGS$q',$,'Opening for Window S6 L1',$,$,#3293,#3282,$,$);
#3282=IFCPRODUCTDEFINITIONSHAPE($,$,(#3280));
#3288=IFCRELVOIDSELEMENT('2iS8mLbEnBquDma$n48evW',$,$,$,#2817,#3281);
#3289=IFCCARTESIANPOINT((17100.,-50.,899.99999999999989));
#3290=IFCDIRECTION((0.,0.,1.));
#3291=IFCDIRECTION((1.,0.,0.));
#3292=IFCAXIS2PLACEMENT3D(#3289,#3290,#3291);
#3293=IFCLOCALPLACEMENT(#2828,#3292);
#3294=IFCCARTESIANPOINTLIST2D(((0.,0.),(1800.,0.),(1800.,1600.),(0.,1600.)));
#3295=IFCINDEXEDPOLYCURVE(#3294,(IFCLINEINDEX((1,2,3,4,1))),$);
#3296=IFCCARTESIANPOINTLIST2D(((25.,25.),(1775.,25.),(1775.,1575.),(25.,1575.)));
#3297=IFCINDEXEDPOLYCURVE(#3296,(IFCLINEINDEX((1,2,3,4,1))),$);
#3298=IFCARBITRARYPROFILEDEFWITHVOIDS(.AREA.,$,#3295,(#3297));
#3299=IFCCARTESIANPOINT((0.,90.,0.));
#3300=IFCDIRECTION((0.,-1.,0.));
#3301=IFCDIRECTION((1.,0.,0.));
#3302=IFCAXIS2PLACEMENT3D(#3299,#3300,#3301);
#3303=IFCDIRECTION((0.,0.,-1.));
#3304=IFCEXTRUDEDAREASOLID(#3298,#3302,#3303,10.);
#3305=IFCCARTESIANPOINTLIST2D(((0.,0.),(1800.,0.),(1800.,1600.),(0.,1600.)));
#3306=IFCINDEXEDPOLYCURVE(#3305,(IFCLINEINDEX((1,2,3,4,1))),$);
#3307=IFCCARTESIANPOINTLIST2D(((50.,50.),(1750.,50.),(1750.,1550.),(50.,1550.)));
#3308=IFCINDEXEDPOLYCURVE(#3307,(IFCLINEINDEX((1,2,3,4,1))),$);
#3309=IFCARBITRARYPROFILEDEFWITHVOIDS(.AREA.,$,#3306,(#3308));
#3310=IFCCARTESIANPOINT((0.,50.,0.));
#3311=IFCDIRECTION((0.,-1.,0.));
#3312=IFCDIRECTION((1.,0.,0.));
#3313=IFCAXIS2PLACEMENT3D(#3310,#3311,#3312);
#3314=IFCDIRECTION((0.,0.,-1.));
#3315=IFCEXTRUDEDAREASOLID(#3309,#3313,#3314,40.);
#3316=IFCCARTESIANPOINTLIST2D(((0.,0.),(1750.,0.),(1750.,1550.),(0.,1550.)));
#3317=IFCINDEXEDPOLYCURVE(#3316,(IFCLINEINDEX((1,2,3,4,1))),$);
#3318=IFCCARTESIANPOINTLIST2D(((35.,35.),(1715.,35.),(1715.,1515.),(35.,1515.)));
#3319=IFCINDEXEDPOLYCURVE(#3318,(IFCLINEINDEX((1,2,3,4,1))),$);
#3320=IFCARBITRARYPROFILEDEFWITHVOIDS(.AREA.,$,#3317,(#3319));
#3321=IFCCARTESIANPOINT((25.,90.,25.));
#3322=IFCDIRECTION((0.,-1.,0.));
#3323=IFCDIRECTION((1.,0.,0.));
#3324=IFCAXIS2PLACEMENT3D(#3321,#3322,#3323);
#3325=IFCDIRECTION((0.,0.,-1.));
#3326=IFCEXTRUDEDAREASOLID(#3320,#3324,#3325,35.);
#3327=IFCINDEXEDPOLYCURVE(#3328,(IFCLINEINDEX((1,2,3,4,1))),$);
#3328=IFCCARTESIANPOINTLIST2D(((35.,35.),(1715.,35.),(1715.,1515.),(35.,1515.)));
#3329=IFCARBITRARYCLOSEDPROFILEDEF(.AREA.,$,#3327);
#3330=IFCCARTESIANPOINT((25.,102.5,25.));
#3331=IFCDIRECTION((0.,-1.,0.));
#3332=IFCDIRECTION((1.,0.,0.));
#3333=IFCAXIS2PLACEMENT3D(#3330,#3331,#3332);
#3334=IFCDIRECTION((0.,0.,-1.));
#3335=IFCEXTRUDEDAREASOLID(#3329,#3333,#3334,10.);
#3336=IFCSHAPEREPRESENTATION(#11,'Body','SweptSolid',(#3304,#3315,#3326,#3335));
#3337=IFCWINDOW('1psv_TlQXDFP$4eYFc7itt',$,'Window S6 L1',$,$,#3348,#3338,$,1600.,1800.,.WINDOW.,$,$);
#3338=IFCPRODUCTDEFINITIONSHAPE($,$,(#3336));
#3344=IFCCARTESIANPOINT((17100.,162.75,899.99999999999989));
#3345=IFCDIRECTION((0.,0.,1.));
#3346=IFCDIRECTION((1.,0.,0.));
#3347=IFCAXIS2PLACEMENT3D(#3344,#3345,#3346);
#3348=IFCLOCALPLACEMENT(#2765,#3347);
#3349=IFCMATERIALCONSTITUENTSET('Aluminium window',$,(#3350,#3351));
#3350=IFCMATERIALCONSTITUENT($,$,#1160,0.29999999999999999,$);
#3351=IFCMATERIALCONSTITUENT($,$,#1162,0.69999999999999996,$);
#3352=IFCRELASSOCIATESMATERIAL('2Sy$g5M3nDqe9J35InTCFo',$,$,$,(#3337),#3349);
#3353=IFCPROPERTYSET('2q4mKN5dj5o8nTE8pnE5R9',$,'Pset_WindowCommon',$,(#3355,#3356,#3357));
#3354=IFCRELDEFINESBYPROPERTIES('0uIwmrM3DBvgbuQHxViVnC',$,$,$,(#3337),#3353);
#3355=IFCPROPERTYSINGLEVALUE('IsExternal',$,IFCBOOLEAN(.T.),$);
#3356=IFCPROPERTYSINGLEVALUE('ThermalTransmittance',$,IFCTHERMALTRANSMITTANCEMEASURE(0.80000000000000004),$);
#3357=IFCPROPERTYSINGLEVALUE('GlazingAreaFraction',$,IFCPOSITIVERATIOMEASURE(0.69999999999999996),$);
#3358=IFCRELFILLSELEMENT('1_cZCYCLH0DgI49PfdbcKN',$,$,$,#3281,#3337);
#3359=IFCCARTESIANPOINTLIST2D(((0.,0.),(0.,565.),(1800.,565.),(1800.,0.),(0.,0.)));
#3360=IFCINDEXEDPOLYCURVE(#3359,$,.F.);
#3361=IFCDIRECTION((0.,0.,1.));
#3362=IFCARBITRARYCLOSEDPROFILEDEF(.AREA.,$,#3360);
#3363=IFCCARTESIANPOINT((0.,0.,0.));
#3364=IFCDIRECTION((0.,0.,1.));
#3365=IFCDIRECTION((1.,0.,0.));
#3366=IFCAXIS2PLACEMENT3D(#3363,#3364,#3365);
#3367=IFCEXTRUDEDAREASOLID(#3362,#3366,#3361,1600.);
#3368=IFCSHAPEREPRESENTATION(#11,'Body','SweptSolid',(#3367));
#3369=IFCOPENINGELEMENT('08sdQNvJD6cw4kknX0Lgze',$,'Opening for Window S7 L1',$,$,#3381,#3370,$,$);
#3370=IFCPRODUCTDEFINITIONSHAPE($,$,(#3368));
#3376=IFCRELVOIDSELEMENT('34E1ZNMyn3sPR3Rmyk2khV',$,$,$,#2817,#3369);
#3377=IFCCARTESIANPOINT((20100.,-50.,899.99999999999989));
#3378=IFCDIRECTION((0.,0.,1.));
#3379=IFCDIRECTION((1.,0.,0.));
#3380=IFCAXIS2PLACEMENT3D(#3377,#3378,#3379);
#3381=IFCLOCALPLACEMENT(#2828,#3380);
#3382=IFCCARTESIANPOINTLIST2D(((0.,0.),(1800.,0.),(1800.,1600.),(0.,1600.)));
#3383=IFCINDEXEDPOLYCURVE(#3382,(IFCLINEINDEX((1,2,3,4,1))),$);
#3384=IFCCARTESIANPOINTLIST2D(((25.,25.),(1775.,25.),(1775.,1575.),(25.,1575.)));
#3385=IFCINDEXEDPOLYCURVE(#3384,(IFCLINEINDEX((1,2,3,4,1))),$);
#3386=IFCARBITRARYPROFILEDEFWITHVOIDS(.AREA.,$,#3383,(#3385));
#3387=IFCCARTESIANPOINT((0.,90.,0.));
#3388=IFCDIRECTION((0.,-1.,0.));
#3389=IFCDIRECTION((1.,0.,0.));
#3390=IFCAXIS2PLACEMENT3D(#3387,#3388,#3389);
#3391=IFCDIRECTION((0.,0.,-1.));
#3392=IFCEXTRUDEDAREASOLID(#3386,#3390,#3391,10.);
#3393=IFCCARTESIANPOINTLIST2D(((0.,0.),(1800.,0.),(1800.,1600.),(0.,1600.)));
#3394=IFCINDEXEDPOLYCURVE(#3393,(IFCLINEINDEX((1,2,3,4,1))),$);
#3395=IFCCARTESIANPOINTLIST2D(((50.,50.),(1750.,50.),(1750.,1550.),(50.,1550.)));
#3396=IFCINDEXEDPOLYCURVE(#3395,(IFCLINEINDEX((1,2,3,4,1))),$);
#3397=IFCARBITRARYPROFILEDEFWITHVOIDS(.AREA.,$,#3394,(#3396));
#3398=IFCCARTESIANPOINT((0.,50.,0.));
#3399=IFCDIRECTION((0.,-1.,0.));
#3400=IFCDIRECTION((1.,0.,0.));
#3401=IFCAXIS2PLACEMENT3D(#3398,#3399,#3400);
#3402=IFCDIRECTION((0.,0.,-1.));
#3403=IFCEXTRUDEDAREASOLID(#3397,#3401,#3402,40.);
#3404=IFCCARTESIANPOINTLIST2D(((0.,0.),(1750.,0.),(1750.,1550.),(0.,1550.)));
#3405=IFCINDEXEDPOLYCURVE(#3404,(IFCLINEINDEX((1,2,3,4,1))),$);
#3406=IFCCARTESIANPOINTLIST2D(((35.,35.),(1715.,35.),(1715.,1515.),(35.,1515.)));
#3407=IFCINDEXEDPOLYCURVE(#3406,(IFCLINEINDEX((1,2,3,4,1))),$);
#3408=IFCARBITRARYPROFILEDEFWITHVOIDS(.AREA.,$,#3405,(#3407));
#3409=IFCCARTESIANPOINT((25.,90.,25.));
#3410=IFCDIRECTION((0.,-1.,0.));
#3411=IFCDIRECTION((1.,0.,0.));
#3412=IFCAXIS2PLACEMENT3D(#3409,#3410,#3411);
#3413=IFCDIRECTION((0.,0.,-1.));
#3414=IFCEXTRUDEDAREASOLID(#3408,#3412,#3413,35.);
#3415=IFCINDEXEDPOLYCURVE(#3416,(IFCLINEINDEX((1,2,3,4,1))),$);
#3416=IFCCARTESIANPOINTLIST2D(((35.,35.),(1715.,35.),(1715.,1515.),(35.,1515.)));
#3417=IFCARBITRARYCLOSEDPROFILEDEF(.AREA.,$,#3415);
#3418=IFCCARTESIANPOINT((25.,102.5,25.));
#3419=IFCDIRECTION((0.,-1.,0.));
#3420=IFCDIRECTION((1.,0.,0.));
#3421=IFCAXIS2PLACEMENT3D(#3418,#3419,#3420);
#3422=IFCDIRECTION((0.,0.,-1.));
#3423=IFCEXTRUDEDAREASOLID(#3417,#3421,#3422,10.);
#3424=IFCSHAPEREPRESENTATION(#11,'Body','SweptSolid',(#3392,#3403,#3414,#3423));
#3425=IFCWINDOW('2ArSS1z9TCfgNmPmkPt_Mr',$,'Window S7 L1',$,$,#3436,#3426,$,1600.,1800.,.WINDOW.,$,$);
#3426=IFCPRODUCTDEFINITIONSHAPE($,$,(#3424));
#3432=IFCCARTESIANPOINT((20100.,162.75,899.99999999999989));
#3433=IFCDIRECTION((0.,0.,1.));
#3434=IFCDIRECTION((1.,0.,0.));
#3435=IFCAXIS2PLACEMENT3D(#3432,#3433,#3434);
#3436=IFCLOCALPLACEMENT(#2765,#3435);
#3437=IFCMATERIALCONSTITUENTSET('Aluminium window',$,(#3438,#3439));
#3438=IFCMATERIALCONSTITUENT($,$,#1160,0.29999999999999999,$);
#3439=IFCMATERIALCONSTITUENT($,$,#1162,0.69999999999999996,$);
#3440=IFCRELASSOCIATESMATERIAL('3CrnaXqzvDr9XevZs32VaJ',$,$,$,(#3425),#3437);
#3441=IFCPROPERTYSET('1t2iVWFkbBdgBRFnc6JKBd',$,'Pset_WindowCommon',$,(#3443,#3444,#3445));
#3442=IFCRELDEFINESBYPROPERTIES('1Emvvz7n12IPS0YXfvHUtF',$,$,$,(#3425),#3441);
#3443=IFCPROPERTYSINGLEVALUE('IsExternal',$,IFCBOOLEAN(.T.),$);
#3444=IFCPROPERTYSINGLEVALUE('ThermalTransmittance',$,IFCTHERMALTRANSMITTANCEMEASURE(0.80000000000000004),$);
#3445=IFCPROPERTYSINGLEVALUE('GlazingAreaFraction',$,IFCPOSITIVERATIOMEASURE(0.69999999999999996),$);
#3446=IFCRELFILLSELEMENT('2KGb0Ekq51eerKJih5JSB1',$,$,$,#3369,#3425);
#3447=IFCELEMENTQUANTITY('02QsHpmL57MRFsw$bD4s6T',$,'Qto_WallBaseQuantities',$,'BaseQuantities',(#3449,#3450,#3451,#3452,#3453,#3454));
#3448=IFCRELDEFINESBYPROPERTIES('2wiRELmIr0yP5VHNvOySXY',$,$,$,(#2817),#3447);
#3449=IFCQUANTITYLENGTH('Length',$,$,24000.,$);
#3450=IFCQUANTITYLENGTH('Height',$,$,3350.,$);
#3451=IFCQUANTITYLENGTH('Width',$,$,465.,$);
#3452=IFCQUANTITYVOLUME('GrossVolume',$,$,37.386000000000003,$);
#3453=IFCQUANTITYVOLUME('NetVolume',$,$,28.011600000000005,$);
#3454=IFCQUANTITYAREA('NetSideArea',$,$,60.240000000000009,$);
#3455=IFCPROPERTYSET('1RGk$wI$95X9kaU65yC_MI',$,'Pset_WallCommon',$,(#3457,#3458,#3459,#3460));
#3456=IFCRELDEFINESBYPROPERTIES('3c0Z3CwCTBOOgWyRrjd3FJ',$,$,$,(#2817),#3455);
#3457=IFCPROPERTYSINGLEVALUE('IsExternal',$,IFCBOOLEAN(.T.),$);
#3458=IFCPROPERTYSINGLEVALUE('LoadBearing',$,IFCBOOLEAN(.T.),$);
#3459=IFCPROPERTYSINGLEVALUE('FireRating',$,IFCLABEL('REI 60'),$);
#3460=IFCPROPERTYSINGLEVALUE('ThermalTransmittance',$,IFCTHERMALTRANSMITTANCEMEASURE(0.20999999999999999),$);
#3461=IFCCARTESIANPOINTLIST2D(((0.,0.),(0.,465.),(24000.,465.),(24000.,0.),(0.,0.)));
#3462=IFCINDEXEDPOLYCURVE(#3461,$,.F.);
#3463=IFCDIRECTION((0.,0.,1.));
#3464=IFCARBITRARYCLOSEDPROFILEDEF(.AREA.,$,#3462);
#3465=IFCCARTESIANPOINT((0.,0.,0.));
#3466=IFCDIRECTION((0.,0.,1.));
#3467=IFCDIRECTION((1.,0.,0.));
#3468=IFCAXIS2PLACEMENT3D(#3465,#3466,#3467);
#3469=IFCEXTRUDEDAREASOLID(#3464,#3468,#3463,3350.);
#3470=IFCSHAPEREPRESENTATION(#11,'Body','SweptSolid',(#3469));
#3471=IFCWALL('3I$4wyDHf6JREhpUh9PyUA',$,'North wall L1',$,$,#3482,#3472,$,$);
#3472=IFCPRODUCTDEFINITIONSHAPE($,$,(#3470));
#3478=IFCCARTESIANPOINT((24000.,14000.,0.));
#3479=IFCDIRECTION((0.,0.,1.));
#3480=IFCDIRECTION((-1.,1.2246467991473532E-16,0.));
#3481=IFCAXIS2PLACEMENT3D(#3478,#3479,#3480);
#3482=IFCLOCALPLACEMENT(#2765,#3481);
#3483=IFCMATERIALLAYERSETUSAGE(#952,.AXIS2.,.POSITIVE.,0.,$);
#3484=IFCRELASSOCIATESMATERIAL('2MBTSLS$D6wgehP6E1u1Lb',$,$,$,(#3471),#3483);
#3485=IFCCARTESIANPOINTLIST2D(((0.,0.),(0.,565.),(1800.,565.),(1800.,0.),(0.,0.)));
#3486=IFCINDEXEDPOLYCURVE(#3485,$,.F.);
#3487=IFCDIRECTION((0.,0.,1.));
#3488=IFCARBITRARYCLOSEDPROFILEDEF(.AREA.,$,#3486);
#3489=IFCCARTESIANPOINT((0.,0.,0.));
#3490=IFCDIRECTION((0.,0.,1.));
#3491=IFCDIRECTION((1.,0.,0.));
#3492=IFCAXIS2PLACEMENT3D(#3489,#3490,#3491);
#3493=IFCEXTRUDEDAREASOLID(#3488,#3492,#3487,1600.);
#3494=IFCSHAPEREPRESENTATION(#11,'Body','SweptSolid',(#3493));
#3495=IFCOPENINGELEMENT('2vNvmoU_b0GObUh2qW7X3T',$,'Opening for Window N1 L1',$,$,#3507,#3496,$,$);
#3496=IFCPRODUCTDEFINITIONSHAPE($,$,(#3494));
#3502=IFCRELVOIDSELEMENT('0rsai_Dp9DPgvKd2J_xQKC',$,$,$,#3471,#3495);
#3503=IFCCARTESIANPOINT((2100.0000000000014,-50.000000000000711,899.99999999999989));
#3504=IFCDIRECTION((0.,0.,1.));
#3505=IFCDIRECTION((1.,0.,0.));
#3506=IFCAXIS2PLACEMENT3D(#3503,#3504,#3505);
#3507=IFCLOCALPLACEMENT(#3482,#3506);
#3508=IFCCARTESIANPOINTLIST2D(((0.,0.),(1800.,0.),(1800.,1600.),(0.,1600.)));
#3509=IFCINDEXEDPOLYCURVE(#3508,(IFCLINEINDEX((1,2,3,4,1))),$);
#3510=IFCCARTESIANPOINTLIST2D(((25.,25.),(1775.,25.),(1775.,1575.),(25.,1575.)));
#3511=IFCINDEXEDPOLYCURVE(#3510,(IFCLINEINDEX((1,2,3,4,1))),$);
#3512=IFCARBITRARYPROFILEDEFWITHVOIDS(.AREA.,$,#3509,(#3511));
#3513=IFCCARTESIANPOINT((0.,90.,0.));
#3514=IFCDIRECTION((0.,-1.,0.));
#3515=IFCDIRECTION((1.,0.,0.));
#3516=IFCAXIS2PLACEMENT3D(#3513,#3514,#3515);
#3517=IFCDIRECTION((0.,0.,-1.));
#3518=IFCEXTRUDEDAREASOLID(#3512,#3516,#3517,10.);
#3519=IFCCARTESIANPOINTLIST2D(((0.,0.),(1800.,0.),(1800.,1600.),(0.,1600.)));
#3520=IFCINDEXEDPOLYCURVE(#3519,(IFCLINEINDEX((1,2,3,4,1))),$);
#3521=IFCCARTESIANPOINTLIST2D(((50.,50.),(1750.,50.),(1750.,1550.),(50.,1550.)));
#3522=IFCINDEXEDPOLYCURVE(#3521,(IFCLINEINDEX((1,2,3,4,1))),$);
#3523=IFCARBITRARYPROFILEDEFWITHVOIDS(.AREA.,$,#3520,(#3522));
#3524=IFCCARTESIANPOINT((0.,50.,0.));
#3525=IFCDIRECTION((0.,-1.,0.));
#3526=IFCDIRECTION((1.,0.,0.));
#3527=IFCAXIS2PLACEMENT3D(#3524,#3525,#3526);
#3528=IFCDIRECTION((0.,0.,-1.));
#3529=IFCEXTRUDEDAREASOLID(#3523,#3527,#3528,40.);
#3530=IFCCARTESIANPOINTLIST2D(((0.,0.),(1750.,0.),(1750.,1550.),(0.,1550.)));
#3531=IFCINDEXEDPOLYCURVE(#3530,(IFCLINEINDEX((1,2,3,4,1))),$);
#3532=IFCCARTESIANPOINTLIST2D(((35.,35.),(1715.,35.),(1715.,1515.),(35.,1515.)));
#3533=IFCINDEXEDPOLYCURVE(#3532,(IFCLINEINDEX((1,2,3,4,1))),$);
#3534=IFCARBITRARYPROFILEDEFWITHVOIDS(.AREA.,$,#3531,(#3533));
#3535=IFCCARTESIANPOINT((25.,90.,25.));
#3536=IFCDIRECTION((0.,-1.,0.));
#3537=IFCDIRECTION((1.,0.,0.));
#3538=IFCAXIS2PLACEMENT3D(#3535,#3536,#3537);
#3539=IFCDIRECTION((0.,0.,-1.));
#3540=IFCEXTRUDEDAREASOLID(#3534,#3538,#3539,35.);
#3541=IFCINDEXEDPOLYCURVE(#3542,(IFCLINEINDEX((1,2,3,4,1))),$);
#3542=IFCCARTESIANPOINTLIST2D(((35.,35.),(1715.,35.),(1715.,1515.),(35.,1515.)));
#3543=IFCARBITRARYCLOSEDPROFILEDEF(.AREA.,$,#3541);
#3544=IFCCARTESIANPOINT((25.,102.5,25.));
#3545=IFCDIRECTION((0.,-1.,0.));
#3546=IFCDIRECTION((1.,0.,0.));
#3547=IFCAXIS2PLACEMENT3D(#3544,#3545,#3546);
#3548=IFCDIRECTION((0.,0.,-1.));
#3549=IFCEXTRUDEDAREASOLID(#3543,#3547,#3548,10.);
#3550=IFCSHAPEREPRESENTATION(#11,'Body','SweptSolid',(#3518,#3529,#3540,#3549));
#3551=IFCWINDOW('00NsBjKWbE2u_5tyO9GpI7',$,'Window N1 L1',$,$,#3562,#3552,$,1600.,1800.,.WINDOW.,$,$);
#3552=IFCPRODUCTDEFINITIONSHAPE($,$,(#3550));
#3558=IFCCARTESIANPOINT((21899.999999999996,13837.249999999998,899.99999999999989));
#3559=IFCDIRECTION((0.,0.,1.));
#3560=IFCDIRECTION((-1.,1.2246467991473532E-16,0.));
#3561=IFCAXIS2PLACEMENT3D(#3558,#3559,#3560);
#3562=IFCLOCALPLACEMENT(#2765,#3561);
#3563=IFCMATERIALCONSTITUENTSET('Aluminium window',$,(#3564,#3565));
#3564=IFCMATERIALCONSTITUENT($,$,#1160,0.29999999999999999,$);
#3565=IFCMATERIALCONSTITUENT($,$,#1162,0.69999999999999996,$);
#3566=IFCRELASSOCIATESMATERIAL('0Je_YZ3hT2GOBYDPrvY9sE',$,$,$,(#3551),#3563);
#3567=IFCPROPERTYSET('3w17OjiXX1pPsfbPKlD10P',$,'Pset_WindowCommon',$,(#3569,#3570,#3571));
#3568=IFCRELDEFINESBYPROPERTIES('06qpr3Gcz9tA6ZYVVViBBC',$,$,$,(#3551),#3567);
#3569=IFCPROPERTYSINGLEVALUE('IsExternal',$,IFCBOOLEAN(.T.),$);
#3570=IFCPROPERTYSINGLEVALUE('ThermalTransmittance',$,IFCTHERMALTRANSMITTANCEMEASURE(0.80000000000000004),$);
#3571=IFCPROPERTYSINGLEVALUE('GlazingAreaFraction',$,IFCPOSITIVERATIOMEASURE(0.69999999999999996),$);
#3572=IFCRELFILLSELEMENT('2qxz6sczTE_edDC5HR9u94',$,$,$,#3495,#3551);
#3573=IFCCARTESIANPOINTLIST2D(((0.,0.),(0.,565.),(1800.,565.),(1800.,0.),(0.,0.)));
#3574=IFCINDEXEDPOLYCURVE(#3573,$,.F.);
#3575=IFCDIRECTION((0.,0.,1.));
#3576=IFCARBITRARYCLOSEDPROFILEDEF(.AREA.,$,#3574);
#3577=IFCCARTESIANPOINT((0.,0.,0.));
#3578=IFCDIRECTION((0.,0.,1.));
#3579=IFCDIRECTION((1.,0.,0.));
#3580=IFCAXIS2PLACEMENT3D(#3577,#3578,#3579);
#3581=IFCEXTRUDEDAREASOLID(#3576,#3580,#3575,1600.);
#3582=IFCSHAPEREPRESENTATION(#11,'Body','SweptSolid',(#3581));
#3583=IFCOPENINGELEMENT('3vlrYfjnf4mOHtZ4cTmBev',$,'Opening for Window N2 L1',$,$,#3595,#3584,$,$);
#3584=IFCPRODUCTDEFINITIONSHAPE($,$,(#3582));
#3590=IFCRELVOIDSELEMENT('2cPoCJLv96ahET3CQuWdqx',$,$,$,#3471,#3583);
#3591=IFCCARTESIANPOINT((5099.9999999999982,-49.999999999998934,899.99999999999989));
#3592=IFCDIRECTION((0.,0.,1.));
#3593=IFCDIRECTION((1.,0.,0.));
#3594=IFCAXIS2PLACEMENT3D(#3591,#3592,#3593);
#3595=IFCLOCALPLACEMENT(#3482,#3594);
#3596=IFCCARTESIANPOINTLIST2D(((0.,0.),(1800.,0.),(1800.,1600.),(0.,1600.)));
#3597=IFCINDEXEDPOLYCURVE(#3596,(IFCLINEINDEX((1,2,3,4,1))),$);
#3598=IFCCARTESIANPOINTLIST2D(((25.,25.),(1775.,25.),(1775.,1575.),(25.,1575.)));
#3599=IFCINDEXEDPOLYCURVE(#3598,(IFCLINEINDEX((1,2,3,4,1))),$);
#3600=IFCARBITRARYPROFILEDEFWITHVOIDS(.AREA.,$,#3597,(#3599));
#3601=IFCCARTESIANPOINT((0.,90.,0.));
#3602=IFCDIRECTION((0.,-1.,0.));
#3603=IFCDIRECTION((1.,0.,0.));
#3604=IFCAXIS2PLACEMENT3D(#3601,#3602,#3603);
#3605=IFCDIRECTION((0.,0.,-1.));
#3606=IFCEXTRUDEDAREASOLID(#3600,#3604,#3605,10.);
#3607=IFCCARTESIANPOINTLIST2D(((0.,0.),(1800.,0.),(1800.,1600.),(0.,1600.)));
#3608=IFCINDEXEDPOLYCURVE(#3607,(IFCLINEINDEX((1,2,3,4,1))),$);
#3609=IFCCARTESIANPOINTLIST2D(((50.,50.),(1750.,50.),(1750.,1550.),(50.,1550.)));
#3610=IFCINDEXEDPOLYCURVE(#3609,(IFCLINEINDEX((1,2,3,4,1))),$);
#3611=IFCARBITRARYPROFILEDEFWITHVOIDS(.AREA.,$,#3608,(#3610));
#3612=IFCCARTESIANPOINT((0.,50.,0.));
#3613=IFCDIRECTION((0.,-1.,0.));
#3614=IFCDIRECTION((1.,0.,0.));
#3615=IFCAXIS2PLACEMENT3D(#3612,#3613,#3614);
#3616=IFCDIRECTION((0.,0.,-1.));
#3617=IFCEXTRUDEDAREASOLID(#3611,#3615,#3616,40.);
#3618=IFCCARTESIANPOINTLIST2D(((0.,0.),(1750.,0.),(1750.,1550.),(0.,1550.)));
#3619=IFCINDEXEDPOLYCURVE(#3618,(IFCLINEINDEX((1,2,3,4,1))),$);
#3620=IFCCARTESIANPOINTLIST2D(((35.,35.),(1715.,35.),(1715.,1515.),(35.,1515.)));
#3621=IFCINDEXEDPOLYCURVE(#3620,(IFCLINEINDEX((1,2,3,4,1))),$);
#3622=IFCARBITRARYPROFILEDEFWITHVOIDS(.AREA.,$,#3619,(#3621));
#3623=IFCCARTESIANPOINT((25.,90.,25.));
#3624=IFCDIRECTION((0.,-1.,0.));
#3625=IFCDIRECTION((1.,0.,0.));
#3626=IFCAXIS2PLACEMENT3D(#3623,#3624,#3625);
#3627=IFCDIRECTION((0.,0.,-1.));
#3628=IFCEXTRUDEDAREASOLID(#3622,#3626,#3627,35.);
#3629=IFCINDEXEDPOLYCURVE(#3630,(IFCLINEINDEX((1,2,3,4,1))),$);
#3630=IFCCARTESIANPOINTLIST2D(((35.,35.),(1715.,35.),(1715.,1515.),(35.,1515.)));
#3631=IFCARBITRARYCLOSEDPROFILEDEF(.AREA.,$,#3629);
#3632=IFCCARTESIANPOINT((25.,102.5,25.));
#3633=IFCDIRECTION((0.,-1.,0.));
#3634=IFCDIRECTION((1.,0.,0.));
#3635=IFCAXIS2PLACEMENT3D(#3632,#3633,#3634);
#3636=IFCDIRECTION((0.,0.,-1.));
#3637=IFCEXTRUDEDAREASOLID(#3631,#3635,#3636,10.);
#3638=IFCSHAPEREPRESENTATION(#11,'Body','SweptSolid',(#3606,#3617,#3628,#3637));
#3639=IFCWINDOW('0AM6WI9QH1KBh4qSF8MaoZ',$,'Window N2 L1',$,$,#3650,#3640,$,1600.,1800.,.WINDOW.,$,$);
#3640=IFCPRODUCTDEFINITIONSHAPE($,$,(#3638));
#3646=IFCCARTESIANPOINT((18900.,13837.249999999998,899.99999999999989));
#3647=IFCDIRECTION((0.,0.,1.));
#3648=IFCDIRECTION((-1.,1.2246467991473532E-16,0.));
#3649=IFCAXIS2PLACEMENT3D(#3646,#3647,#3648);
#3650=IFCLOCALPLACEMENT(#2765,#3649);
#3651=IFCMATERIALCONSTITUENTSET('Aluminium window',$,(#3652,#3653));
#3652=IFCMATERIALCONSTITUENT($,$,#1160,0.29999999999999999,$);
#3653=IFCMATERIALCONSTITUENT($,$,#1162,0.69999999999999996,$);
#3654=IFCRELASSOCIATESMATERIAL('1z5a7QNXv1fPUc2KoQ066l',$,$,$,(#3639),#3651);
#3655=IFCPROPERTYSET('1Tqrs0w5TESPnprdXy0RCD',$,'Pset_WindowCommon',$,(#3657,#3658,#3659));
#3656=IFCRELDEFINESBYPROPERTIES('0VksavaPL1TvwHJugmwKAs',$,$,$,(#3639),#3655);
#3657=IFCPROPERTYSINGLEVALUE('IsExternal',$,IFCBOOLEAN(.T.),$);
#3658=IFCPROPERTYSINGLEVALUE('ThermalTransmittance',$,IFCTHERMALTRANSMITTANCEMEASURE(0.80000000000000004),$);
#3659=IFCPROPERTYSINGLEVALUE('GlazingAreaFraction',$,IFCPOSITIVERATIOMEASURE(0.69999999999999996),$);
#3660=IFCRELFILLSELEMENT('3WmITd789DL8NZW04oRjk3',$,$,$,#3583,#3639);
#3661=IFCCARTESIANPOINTLIST2D(((0.,0.),(0.,565.),(1800.,565.),(1800.,0.),(0.,0.)));
#3662=IFCINDEXEDPOLYCURVE(#3661,$,.F.);
#3663=IFCDIRECTION((0.,0.,1.));
#3664=IFCARBITRARYCLOSEDPROFILEDEF(.AREA.,$,#3662);
#3665=IFCCARTESIANPOINT((0.,0.,0.));
#3666=IFCDIRECTION((0.,0.,1.));
#3667=IFCDIRECTION((1.,0.,0.));
#3668=IFCAXIS2PLACEMENT3D(#3665,#3666,#3667);
#3669=IFCEXTRUDEDAREASOLID(#3664,#3668,#3663,1600.);
#3670=IFCSHAPEREPRESENTATION(#11,'Body','SweptSolid',(#3669));
#3671=IFCOPENINGELEMENT('1ansqQ_yPBVBPd4iA4NwJZ',$,'Opening for Window N3 L1',$,$,#3683,#3672,$,$);
#3672=IFCPRODUCTDEFINITIONSHAPE($,$,(#3670));
#3678=IFCRELVOIDSELEMENT('3o8kuwhnP6JxRh1hNfL1tG',$,$,$,#3471,#3671);
#3679=IFCCARTESIANPOINT((8100.0000000000009,-50.000000000000711,899.99999999999989));
#3680=IFCDIRECTION((0.,0.,1.));
#3681=IFCDIRECTION((1.,0.,0.));
#3682=IFCAXIS2PLACEMENT3D(#3679,#3680,#3681);
#3683=IFCLOCALPLACEMENT(#3482,#3682);
#3684=IFCCARTESIANPOINTLIST2D(((0.,0.),(1800.,0.),(1800.,1600.),(0.,1600.)));
#3685=IFCINDEXEDPOLYCURVE(#3684,(IFCLINEINDEX((1,2,3,4,1))),$);
#3686=IFCCARTESIANPOINTLIST2D(((25.,25.),(1775.,25.),(1775.,1575.),(25.,1575.)));
#3687=IFCINDEXEDPOLYCURVE(#3686,(IFCLINEINDEX((1,2,3,4,1))),$);
#3688=IFCARBITRARYPROFILEDEFWITHVOIDS(.AREA.,$,#3685,(#3687));
#3689=IFCCARTESIANPOINT((0.,90.,0.));
#3690=IFCDIRECTION((0.,-1.,0.));
#3691=IFCDIRECTION((1.,0.,0.));
#3692=IFCAXIS2PLACEMENT3D(#3689,#3690,#3691);
#3693=IFCDIRECTION((0.,0.,-1.));
#3694=IFCEXTRUDEDAREASOLID(#3688,#3692,#3693,10.);
#3695=IFCCARTESIANPOINTLIST2D(((0.,0.),(1800.,0.),(1800.,1600.),(0.,1600.)));
#3696=IFCINDEXEDPOLYCURVE(#3695,(IFCLINEINDEX((1,2,3,4,1))),$);
#3697=IFCCARTESIANPOINTLIST2D(((50.,50.),(1750.,50.),(1750.,1550.),(50.,1550.)));
#3698=IFCINDEXEDPOLYCURVE(#3697,(IFCLINEINDEX((1,2,3,4,1))),$);
#3699=IFCARBITRARYPROFILEDEFWITHVOIDS(.AREA.,$,#3696,(#3698));
#3700=IFCCARTESIANPOINT((0.,50.,0.));
#3701=IFCDIRECTION((0.,-1.,0.));
#3702=IFCDIRECTION((1.,0.,0.));
#3703=IFCAXIS2PLACEMENT3D(#3700,#3701,#3702);
#3704=IFCDIRECTION((0.,0.,-1.));
#3705=IFCEXTRUDEDAREASOLID(#3699,#3703,#3704,40.);
#3706=IFCCARTESIANPOINTLIST2D(((0.,0.),(1750.,0.),(1750.,1550.),(0.,1550.)));
#3707=IFCINDEXEDPOLYCURVE(#3706,(IFCLINEINDEX((1,2,3,4,1))),$);
#3708=IFCCARTESIANPOINTLIST2D(((35.,35.),(1715.,35.),(1715.,1515.),(35.,1515.)));
#3709=IFCINDEXEDPOLYCURVE(#3708,(IFCLINEINDEX((1,2,3,4,1))),$);
#3710=IFCARBITRARYPROFILEDEFWITHVOIDS(.AREA.,$,#3707,(#3709));
#3711=IFCCARTESIANPOINT((25.,90.,25.));
#3712=IFCDIRECTION((0.,-1.,0.));
#3713=IFCDIRECTION((1.,0.,0.));
#3714=IFCAXIS2PLACEMENT3D(#3711,#3712,#3713);
#3715=IFCDIRECTION((0.,0.,-1.));
#3716=IFCEXTRUDEDAREASOLID(#3710,#3714,#3715,35.);
#3717=IFCINDEXEDPOLYCURVE(#3718,(IFCLINEINDEX((1,2,3,4,1))),$);
#3718=IFCCARTESIANPOINTLIST2D(((35.,35.),(1715.,35.),(1715.,1515.),(35.,1515.)));
#3719=IFCARBITRARYCLOSEDPROFILEDEF(.AREA.,$,#3717);
#3720=IFCCARTESIANPOINT((25.,102.5,25.));
#3721=IFCDIRECTION((0.,-1.,0.));
#3722=IFCDIRECTION((1.,0.,0.));
#3723=IFCAXIS2PLACEMENT3D(#3720,#3721,#3722);
#3724=IFCDIRECTION((0.,0.,-1.));
#3725=IFCEXTRUDEDAREASOLID(#3719,#3723,#3724,10.);
#3726=IFCSHAPEREPRESENTATION(#11,'Body','SweptSolid',(#3694,#3705,#3716,#3725));
#3727=IFCWINDOW('3W35BiuRf2sxRYAhXcq4dp',$,'Window N3 L1',$,$,#3738,#3728,$,1600.,1800.,.WINDOW.,$,$);
#3728=IFCPRODUCTDEFINITIONSHAPE($,$,(#3726));
#3734=IFCCARTESIANPOINT((15900.,13837.25,899.99999999999989));
#3735=IFCDIRECTION((0.,0.,1.));
#3736=IFCDIRECTION((-1.,1.2246467991473532E-16,0.));
#3737=IFCAXIS2PLACEMENT3D(#3734,#3735,#3736);
#3738=IFCLOCALPLACEMENT(#2765,#3737);
#3739=IFCMATERIALCONSTITUENTSET('Aluminium window',$,(#3740,#3741));
#3740=IFCMATERIALCONSTITUENT($,$,#1160,0.29999999999999999,$);
#3741=IFCMATERIALCONSTITUENT($,$,#1162,0.69999999999999996,$);
#3742=IFCRELASSOCIATESMATERIAL('02R_F7_6LEzPGiD5ojAk5K',$,$,$,(#3727),#3739);
#3743=IFCPROPERTYSET('3J0reW5Q95hu8I_qMdZZS1',$,'Pset_WindowCommon',$,(#3745,#3746,#3747));
#3744=IFCRELDEFINESBYPROPERTIES('3aeqYPsxz0nvwHpDyTUpqN',$,$,$,(#3727),#3743);
#3745=IFCPROPERTYSINGLEVALUE('IsExternal',$,IFCBOOLEAN(.T.),$);
#3746=IFCPROPERTYSINGLEVALUE('ThermalTransmittance',$,IFCTHERMALTRANSMITTANCEMEASURE(0.80000000000000004),$);
#3747=IFCPROPERTYSINGLEVALUE('GlazingAreaFraction',$,IFCPOSITIVERATIOMEASURE(0.69999999999999996),$);
#3748=IFCRELFILLSELEMENT('1dO$JL0p5BahuqkBa5hM2m',$,$,$,#3671,#3727);
#3749=IFCCARTESIANPOINTLIST2D(((0.,0.),(0.,565.),(1800.,565.),(1800.,0.),(0.,0.)));
#3750=IFCINDEXEDPOLYCURVE(#3749,$,.F.);
#3751=IFCDIRECTION((0.,0.,1.));
#3752=IFCARBITRARYCLOSEDPROFILEDEF(.AREA.,$,#3750);
#3753=IFCCARTESIANPOINT((0.,0.,0.));
#3754=IFCDIRECTION((0.,0.,1.));
#3755=IFCDIRECTION((1.,0.,0.));
#3756=IFCAXIS2PLACEMENT3D(#3753,#3754,#3755);
#3757=IFCEXTRUDEDAREASOLID(#3752,#3756,#3751,1600.);
#3758=IFCSHAPEREPRESENTATION(#11,'Body','SweptSolid',(#3757));
#3759=IFCOPENINGELEMENT('1NMrkcWTP2ReXW8295pUVU',$,'Opening for Window N4 L1',$,$,#3771,#3760,$,$);
#3760=IFCPRODUCTDEFINITIONSHAPE($,$,(#3758));
#3766=IFCRELVOIDSELEMENT('00vlXblVrFaQ18MEHCMUJd',$,$,$,#3471,#3759);
#3767=IFCCARTESIANPOINT((11100.000000000002,-50.000000000000711,899.99999999999989));
#3768=IFCDIRECTION((0.,0.,1.));
#3769=IFCDIRECTION((1.,0.,0.));
#3770=IFCAXIS2PLACEMENT3D(#3767,#3768,#3769);
#3771=IFCLOCALPLACEMENT(#3482,#3770);
#3772=IFCCARTESIANPOINTLIST2D(((0.,0.),(1800.,0.),(1800.,1600.),(0.,1600.)));
#3773=IFCINDEXEDPOLYCURVE(#3772,(IFCLINEINDEX((1,2,3,4,1))),$);
#3774=IFCCARTESIANPOINTLIST2D(((25.,25.),(1775.,25.),(1775.,1575.),(25.,1575.)));
#3775=IFCINDEXEDPOLYCURVE(#3774,(IFCLINEINDEX((1,2,3,4,1))),$);
#3776=IFCARBITRARYPROFILEDEFWITHVOIDS(.AREA.,$,#3773,(#3775));
#3777=IFCCARTESIANPOINT((0.,90.,0.));
#3778=IFCDIRECTION((0.,-1.,0.));
#3779=IFCDIRECTION((1.,0.,0.));
#3780=IFCAXIS2PLACEMENT3D(#3777,#3778,#3779);
#3781=IFCDIRECTION((0.,0.,-1.));
#3782=IFCEXTRUDEDAREASOLID(#3776,#3780,#3781,10.);
#3783=IFCCARTESIANPOINTLIST2D(((0.,0.),(1800.,0.),(1800.,1600.),(0.,1600.)));
#3784=IFCINDEXEDPOLYCURVE(#3783,(IFCLINEINDEX((1,2,3,4,1))),$);
#3785=IFCCARTESIANPOINTLIST2D(((50.,50.),(1750.,50.),(1750.,1550.),(50.,1550.)));
#3786=IFCINDEXEDPOLYCURVE(#3785,(IFCLINEINDEX((1,2,3,4,1))),$);
#3787=IFCARBITRARYPROFILEDEFWITHVOIDS(.AREA.,$,#3784,(#3786));
#3788=IFCCARTESIANPOINT((0.,50.,0.));
#3789=IFCDIRECTION((0.,-1.,0.));
#3790=IFCDIRECTION((1.,0.,0.));
#3791=IFCAXIS2PLACEMENT3D(#3788,#3789,#3790);
#3792=IFCDIRECTION((0.,0.,-1.));
#3793=IFCEXTRUDEDAREASOLID(#3787,#3791,#3792,40.);
#3794=IFCCARTESIANPOINTLIST2D(((0.,0.),(1750.,0.),(1750.,1550.),(0.,1550.)));
#3795=IFCINDEXEDPOLYCURVE(#3794,(IFCLINEINDEX((1,2,3,4,1))),$);
#3796=IFCCARTESIANPOINTLIST2D(((35.,35.),(1715.,35.),(1715.,1515.),(35.,1515.)));
#3797=IFCINDEXEDPOLYCURVE(#3796,(IFCLINEINDEX((1,2,3,4,1))),$);
#3798=IFCARBITRARYPROFILEDEFWITHVOIDS(.AREA.,$,#3795,(#3797));
#3799=IFCCARTESIANPOINT((25.,90.,25.));
#3800=IFCDIRECTION((0.,-1.,0.));
#3801=IFCDIRECTION((1.,0.,0.));
#3802=IFCAXIS2PLACEMENT3D(#3799,#3800,#3801);
#3803=IFCDIRECTION((0.,0.,-1.));
#3804=IFCEXTRUDEDAREASOLID(#3798,#3802,#3803,35.);
#3805=IFCINDEXEDPOLYCURVE(#3806,(IFCLINEINDEX((1,2,3,4,1))),$);
#3806=IFCCARTESIANPOINTLIST2D(((35.,35.),(1715.,35.),(1715.,1515.),(35.,1515.)));
#3807=IFCARBITRARYCLOSEDPROFILEDEF(.AREA.,$,#3805);
#3808=IFCCARTESIANPOINT((25.,102.5,25.));
#3809=IFCDIRECTION((0.,-1.,0.));
#3810=IFCDIRECTION((1.,0.,0.));
#3811=IFCAXIS2PLACEMENT3D(#3808,#3809,#3810);
#3812=IFCDIRECTION((0.,0.,-1.));
#3813=IFCEXTRUDEDAREASOLID(#3807,#3811,#3812,10.);
#3814=IFCSHAPEREPRESENTATION(#11,'Body','SweptSolid',(#3782,#3793,#3804,#3813));
#3815=IFCWINDOW('0LqmeL9yTAK8rlw5CJMElz',$,'Window N4 L1',$,$,#3826,#3816,$,1600.,1800.,.WINDOW.,$,$);
#3816=IFCPRODUCTDEFINITIONSHAPE($,$,(#3814));
#3822=IFCCARTESIANPOINT((12900.,13837.25,899.99999999999989));
#3823=IFCDIRECTION((0.,0.,1.));
#3824=IFCDIRECTION((-1.,1.2246467991473532E-16,0.));
#3825=IFCAXIS2PLACEMENT3D(#3822,#3823,#3824);
#3826=IFCLOCALPLACEMENT(#2765,#3825);
#3827=IFCMATERIALCONSTITUENTSET('Aluminium window',$,(#3828,#3829));
#3828=IFCMATERIALCONSTITUENT($,$,#1160,0.29999999999999999,$);
#3829=IFCMATERIALCONSTITUENT($,$,#1162,0.69999999999999996,$);
#3830=IFCRELASSOCIATESMATERIAL('1UfplvJM943gLjc28F8fME',$,$,$,(#3815),#3827);
#3831=IFCPROPERTYSET('2ZUeBMLqv4kwQsFgAwCJNt',$,'Pset_WindowCommon',$,(#3833,#3834,#3835));
#3832=IFCRELDEFINESBYPROPERTIES('19LBXp4mnCShfl88rX1b4H',$,$,$,(#3815),#3831);
#3833=IFCPROPERTYSINGLEVALUE('IsExternal',$,IFCBOOLEAN(.T.),$);
#3834=IFCPROPERTYSINGLEVALUE('ThermalTransmittance',$,IFCTHERMALTRANSMITTANCEMEASURE(0.80000000000000004),$);
#3835=IFCPROPERTYSINGLEVALUE('GlazingAreaFraction',$,IFCPOSITIVERATIOMEASURE(0.69999999999999996),$);
#3836=IFCRELFILLSELEMENT('1zuB35duT7cvhCeihZ6edz',$,$,$,#3759,#3815);
#3837=IFCCARTESIANPOINTLIST2D(((0.,0.),(0.,565.),(1800.,565.),(1800.,0.),(0.,0.)));
#3838=IFCINDEXEDPOLYCURVE(#3837,$,.F.);
#3839=IFCDIRECTION((0.,0.,1.));
#3840=IFCARBITRARYCLOSEDPROFILEDEF(.AREA.,$,#3838);
#3841=IFCCARTESIANPOINT((0.,0.,0.));
#3842=IFCDIRECTION((0.,0.,1.));
#3843=IFCDIRECTION((1.,0.,0.));
#3844=IFCAXIS2PLACEMENT3D(#3841,#3842,#3843);
#3845=IFCEXTRUDEDAREASOLID(#3840,#3844,#3839,1600.);
#3846=IFCSHAPEREPRESENTATION(#11,'Body','SweptSolid',(#3845));
#3847=IFCOPENINGELEMENT('0i7uITjxL1AhtZXVyHT96g',$,'Opening for Window N5 L1',$,$,#3859,#3848,$,$);
#3848=IFCPRODUCTDEFINITIONSHAPE($,$,(#3846));
#3854=IFCRELVOIDSELEMENT('2AE46knqr2c9J86yfdhyR2',$,$,$,#3471,#3847);
#3855=IFCCARTESIANPOINT((14100.000000000002,-50.000000000000711,899.99999999999989));
#3856=IFCDIRECTION((0.,0.,1.));
#3857=IFCDIRECTION((1.,0.,0.));
#3858=IFCAXIS2PLACEMENT3D(#3855,#3856,#3857);
#3859=IFCLOCALPLACEMENT(#3482,#3858);
#3860=IFCCARTESIANPOINTLIST2D(((0.,0.),(1800.,0.),(1800.,1600.),(0.,1600.)));
#3861=IFCINDEXEDPOLYCURVE(#3860,(IFCLINEINDEX((1,2,3,4,1))),$);
#3862=IFCCARTESIANPOINTLIST2D(((25.,25.),(1775.,25.),(1775.,1575.),(25.,1575.)));
#3863=IFCINDEXEDPOLYCURVE(#3862,(IFCLINEINDEX((1,2,3,4,1))),$);
#3864=IFCARBITRARYPROFILEDEFWITHVOIDS(.AREA.,$,#3861,(#3863));
#3865=IFCCARTESIANPOINT((0.,90.,0.));
#3866=IFCDIRECTION((0.,-1.,0.));
#3867=IFCDIRECTION((1.,0.,0.));
#3868=IFCAXIS2PLACEMENT3D(#3865,#3866,#3867);
#3869=IFCDIRECTION((0.,0.,-1.));
#3870=IFCEXTRUDEDAREASOLID(#3864,#3868,#3869,10.);
#3871=IFCCARTESIANPOINTLIST2D(((0.,0.),(1800.,0.),(1800.,1600.),(0.,1600.)));
#3872=IFCINDEXEDPOLYCURVE(#3871,(IFCLINEINDEX((1,2,3,4,1))),$);
#3873=IFCCARTESIANPOINTLIST2D(((50.,50.),(1750.,50.),(1750.,1550.),(50.,1550.)));
#3874=IFCINDEXEDPOLYCURVE(#3873,(IFCLINEINDEX((1,2,3,4,1))),$);
#3875=IFCARBITRARYPROFILEDEFWITHVOIDS(.AREA.,$,#3872,(#3874));
#3876=IFCCARTESIANPOINT((0.,50.,0.));
#3877=IFCDIRECTION((0.,-1.,0.));
#3878=IFCDIRECTION((1.,0.,0.));
#3879=IFCAXIS2PLACEMENT3D(#3876,#3877,#3878);
#3880=IFCDIRECTION((0.,0.,-1.));
#3881=IFCEXTRUDEDAREASOLID(#3875,#3879,#3880,40.);
#3882=IFCCARTESIANPOINTLIST2D(((0.,0.),(1750.,0.),(1750.,1550.),(0.,1550.)));
#3883=IFCINDEXEDPOLYCURVE(#3882,(IFCLINEINDEX((1,2,3,4,1))),$);
#3884=IFCCARTESIANPOINTLIST2D(((35.,35.),(1715.,35.),(1715.,1515.),(35.,1515.)));
#3885=IFCINDEXEDPOLYCURVE(#3884,(IFCLINEINDEX((1,2,3,4,1))),$);
#3886=IFCARBITRARYPROFILEDEFWITHVOIDS(.AREA.,$,#3883,(#3885));
#3887=IFCCARTESIANPOINT((25.,90.,25.));
#3888=IFCDIRECTION((0.,-1.,0.));
#3889=IFCDIRECTION((1.,0.,0.));
#3890=IFCAXIS2PLACEMENT3D(#3887,#3888,#3889);
#3891=IFCDIRECTION((0.,0.,-1.));
#3892=IFCEXTRUDEDAREASOLID(#3886,#3890,#3891,35.);
#3893=IFCINDEXEDPOLYCURVE(#3894,(IFCLINEINDEX((1,2,3,4,1))),$);
#3894=IFCCARTESIANPOINTLIST2D(((35.,35.),(1715.,35.),(1715.,1515.),(35.,1515.)));
#3895=IFCARBITRARYCLOSEDPROFILEDEF(.AREA.,$,#3893);
#3896=IFCCARTESIANPOINT((25.,102.5,25.));
#3897=IFCDIRECTION((0.,-1.,0.));
#3898=IFCDIRECTION((1.,0.,0.));
#3899=IFCAXIS2PLACEMENT3D(#3896,#3897,#3898);
#3900=IFCDIRECTION((0.,0.,-1.));
#3901=IFCEXTRUDEDAREASOLID(#3895,#3899,#3900,10.);
#3902=IFCSHAPEREPRESENTATION(#11,'Body','SweptSolid',(#3870,#3881,#3892,#3901));
#3903=IFCWINDOW('3UwDhdJ4P6Z85Mk_7dgSpV',$,'Window N5 L1',$,$,#3914,#3904,$,1600.,1800.,.WINDOW.,$,$);
#3904=IFCPRODUCTDEFINITIONSHAPE($,$,(#3902));
#3910=IFCCARTESIANPOINT((9900.,13837.25,899.99999999999989));
#3911=IFCDIRECTION((0.,0.,1.));
#3912=IFCDIRECTION((-1.,1.2246467991473532E-16,0.));
#3913=IFCAXIS2PLACEMENT3D(#3910,#3911,#3912);
#3914=IFCLOCALPLACEMENT(#2765,#3913);
#3915=IFCMATERIALCONSTITUENTSET('Aluminium window',$,(#3916,#3917));
#3916=IFCMATERIALCONSTITUENT($,$,#1160,0.29999999999999999,$);
#3917=IFCMATERIALCONSTITUENT($,$,#1162,0.69999999999999996,$);
#3918=IFCRELASSOCIATESMATERIAL('1p_91eA2fCReirK3P6HcOA',$,$,$,(#3903),#3915);
#3919=IFCPROPERTYSET('1Jx4iGNR17SfefjQVWNNiN',$,'Pset_WindowCommon',$,(#3921,#3922,#3923));
#3920=IFCRELDEFINESBYPROPERTIES('3ZoQ_sA6DDavZp4hzqOppI',$,$,$,(#3903),#3919);
#3921=IFCPROPERTYSINGLEVALUE('IsExternal',$,IFCBOOLEAN(.T.),$);
#3922=IFCPROPERTYSINGLEVALUE('ThermalTransmittance',$,IFCTHERMALTRANSMITTANCEMEASURE(0.80000000000000004),$);
#3923=IFCPROPERTYSINGLEVALUE('GlazingAreaFraction',$,IFCPOSITIVERATIOMEASURE(0.69999999999999996),$);
#3924=IFCRELFILLSELEMENT('0Av$yPhxP1euQqWL3hqDHF',$,$,$,#3847,#3903);
#3925=IFCCARTESIANPOINTLIST2D(((0.,0.),(0.,565.),(1800.,565.),(1800.,0.),(0.,0.)));
#3926=IFCINDEXEDPOLYCURVE(#3925,$,.F.);
#3927=IFCDIRECTION((0.,0.,1.));
#3928=IFCARBITRARYCLOSEDPROFILEDEF(.AREA.,$,#3926);
#3929=IFCCARTESIANPOINT((0.,0.,0.));
#3930=IFCDIRECTION((0.,0.,1.));
#3931=IFCDIRECTION((1.,0.,0.));
#3932=IFCAXIS2PLACEMENT3D(#3929,#3930,#3931);
#3933=IFCEXTRUDEDAREASOLID(#3928,#3932,#3927,1600.);
#3934=IFCSHAPEREPRESENTATION(#11,'Body','SweptSolid',(#3933));
#3935=IFCOPENINGELEMENT('35Mq0oRtX7bgulo6dhgfAs',$,'Opening for Window N6 L1',$,$,#3947,#3936,$,$);
#3936=IFCPRODUCTDEFINITIONSHAPE($,$,(#3934));
#3942=IFCRELVOIDSELEMENT('08eNX8Wdb1JO1GjuzGZQ3J',$,$,$,#3471,#3935);
#3943=IFCCARTESIANPOINT((17100.,-49.999999999998934,899.99999999999989));
#3944=IFCDIRECTION((0.,0.,1.));
#3945=IFCDIRECTION((1.,0.,0.));
#3946=IFCAXIS2PLACEMENT3D(#3943,#3944,#3945);
#3947=IFCLOCALPLACEMENT(#3482,#3946);
#3948=IFCCARTESIANPOINTLIST2D(((0.,0.),(1800.,0.),(1800.,1600.),(0.,1600.)));
#3949=IFCINDEXEDPOLYCURVE(#3948,(IFCLINEINDEX((1,2,3,4,1))),$);
#3950=IFCCARTESIANPOINTLIST2D(((25.,25.),(1775.,25.),(1775.,1575.),(25.,1575.)));
#3951=IFCINDEXEDPOLYCURVE(#3950,(IFCLINEINDEX((1,2,3,4,1))),$);
#3952=IFCARBITRARYPROFILEDEFWITHVOIDS(.AREA.,$,#3949,(#3951));
#3953=IFCCARTESIANPOINT((0.,90.,0.));
#3954=IFCDIRECTION((0.,-1.,0.));
#3955=IFCDIRECTION((1.,0.,0.));
#3956=IFCAXIS2PLACEMENT3D(#3953,#3954,#3955);
#3957=IFCDIRECTION((0.,0.,-1.));
#3958=IFCEXTRUDEDAREASOLID(#3952,#3956,#3957,10.);
#3959=IFCCARTESIANPOINTLIST2D(((0.,0.),(1800.,0.),(1800.,1600.),(0.,1600.)));
#3960=IFCINDEXEDPOLYCURVE(#3959,(IFCLINEINDEX((1,2,3,4,1))),$);
#3961=IFCCARTESIANPOINTLIST2D(((50.,50.),(1750.,50.),(1750.,1550.),(50.,1550.)));
#3962=IFCINDEXEDPOLYCURVE(#3961,(IFCLINEINDEX((1,2,3,4,1))),$);
#3963=IFCARBITRARYPROFILEDEFWITHVOIDS(.AREA.,$,#3960,(#3962));
#3964=IFCCARTESIANPOINT((0.,50.,0.));
#3965=IFCDIRECTION((0.,-1.,0.));
#3966=IFCDIRECTION((1.,0.,0.));
#3967=IFCAXIS2PLACEMENT3D(#3964,#3965,#3966);
#3968=IFCDIRECTION((0.,0.,-1.));
#3969=IFCEXTRUDEDAREASOLID(#3963,#3967,#3968,40.);
#3970=IFCCARTESIANPOINTLIST2D(((0.,0.),(1750.,0.),(1750.,1550.),(0.,1550.)));
#3971=IFCINDEXEDPOLYCURVE(#3970,(IFCLINEINDEX((1,2,3,4,1))),$);
#3972=IFCCARTESIANPOINTLIST2D(((35.,35.),(1715.,35.),(1715.,1515.),(35.,1515.)));
#3973=IFCINDEXEDPOLYCURVE(#3972,(IFCLINEINDEX((1,2,3,4,1))),$);
#3974=IFCARBITRARYPROFILEDEFWITHVOIDS(.AREA.,$,#3971,(#3973));
#3975=IFCCARTESIANPOINT((25.,90.,25.));
#3976=IFCDIRECTION((0.,-1.,0.));
#3977=IFCDIRECTION((1.,0.,0.));
#3978=IFCAXIS2PLACEMENT3D(#3975,#3976,#3977);
#3979=IFCDIRECTION((0.,0.,-1.));
#3980=IFCEXTRUDEDAREASOLID(#3974,#3978,#3979,35.);
#3981=IFCINDEXEDPOLYCURVE(#3982,(IFCLINEINDEX((1,2,3,4,1))),$);
#3982=IFCCARTESIANPOINTLIST2D(((35.,35.),(1715.,35.),(1715.,1515.),(35.,1515.)));
#3983=IFCARBITRARYCLOSEDPROFILEDEF(.AREA.,$,#3981);
#3984=IFCCARTESIANPOINT((25.,102.5,25.));
#3985=IFCDIRECTION((0.,-1.,0.));
#3986=IFCDIRECTION((1.,0.,0.));
#3987=IFCAXIS2PLACEMENT3D(#3984,#3985,#3986);
#3988=IFCDIRECTION((0.,0.,-1.));
#3989=IFCEXTRUDEDAREASOLID(#3983,#3987,#3988,10.);
#3990=IFCSHAPEREPRESENTATION(#11,'Body','SweptSolid',(#3958,#3969,#3980,#3989));
#3991=IFCWINDOW('33EEhexVXF1xx1Oe0ndLhw',$,'Window N6 L1',$,$,#4002,#3992,$,1600.,1800.,.WINDOW.,$,$);
#3992=IFCPRODUCTDEFINITIONSHAPE($,$,(#3990));
#3998=IFCCARTESIANPOINT((6899.9999999999982,13837.25,899.99999999999989));
#3999=IFCDIRECTION((0.,0.,1.));
#4000=IFCDIRECTION((-1.,1.2246467991473532E-16,0.));
#4001=IFCAXIS2PLACEMENT3D(#3998,#3999,#4000);
#4002=IFCLOCALPLACEMENT(#2765,#4001);
#4003=IFCMATERIALCONSTITUENTSET('Aluminium window',$,(#4004,#4005));
#4004=IFCMATERIALCONSTITUENT($,$,#1160,0.29999999999999999,$);
#4005=IFCMATERIALCONSTITUENT($,$,#1162,0.69999999999999996,$);
#4006=IFCRELASSOCIATESMATERIAL('2wsr$i$4LA0Af_v3UJmcIu',$,$,$,(#3991),#4003);
#4007=IFCPROPERTYSET('0bdhjhOPzD8uk7LMPIBSyG',$,'Pset_WindowCommon',$,(#4009,#4010,#4011));
#4008=IFCRELDEFINESBYPROPERTIES('218YU3__52uvtGO8mZu2eP',$,$,$,(#3991),#4007);
#4009=IFCPROPERTYSINGLEVALUE('IsExternal',$,IFCBOOLEAN(.T.),$);
#4010=IFCPROPERTYSINGLEVALUE('ThermalTransmittance',$,IFCTHERMALTRANSMITTANCEMEASURE(0.80000000000000004),$);
#4011=IFCPROPERTYSINGLEVALUE('GlazingAreaFraction',$,IFCPOSITIVERATIOMEASURE(0.69999999999999996),$);
#4012=IFCRELFILLSELEMENT('3PQFWW$696NvoD7DTQbJuU',$,$,$,#3935,#3991);
#4013=IFCCARTESIANPOINTLIST2D(((0.,0.),(0.,565.),(1800.,565.),(1800.,0.),(0.,0.)));
#4014=IFCINDEXEDPOLYCURVE(#4013,$,.F.);
#4015=IFCDIRECTION((0.,0.,1.));
#4016=IFCARBITRARYCLOSEDPROFILEDEF(.AREA.,$,#4014);
#4017=IFCCARTESIANPOINT((0.,0.,0.));
#4018=IFCDIRECTION((0.,0.,1.));
#4019=IFCDIRECTION((1.,0.,0.));
#4020=IFCAXIS2PLACEMENT3D(#4017,#4018,#4019);
#4021=IFCEXTRUDEDAREASOLID(#4016,#4020,#4015,1600.);
#4022=IFCSHAPEREPRESENTATION(#11,'Body','SweptSolid',(#4021));
#4023=IFCOPENINGELEMENT('3eXQ$wS5X4a9QdhnhgESnX',$,'Opening for Window N7 L1',$,$,#4035,#4024,$,$);
#4024=IFCPRODUCTDEFINITIONSHAPE($,$,(#4022));
#4030=IFCRELVOIDSELEMENT('1aoVd$1ZP5chu_54MnkOea',$,$,$,#3471,#4023);
#4031=IFCCARTESIANPOINT((20100.,-49.999999999998934,899.99999999999989));
#4032=IFCDIRECTION((0.,0.,1.));
#4033=IFCDIRECTION((1.,0.,0.));
#4034=IFCAXIS2PLACEMENT3D(#4031,#4032,#4033);
#4035=IFCLOCALPLACEMENT(#3482,#4034);
#4036=IFCCARTESIANPOINTLIST2D(((0.,0.),(1800.,0.),(1800.,1600.),(0.,1600.)));
#4037=IFCINDEXEDPOLYCURVE(#4036,(IFCLINEINDEX((1,2,3,4,1))),$);
#4038=IFCCARTESIANPOINTLIST2D(((25.,25.),(1775.,25.),(1775.,1575.),(25.,1575.)));
#4039=IFCINDEXEDPOLYCURVE(#4038,(IFCLINEINDEX((1,2,3,4,1))),$);
#4040=IFCARBITRARYPROFILEDEFWITHVOIDS(.AREA.,$,#4037,(#4039));
#4041=IFCCARTESIANPOINT((0.,90.,0.));
#4042=IFCDIRECTION((0.,-1.,0.));
#4043=IFCDIRECTION((1.,0.,0.));
#4044=IFCAXIS2PLACEMENT3D(#4041,#4042,#4043);
#4045=IFCDIRECTION((0.,0.,-1.));
#4046=IFCEXTRUDEDAREASOLID(#4040,#4044,#4045,10.);
#4047=IFCCARTESIANPOINTLIST2D(((0.,0.),(1800.,0.),(1800.,1600.),(0.,1600.)));
#4048=IFCINDEXEDPOLYCURVE(#4047,(IFCLINEINDEX((1,2,3,4,1))),$);
#4049=IFCCARTESIANPOINTLIST2D(((50.,50.),(1750.,50.),(1750.,1550.),(50.,1550.)));
#4050=IFCINDEXEDPOLYCURVE(#4049,(IFCLINEINDEX((1,2,3,4,1))),$);
#4051=IFCARBITRARYPROFILEDEFWITHVOIDS(.AREA.,$,#4048,(#4050));
#4052=IFCCARTESIANPOINT((0.,50.,0.));
#4053=IFCDIRECTION((0.,-1.,0.));
#4054=IFCDIRECTION((1.,0.,0.));
#4055=IFCAXIS2PLACEMENT3D(#4052,#4053,#4054);
#4056=IFCDIRECTION((0.,0.,-1.));
#4057=IFCEXTRUDEDAREASOLID(#4051,#4055,#4056,40.);
#4058=IFCCARTESIANPOINTLIST2D(((0.,0.),(1750.,0.),(1750.,1550.),(0.,1550.)));
#4059=IFCINDEXEDPOLYCURVE(#4058,(IFCLINEINDEX((1,2,3,4,1))),$);
#4060=IFCCARTESIANPOINTLIST2D(((35.,35.),(1715.,35.),(1715.,1515.),(35.,1515.)));
#4061=IFCINDEXEDPOLYCURVE(#4060,(IFCLINEINDEX((1,2,3,4,1))),$);
#4062=IFCARBITRARYPROFILEDEFWITHVOIDS(.AREA.,$,#4059,(#4061));
#4063=IFCCARTESIANPOINT((25.,90.,25.));
#4064=IFCDIRECTION((0.,-1.,0.));
#4065=IFCDIRECTION((1.,0.,0.));
#4066=IFCAXIS2PLACEMENT3D(#4063,#4064,#4065);
#4067=IFCDIRECTION((0.,0.,-1.));
#4068=IFCEXTRUDEDAREASOLID(#4062,#4066,#4067,35.);
#4069=IFCINDEXEDPOLYCURVE(#4070,(IFCLINEINDEX((1,2,3,4,1))),$);
#4070=IFCCARTESIANPOINTLIST2D(((35.,35.),(1715.,35.),(1715.,1515.),(35.,1515.)));
#4071=IFCARBITRARYCLOSEDPROFILEDEF(.AREA.,$,#4069);
#4072=IFCCARTESIANPOINT((25.,102.5,25.));
#4073=IFCDIRECTION((0.,-1.,0.));
#4074=IFCDIRECTION((1.,0.,0.));
#4075=IFCAXIS2PLACEMENT3D(#4072,#4073,#4074);
#4076=IFCDIRECTION((0.,0.,-1.));
#4077=IFCEXTRUDEDAREASOLID(#4071,#4075,#4076,10.);
#4078=IFCSHAPEREPRESENTATION(#11,'Body','SweptSolid',(#4046,#4057,#4068,#4077));
#4079=IFCWINDOW('3SDPH2UJT3UhhpeyFrEh2k',$,'Window N7 L1',$,$,#4090,#4080,$,1600.,1800.,.WINDOW.,$,$);
#4080=IFCPRODUCTDEFINITIONSHAPE($,$,(#4078));
#4086=IFCCARTESIANPOINT((3899.9999999999986,13837.25,899.99999999999989));
#4087=IFCDIRECTION((0.,0.,1.));
#4088=IFCDIRECTION((-1.,1.2246467991473532E-16,0.));
#4089=IFCAXIS2PLACEMENT3D(#4086,#4087,#4088);
#4090=IFCLOCALPLACEMENT(#2765,#4089);
#4091=IFCMATERIALCONSTITUENTSET('Aluminium window',$,(#4092,#4093));
#4092=IFCMATERIALCONSTITUENT($,$,#1160,0.29999999999999999,$);
#4093=IFCMATERIALCONSTITUENT($,$,#1162,0.69999999999999996,$);
#4094=IFCRELASSOCIATESMATERIAL('0IeW1W0$92PPNqoFR5U_ay',$,$,$,(#4079),#4091);
#4095=IFCPROPERTYSET('2$avatikz30AlfBLryctfJ',$,'Pset_WindowCommon',$,(#4097,#4098,#4099));
#4096=IFCRELDEFINESBYPROPERTIES('2hIPAkxVf7ZABRVdYR5W_E',$,$,$,(#4079),#4095);
#4097=IFCPROPERTYSINGLEVALUE('IsExternal',$,IFCBOOLEAN(.T.),$);
#4098=IFCPROPERTYSINGLEVALUE('ThermalTransmittance',$,IFCTHERMALTRANSMITTANCEMEASURE(0.80000000000000004),$);
#4099=IFCPROPERTYSINGLEVALUE('GlazingAreaFraction',$,IFCPOSITIVERATIOMEASURE(0.69999999999999996),$);
#4100=IFCRELFILLSELEMENT('2JfBdoywD5OQQhzY_ew9Pn',$,$,$,#4023,#4079);
#4101=IFCELEMENTQUANTITY('24Dla5sj1EiQw8O4MXJQPu',$,'Qto_WallBaseQuantities',$,'BaseQuantities',(#4103,#4104,#4105,#4106,#4107,#4108));
#4102=IFCRELDEFINESBYPROPERTIES('1ux5YvZlTDcxbEQYuQSX7g',$,$,$,(#3471),#4101);
#4103=IFCQUANTITYLENGTH('Length',$,$,24000.,$);
#4104=IFCQUANTITYLENGTH('Height',$,$,3350.,$);
#4105=IFCQUANTITYLENGTH('Width',$,$,465.,$);
#4106=IFCQUANTITYVOLUME('GrossVolume',$,$,37.386000000000003,$);
#4107=IFCQUANTITYVOLUME('NetVolume',$,$,28.011600000000005,$);
#4108=IFCQUANTITYAREA('NetSideArea',$,$,60.240000000000009,$);
#4109=IFCPROPERTYSET('2fOQaSz$b71Bxro6RsrFjX',$,'Pset_WallCommon',$,(#4111,#4112,#4113,#4114));
#4110=IFCRELDEFINESBYPROPERTIES('0HwGO6WijFRvzqqD$D0vW1',$,$,$,(#3471),#4109);
#4111=IFCPROPERTYSINGLEVALUE('IsExternal',$,IFCBOOLEAN(.T.),$);
#4112=IFCPROPERTYSINGLEVALUE('LoadBearing',$,IFCBOOLEAN(.T.),$);
#4113=IFCPROPERTYSINGLEVALUE('FireRating',$,IFCLABEL('REI 60'),$);
#4114=IFCPROPERTYSINGLEVALUE('ThermalTransmittance',$,IFCTHERMALTRANSMITTANCEMEASURE(0.20999999999999999),$);
#4115=IFCCARTESIANPOINTLIST2D(((0.,0.),(0.,465.),(14000.,465.),(14000.,0.),(0.,0.)));
#4116=IFCINDEXEDPOLYCURVE(#4115,$,.F.);
#4117=IFCDIRECTION((0.,0.,1.));
#4118=IFCARBITRARYCLOSEDPROFILEDEF(.AREA.,$,#4116);
#4119=IFCCARTESIANPOINT((0.,0.,0.));
#4120=IFCDIRECTION((0.,0.,1.));
#4121=IFCDIRECTION((1.,0.,0.));
#4122=IFCAXIS2PLACEMENT3D(#4119,#4120,#4121);
#4123=IFCEXTRUDEDAREASOLID(#4118,#4122,#4117,3350.);
#4124=IFCSHAPEREPRESENTATION(#11,'Body','SweptSolid',(#4123));
#4125=IFCWALL('13fa6KZCHC4hZqdd2D426A',$,'West wall L1',$,$,#4136,#4126,$,$);
#4126=IFCPRODUCTDEFINITIONSHAPE($,$,(#4124));
#4132=IFCCARTESIANPOINT((0.,14000.,0.));
#4133=IFCDIRECTION((0.,0.,1.));
#4134=IFCDIRECTION((-1.8369701987210297E-16,-1.,0.));
#4135=IFCAXIS2PLACEMENT3D(#4132,#4133,#4134);
#4136=IFCLOCALPLACEMENT(#2765,#4135);
#4137=IFCMATERIALLAYERSETUSAGE(#952,.AXIS2.,.POSITIVE.,0.,$);
#4138=IFCRELASSOCIATESMATERIAL('2VMX4pTAvBygHBgQ6bNB74',$,$,$,(#4125),#4137);
#4139=IFCCARTESIANPOINTLIST2D(((0.,0.),(0.,565.),(1800.,565.),(1800.,0.),(0.,0.)));
#4140=IFCINDEXEDPOLYCURVE(#4139,$,.F.);
#4141=IFCDIRECTION((0.,0.,1.));
#4142=IFCARBITRARYCLOSEDPROFILEDEF(.AREA.,$,#4140);
#4143=IFCCARTESIANPOINT((0.,0.,0.));
#4144=IFCDIRECTION((0.,0.,1.));
#4145=IFCDIRECTION((1.,0.,0.));
#4146=IFCAXIS2PLACEMENT3D(#4143,#4144,#4145);
#4147=IFCEXTRUDEDAREASOLID(#4142,#4146,#4141,1600.);
#4148=IFCSHAPEREPRESENTATION(#11,'Body','SweptSolid',(#4147));
#4149=IFCOPENINGELEMENT('19RB3gDYL0vPy3HbMgJbai',$,'Opening for Window W1 L1',$,$,#4161,#4150,$,$);
#4150=IFCPRODUCTDEFINITIONSHAPE($,$,(#4148));
#4156=IFCRELVOIDSELEMENT('1s6mD7$1T9AeNzpSn0yyz1',$,$,$,#4125,#4149);
#4157=IFCCARTESIANPOINT((2099.9999999999995,-50.,899.99999999999989));
#4158=IFCDIRECTION((0.,0.,1.));
#4159=IFCDIRECTION((1.,0.,0.));
#4160=IFCAXIS2PLACEMENT3D(#4157,#4158,#4159);
#4161=IFCLOCALPLACEMENT(#4136,#4160);
#4162=IFCCARTESIANPOINTLIST2D(((0.,0.),(1800.,0.),(1800.,1600.),(0.,1600.)));
#4163=IFCINDEXEDPOLYCURVE(#4162,(IFCLINEINDEX((1,2,3,4,1))),$);
#4164=IFCCARTESIANPOINTLIST2D(((25.,25.),(1775.,25.),(1775.,1575.),(25.,1575.)));
#4165=IFCINDEXEDPOLYCURVE(#4164,(IFCLINEINDEX((1,2,3,4,1))),$);
#4166=IFCARBITRARYPROFILEDEFWITHVOIDS(.AREA.,$,#4163,(#4165));
#4167=IFCCARTESIANPOINT((0.,90.,0.));
#4168=IFCDIRECTION((0.,-1.,0.));
#4169=IFCDIRECTION((1.,0.,0.));
#4170=IFCAXIS2PLACEMENT3D(#4167,#4168,#4169);
#4171=IFCDIRECTION((0.,0.,-1.));
#4172=IFCEXTRUDEDAREASOLID(#4166,#4170,#4171,10.);
#4173=IFCCARTESIANPOINTLIST2D(((0.,0.),(1800.,0.),(1800.,1600.),(0.,1600.)));
#4174=IFCINDEXEDPOLYCURVE(#4173,(IFCLINEINDEX((1,2,3,4,1))),$);
#4175=IFCCARTESIANPOINTLIST2D(((50.,50.),(1750.,50.),(1750.,1550.),(50.,1550.)));
#4176=IFCINDEXEDPOLYCURVE(#4175,(IFCLINEINDEX((1,2,3,4,1))),$);
#4177=IFCARBITRARYPROFILEDEFWITHVOIDS(.AREA.,$,#4174,(#4176));
#4178=IFCCARTESIANPOINT((0.,50.,0.));
#4179=IFCDIRECTION((0.,-1.,0.));
#4180=IFCDIRECTION((1.,0.,0.));
#4181=IFCAXIS2PLACEMENT3D(#4178,#4179,#4180);
#4182=IFCDIRECTION((0.,0.,-1.));
#4183=IFCEXTRUDEDAREASOLID(#4177,#4181,#4182,40.);
#4184=IFCCARTESIANPOINTLIST2D(((0.,0.),(1750.,0.),(1750.,1550.),(0.,1550.)));
#4185=IFCINDEXEDPOLYCURVE(#4184,(IFCLINEINDEX((1,2,3,4,1))),$);
#4186=IFCCARTESIANPOINTLIST2D(((35.,35.),(1715.,35.),(1715.,1515.),(35.,1515.)));
#4187=IFCINDEXEDPOLYCURVE(#4186,(IFCLINEINDEX((1,2,3,4,1))),$);
#4188=IFCARBITRARYPROFILEDEFWITHVOIDS(.AREA.,$,#4185,(#4187));
#4189=IFCCARTESIANPOINT((25.,90.,25.));
#4190=IFCDIRECTION((0.,-1.,0.));
#4191=IFCDIRECTION((1.,0.,0.));
#4192=IFCAXIS2PLACEMENT3D(#4189,#4190,#4191);
#4193=IFCDIRECTION((0.,0.,-1.));
#4194=IFCEXTRUDEDAREASOLID(#4188,#4192,#4193,35.);
#4195=IFCINDEXEDPOLYCURVE(#4196,(IFCLINEINDEX((1,2,3,4,1))),$);
#4196=IFCCARTESIANPOINTLIST2D(((35.,35.),(1715.,35.),(1715.,1515.),(35.,1515.)));
#4197=IFCARBITRARYCLOSEDPROFILEDEF(.AREA.,$,#4195);
#4198=IFCCARTESIANPOINT((25.,102.5,25.));
#4199=IFCDIRECTION((0.,-1.,0.));
#4200=IFCDIRECTION((1.,0.,0.));
#4201=IFCAXIS2PLACEMENT3D(#4198,#4199,#4200);
#4202=IFCDIRECTION((0.,0.,-1.));
#4203=IFCEXTRUDEDAREASOLID(#4197,#4201,#4202,10.);
#4204=IFCSHAPEREPRESENTATION(#11,'Body','SweptSolid',(#4172,#4183,#4194,#4203));
#4205=IFCWINDOW('1C$z9HGrbAax24d_mfgYqY',$,'Window W1 L1',$,$,#4216,#4206,$,1600.,1800.,.WINDOW.,$,$);
#4206=IFCPRODUCTDEFINITIONSHAPE($,$,(#4204));
#4212=IFCCARTESIANPOINT((162.7499999999996,11900.,899.99999999999989));
#4213=IFCDIRECTION((0.,0.,1.));
#4214=IFCDIRECTION((-1.8369701987210297E-16,-1.,0.));
#4215=IFCAXIS2PLACEMENT3D(#4212,#4213,#4214);
#4216=IFCLOCALPLACEMENT(#2765,#4215);
#4217=IFCMATERIALCONSTITUENTSET('Aluminium window',$,(#4218,#4219));
#4218=IFCMATERIALCONSTITUENT($,$,#1160,0.29999999999999999,$);
#4219=IFCMATERIALCONSTITUENT($,$,#1162,0.69999999999999996,$);
#4220=IFCRELASSOCIATESMATERIAL('36L9eOqdDDhB21h5dq_hAi',$,$,$,(#4205),#4217);
#4221=IFCPROPERTYSET('0KvhKVQ5vDvfrpn5LggZ_a',$,'Pset_WindowCommon',$,(#4223,#4224,#4225));
#4222=IFCRELDEFINESBYPROPERTIES('0jNMfidAv91hoI6Ta9tHp5',$,$,$,(#4205),#4221);
#4223=IFCPROPERTYSINGLEVALUE('IsExternal',$,IFCBOOLEAN(.T.),$);
#4224=IFCPROPERTYSINGLEVALUE('ThermalTransmittance',$,IFCTHERMALTRANSMITTANCEMEASURE(0.80000000000000004),$);
#4225=IFCPROPERTYSINGLEVALUE('GlazingAreaFraction',$,IFCPOSITIVERATIOMEASURE(0.69999999999999996),$);
#4226=IFCRELFILLSELEMENT('0eFNjIQY9A2hc2cFlVOfqb',$,$,$,#4149,#4205);
#4227=IFCCARTESIANPOINTLIST2D(((0.,0.),(0.,565.),(1800.,565.),(1800.,0.),(0.,0.)));
#4228=IFCINDEXEDPOLYCURVE(#4227,$,.F.);
#4229=IFCDIRECTION((0.,0.,1.));
#4230=IFCARBITRARYCLOSEDPROFILEDEF(.AREA.,$,#4228);
#4231=IFCCARTESIANPOINT((0.,0.,0.));
#4232=IFCDIRECTION((0.,0.,1.));
#4233=IFCDIRECTION((1.,0.,0.));
#4234=IFCAXIS2PLACEMENT3D(#4231,#4232,#4233);
#4235=IFCEXTRUDEDAREASOLID(#4230,#4234,#4229,1600.);
#4236=IFCSHAPEREPRESENTATION(#11,'Body','SweptSolid',(#4235));
#4237=IFCOPENINGELEMENT('3q4ZRi4_rAm8ioNGiU4xEL',$,'Opening for Window W2 L1',$,$,#4249,#4238,$,$);
#4238=IFCPRODUCTDEFINITIONSHAPE($,$,(#4236));
#4244=IFCRELVOIDSELEMENT('2OMHPZRA15gf8hbML0gzpO',$,$,$,#4125,#4237);
#4245=IFCCARTESIANPOINT((5099.9999999999991,-50.,899.99999999999989));
#4246=IFCDIRECTION((0.,0.,1.));
#4247=IFCDIRECTION((1.,0.,0.));
#4248=IFCAXIS2PLACEMENT3D(#4245,#4246,#4247);
#4249=IFCLOCALPLACEMENT(#4136,#4248);
#4250=IFCCARTESIANPOINTLIST2D(((0.,0.),(1800.,0.),(1800.,1600.),(0.,1600.)));
#4251=IFCINDEXEDPOLYCURVE(#4250,(IFCLINEINDEX((1,2,3,4,1))),$);
#4252=IFCCARTESIANPOINTLIST2D(((25.,25.),(1775.,25.),(1775.,1575.),(25.,1575.)));
#4253=IFCINDEXEDPOLYCURVE(#4252,(IFCLINEINDEX((1,2,3,4,1))),$);
#4254=IFCARBITRARYPROFILEDEFWITHVOIDS(.AREA.,$,#4251,(#4253));
#4255=IFCCARTESIANPOINT((0.,90.,0.));
#4256=IFCDIRECTION((0.,-1.,0.));
#4257=IFCDIRECTION((1.,0.,0.));
#4258=IFCAXIS2PLACEMENT3D(#4255,#4256,#4257);
#4259=IFCDIRECTION((0.,0.,-1.));
#4260=IFCEXTRUDEDAREASOLID(#4254,#4258,#4259,10.);
#4261=IFCCARTESIANPOINTLIST2D(((0.,0.),(1800.,0.),(1800.,1600.),(0.,1600.)));
#4262=IFCINDEXEDPOLYCURVE(#4261,(IFCLINEINDEX((1,2,3,4,1))),$);
#4263=IFCCARTESIANPOINTLIST2D(((50.,50.),(1750.,50.),(1750.,1550.),(50.,1550.)));
#4264=IFCINDEXEDPOLYCURVE(#4263,(IFCLINEINDEX((1,2,3,4,1))),$);
#4265=IFCARBITRARYPROFILEDEFWITHVOIDS(.AREA.,$,#4262,(#4264));
#4266=IFCCARTESIANPOINT((0.,50.,0.));
#4267=IFCDIRECTION((0.,-1.,0.));
#4268=IFCDIRECTION((1.,0.,0.));
#4269=IFCAXIS2PLACEMENT3D(#4266,#4267,#4268);
#4270=IFCDIRECTION((0.,0.,-1.));
#4271=IFCEXTRUDEDAREASOLID(#4265,#4269,#4270,40.);
#4272=IFCCARTESIANPOINTLIST2D(((0.,0.),(1750.,0.),(1750.,1550.),(0.,1550.)));
#4273=IFCINDEXEDPOLYCURVE(#4272,(IFCLINEINDEX((1,2,3,4,1))),$);
#4274=IFCCARTESIANPOINTLIST2D(((35.,35.),(1715.,35.),(1715.,1515.),(35.,1515.)));
#4275=IFCINDEXEDPOLYCURVE(#4274,(IFCLINEINDEX((1,2,3,4,1))),$);
#4276=IFCARBITRARYPROFILEDEFWITHVOIDS(.AREA.,$,#4273,(#4275));
#4277=IFCCARTESIANPOINT((25.,90.,25.));
#4278=IFCDIRECTION((0.,-1.,0.));
#4279=IFCDIRECTION((1.,0.,0.));
#4280=IFCAXIS2PLACEMENT3D(#4277,#4278,#4279);
#4281=IFCDIRECTION((0.,0.,-1.));
#4282=IFCEXTRUDEDAREASOLID(#4276,#4280,#4281,35.);
#4283=IFCINDEXEDPOLYCURVE(#4284,(IFCLINEINDEX((1,2,3,4,1))),$);
#4284=IFCCARTESIANPOINTLIST2D(((35.,35.),(1715.,35.),(1715.,1515.),(35.,1515.)));
#4285=IFCARBITRARYCLOSEDPROFILEDEF(.AREA.,$,#4283);
#4286=IFCCARTESIANPOINT((25.,102.5,25.));
#4287=IFCDIRECTION((0.,-1.,0.));
#4288=IFCDIRECTION((1.,0.,0.));
#4289=IFCAXIS2PLACEMENT3D(#4286,#4287,#4288);
#4290=IFCDIRECTION((0.,0.,-1.));
#4291=IFCEXTRUDEDAREASOLID(#4285,#4289,#4290,10.);
#4292=IFCSHAPEREPRESENTATION(#11,'Body','SweptSolid',(#4260,#4271,#4282,#4291));
#4293=IFCWINDOW('3CsXFEFRP4pBNeV6D9FA8g',$,'Window W2 L1',$,$,#4304,#4294,$,1600.,1800.,.WINDOW.,$,$);
#4294=IFCPRODUCTDEFINITIONSHAPE($,$,(#4292));
#4300=IFCCARTESIANPOINT((162.74999999999906,8900.,899.99999999999989));
#4301=IFCDIRECTION((0.,0.,1.));
#4302=IFCDIRECTION((-1.8369701987210297E-16,-1.,0.));
#4303=IFCAXIS2PLACEMENT3D(#4300,#4301,#4302);
#4304=IFCLOCALPLACEMENT(#2765,#4303);
#4305=IFCMATERIALCONSTITUENTSET('Aluminium window',$,(#4306,#4307));
#4306=IFCMATERIALCONSTITUENT($,$,#1160,0.29999999999999999,$);
#4307=IFCMATERIALCONSTITUENT($,$,#1162,0.69999999999999996,$);
#4308=IFCRELASSOCIATESMATERIAL('1MqS33aq90jO8uVYNLM1T2',$,$,$,(#4293),#4305);
#4309=IFCPROPERTYSET('3FAUI$bZ16Hw3kmiwBYnof',$,'Pset_WindowCommon',$,(#4311,#4312,#4313));
#4310=IFCRELDEFINESBYPROPERTIES('0wDufLUOD8FBb7b4Rtd2iG',$,$,$,(#4293),#4309);
#4311=IFCPROPERTYSINGLEVALUE('IsExternal',$,IFCBOOLEAN(.T.),$);
#4312=IFCPROPERTYSINGLEVALUE('ThermalTransmittance',$,IFCTHERMALTRANSMITTANCEMEASURE(0.80000000000000004),$);
#4313=IFCPROPERTYSINGLEVALUE('GlazingAreaFraction',$,IFCPOSITIVERATIOMEASURE(0.69999999999999996),$);
#4314=IFCRELFILLSELEMENT('1NqaNT0uf1cBur$OvGzH0Y',$,$,$,#4237,#4293);
#4315=IFCCARTESIANPOINTLIST2D(((0.,0.),(0.,565.),(1800.,565.),(1800.,0.),(0.,0.)));
#4316=IFCINDEXEDPOLYCURVE(#4315,$,.F.);
#4317=IFCDIRECTION((0.,0.,1.));
#4318=IFCARBITRARYCLOSEDPROFILEDEF(.AREA.,$,#4316);
#4319=IFCCARTESIANPOINT((0.,0.,0.));
#4320=IFCDIRECTION((0.,0.,1.));
#4321=IFCDIRECTION((1.,0.,0.));
#4322=IFCAXIS2PLACEMENT3D(#4319,#4320,#4321);
#4323=IFCEXTRUDEDAREASOLID(#4318,#4322,#4317,1600.);
#4324=IFCSHAPEREPRESENTATION(#11,'Body','SweptSolid',(#4323));
#4325=IFCOPENINGELEMENT('2PH8c_KYT47hUYRBIUdKEv',$,'Opening for Window W3 L1',$,$,#4337,#4326,$,$);
#4326=IFCPRODUCTDEFINITIONSHAPE($,$,(#4324));
#4332=IFCRELVOIDSELEMENT('2n2M6PmK5F2O9edvZe8gnI',$,$,$,#4125,#4325);
#4333=IFCCARTESIANPOINT((8099.9999999999991,-49.999999999999993,899.99999999999989));
#4334=IFCDIRECTION((0.,0.,1.));
#4335=IFCDIRECTION((1.,0.,0.));
#4336=IFCAXIS2PLACEMENT3D(#4333,#4334,#4335);
#4337=IFCLOCALPLACEMENT(#4136,#4336);
#4338=IFCCARTESIANPOINTLIST2D(((0.,0.),(1800.,0.),(1800.,1600.),(0.,1600.)));
#4339=IFCINDEXEDPOLYCURVE(#4338,(IFCLINEINDEX((1,2,3,4,1))),$);
#4340=IFCCARTESIANPOINTLIST2D(((25.,25.),(1775.,25.),(1775.,1575.),(25.,1575.)));
#4341=IFCINDEXEDPOLYCURVE(#4340,(IFCLINEINDEX((1,2,3,4,1))),$);
#4342=IFCARBITRARYPROFILEDEFWITHVOIDS(.AREA.,$,#4339,(#4341));
#4343=IFCCARTESIANPOINT((0.,90.,0.));
#4344=IFCDIRECTION((0.,-1.,0.));
#4345=IFCDIRECTION((1.,0.,0.));
#4346=IFCAXIS2PLACEMENT3D(#4343,#4344,#4345);
#4347=IFCDIRECTION((0.,0.,-1.));
#4348=IFCEXTRUDEDAREASOLID(#4342,#4346,#4347,10.);
#4349=IFCCARTESIANPOINTLIST2D(((0.,0.),(1800.,0.),(1800.,1600.),(0.,1600.)));
#4350=IFCINDEXEDPOLYCURVE(#4349,(IFCLINEINDEX((1,2,3,4,1))),$);
#4351=IFCCARTESIANPOINTLIST2D(((50.,50.),(1750.,50.),(1750.,1550.),(50.,1550.)));
#4352=IFCINDEXEDPOLYCURVE(#4351,(IFCLINEINDEX((1,2,3,4,1))),$);
#4353=IFCARBITRARYPROFILEDEFWITHVOIDS(.AREA.,$,#4350,(#4352));
#4354=IFCCARTESIANPOINT((0.,50.,0.));
#4355=IFCDIRECTION((0.,-1.,0.));
#4356=IFCDIRECTION((1.,0.,0.));
#4357=IFCAXIS2PLACEMENT3D(#4354,#4355,#4356);
#4358=IFCDIRECTION((0.,0.,-1.));
#4359=IFCEXTRUDEDAREASOLID(#4353,#4357,#4358,40.);
#4360=IFCCARTESIANPOINTLIST2D(((0.,0.),(1750.,0.),(1750.,1550.),(0.,1550.)));
#4361=IFCINDEXEDPOLYCURVE(#4360,(IFCLINEINDEX((1,2,3,4,1))),$);
#4362=IFCCARTESIANPOINTLIST2D(((35.,35.),(1715.,35.),(1715.,1515.),(35.,1515.)));
#4363=IFCINDEXEDPOLYCURVE(#4362,(IFCLINEINDEX((1,2,3,4,1))),$);
#4364=IFCARBITRARYPROFILEDEFWITHVOIDS(.AREA.,$,#4361,(#4363));
#4365=IFCCARTESIANPOINT((25.,90.,25.));
#4366=IFCDIRECTION((0.,-1.,0.));
#4367=IFCDIRECTION((1.,0.,0.));
#4368=IFCAXIS2PLACEMENT3D(#4365,#4366,#4367);
#4369=IFCDIRECTION((0.,0.,-1.));
#4370=IFCEXTRUDEDAREASOLID(#4364,#4368,#4369,35.);
#4371=IFCINDEXEDPOLYCURVE(#4372,(IFCLINEINDEX((1,2,3,4,1))),$);
#4372=IFCCARTESIANPOINTLIST2D(((35.,35.),(1715.,35.),(1715.,1515.),(35.,1515.)));
#4373=IFCARBITRARYCLOSEDPROFILEDEF(.AREA.,$,#4371);
#4374=IFCCARTESIANPOINT((25.,102.5,25.));
#4375=IFCDIRECTION((0.,-1.,0.));
#4376=IFCDIRECTION((1.,0.,0.));
#4377=IFCAXIS2PLACEMENT3D(#4374,#4375,#4376);
#4378=IFCDIRECTION((0.,0.,-1.));
#4379=IFCEXTRUDEDAREASOLID(#4373,#4377,#4378,10.);
#4380=IFCSHAPEREPRESENTATION(#11,'Body','SweptSolid',(#4348,#4359,#4370,#4379));
#4381=IFCWINDOW('2RXOeiwPL2PPexYr7NDFaE',$,'Window W3 L1',$,$,#4392,#4382,$,1600.,1800.,.WINDOW.,$,$);
#4382=IFCPRODUCTDEFINITIONSHAPE($,$,(#4380));
#4388=IFCCARTESIANPOINT((162.74999999999849,5900.,899.99999999999989));
#4389=IFCDIRECTION((0.,0.,1.));
#4390=IFCDIRECTION((-1.8369701987210297E-16,-1.,0.));
#4391=IFCAXIS2PLACEMENT3D(#4388,#4389,#4390);
#4392=IFCLOCALPLACEMENT(#2765,#4391);
#4393=IFCMATERIALCONSTITUENTSET('Aluminium window',$,(#4394,#4395));
#4394=IFCMATERIALCONSTITUENT($,$,#1160,0.29999999999999999,$);
#4395=IFCMATERIALCONSTITUENT($,$,#1162,0.69999999999999996,$);
#4396=IFCRELASSOCIATESMATERIAL('2IgwkNbN16QgiDLGtUaP6D',$,$,$,(#4381),#4393);
#4397=IFCPROPERTYSET('0rrIjQXt5CwA9fISp1V6xa',$,'Pset_WindowCommon',$,(#4399,#4400,#4401));
#4398=IFCRELDEFINESBYPROPERTIES('1P_IvF6Jz8wOQpK2G9DhV6',$,$,$,(#4381),#4397);
#4399=IFCPROPERTYSINGLEVALUE('IsExternal',$,IFCBOOLEAN(.T.),$);
#4400=IFCPROPERTYSINGLEVALUE('ThermalTransmittance',$,IFCTHERMALTRANSMITTANCEMEASURE(0.80000000000000004),$);
#4401=IFCPROPERTYSINGLEVALUE('GlazingAreaFraction',$,IFCPOSITIVERATIOMEASURE(0.69999999999999996),$);
#4402=IFCRELFILLSELEMENT('32TnzdkEnBCvGKmGsetzKz',$,$,$,#4325,#4381);
#4403=IFCCARTESIANPOINTLIST2D(((0.,0.),(0.,565.),(1800.,565.),(1800.,0.),(0.,0.)));
#4404=IFCINDEXEDPOLYCURVE(#4403,$,.F.);
#4405=IFCDIRECTION((0.,0.,1.));
#4406=IFCARBITRARYCLOSEDPROFILEDEF(.AREA.,$,#4404);
#4407=IFCCARTESIANPOINT((0.,0.,0.));
#4408=IFCDIRECTION((0.,0.,1.));
#4409=IFCDIRECTION((1.,0.,0.));
#4410=IFCAXIS2PLACEMENT3D(#4407,#4408,#4409);
#4411=IFCEXTRUDEDAREASOLID(#4406,#4410,#4405,1600.);
#4412=IFCSHAPEREPRESENTATION(#11,'Body','SweptSolid',(#4411));
#4413=IFCOPENINGELEMENT('0QFl2hIt1CwvMyN8U7uut0',$,'Opening for Window W4 L1',$,$,#4425,#4414,$,$);
#4414=IFCPRODUCTDEFINITIONSHAPE($,$,(#4412));
#4420=IFCRELVOIDSELEMENT('3Vmf49n2X6SeD$g2ShKVFI',$,$,$,#4125,#4413);
#4421=IFCCARTESIANPOINT((11100.,-50.,899.99999999999989));
#4422=IFCDIRECTION((0.,0.,1.));
#4423=IFCDIRECTION((1.,0.,0.));
#4424=IFCAXIS2PLACEMENT3D(#4421,#4422,#4423);
#4425=IFCLOCALPLACEMENT(#4136,#4424);
#4426=IFCCARTESIANPOINTLIST2D(((0.,0.),(1800.,0.),(1800.,1600.),(0.,1600.)));
#4427=IFCINDEXEDPOLYCURVE(#4426,(IFCLINEINDEX((1,2,3,4,1))),$);
#4428=IFCCARTESIANPOINTLIST2D(((25.,25.),(1775.,25.),(1775.,1575.),(25.,1575.)));
#4429=IFCINDEXEDPOLYCURVE(#4428,(IFCLINEINDEX((1,2,3,4,1))),$);
#4430=IFCARBITRARYPROFILEDEFWITHVOIDS(.AREA.,$,#4427,(#4429));
#4431=IFCCARTESIANPOINT((0.,90.,0.));
#4432=IFCDIRECTION((0.,-1.,0.));
#4433=IFCDIRECTION((1.,0.,0.));
#4434=IFCAXIS2PLACEMENT3D(#4431,#4432,#4433);
#4435=IFCDIRECTION((0.,0.,-1.));
#4436=IFCEXTRUDEDAREASOLID(#4430,#4434,#4435,10.);
#4437=IFCCARTESIANPOINTLIST2D(((0.,0.),(1800.,0.),(1800.,1600.),(0.,1600.)));
#4438=IFCINDEXEDPOLYCURVE(#4437,(IFCLINEINDEX((1,2,3,4,1))),$);
#4439=IFCCARTESIANPOINTLIST2D(((50.,50.),(1750.,50.),(1750.,1550.),(50.,1550.)));
#4440=IFCINDEXEDPOLYCURVE(#4439,(IFCLINEINDEX((1,2,3,4,1))),$);
#4441=IFCARBITRARYPROFILEDEFWITHVOIDS(.AREA.,$,#4438,(#4440));
#4442=IFCCARTESIANPOINT((0.,50.,0.));
#4443=IFCDIRECTION((0.,-1.,0.));
#4444=IFCDIRECTION((1.,0.,0.));
#4445=IFCAXIS2PLACEMENT3D(#4442,#4443,#4444);
#4446=IFCDIRECTION((0.,0.,-1.));
#4447=IFCEXTRUDEDAREASOLID(#4441,#4445,#4446,40.);
#4448=IFCCARTESIANPOINTLIST2D(((0.,0.),(1750.,0.),(1750.,1550.),(0.,1550.)));
#4449=IFCINDEXEDPOLYCURVE(#4448,(IFCLINEINDEX((1,2,3,4,1))),$);
#4450=IFCCARTESIANPOINTLIST2D(((35.,35.),(1715.,35.),(1715.,1515.),(35.,1515.)));
#4451=IFCINDEXEDPOLYCURVE(#4450,(IFCLINEINDEX((1,2,3,4,1))),$);
#4452=IFCARBITRARYPROFILEDEFWITHVOIDS(.AREA.,$,#4449,(#4451));
#4453=IFCCARTESIANPOINT((25.,90.,25.));
#4454=IFCDIRECTION((0.,-1.,0.));
#4455=IFCDIRECTION((1.,0.,0.));
#4456=IFCAXIS2PLACEMENT3D(#4453,#4454,#4455);
#4457=IFCDIRECTION((0.,0.,-1.));
#4458=IFCEXTRUDEDAREASOLID(#4452,#4456,#4457,35.);
#4459=IFCINDEXEDPOLYCURVE(#4460,(IFCLINEINDEX((1,2,3,4,1))),$);
#4460=IFCCARTESIANPOINTLIST2D(((35.,35.),(1715.,35.),(1715.,1515.),(35.,1515.)));
#4461=IFCARBITRARYCLOSEDPROFILEDEF(.AREA.,$,#4459);
#4462=IFCCARTESIANPOINT((25.,102.5,25.));
#4463=IFCDIRECTION((0.,-1.,0.));
#4464=IFCDIRECTION((1.,0.,0.));
#4465=IFCAXIS2PLACEMENT3D(#4462,#4463,#4464);
#4466=IFCDIRECTION((0.,0.,-1.));
#4467=IFCEXTRUDEDAREASOLID(#4461,#4465,#4466,10.);
#4468=IFCSHAPEREPRESENTATION(#11,'Body','SweptSolid',(#4436,#4447,#4458,#4467));
#4469=IFCWINDOW('1H9DAqn6zExwGStreVA6pR',$,'Window W4 L1',$,$,#4480,#4470,$,1600.,1800.,.WINDOW.,$,$);
#4470=IFCPRODUCTDEFINITIONSHAPE($,$,(#4468));
#4476=IFCCARTESIANPOINT((162.74999999999798,2900.0000000000005,899.99999999999989));
#4477=IFCDIRECTION((0.,0.,1.));
#4478=IFCDIRECTION((-1.8369701987210297E-16,-1.,0.));
#4479=IFCAXIS2PLACEMENT3D(#4476,#4477,#4478);
#4480=IFCLOCALPLACEMENT(#2765,#4479);
#4481=IFCMATERIALCONSTITUENTSET('Aluminium window',$,(#4482,#4483));
#4482=IFCMATERIALCONSTITUENT($,$,#1160,0.29999999999999999,$);
#4483=IFCMATERIALCONSTITUENT($,$,#1162,0.69999999999999996,$);
#4484=IFCRELASSOCIATESMATERIAL('24W7feDIXDL8XW$J8r7146',$,$,$,(#4469),#4481);
#4485=IFCPROPERTYSET('36I_c8xX1EOu3sWbotZY9R',$,'Pset_WindowCommon',$,(#4487,#4488,#4489));
#4486=IFCRELDEFINESBYPROPERTIES('0yZcoQscH2rPWWH6HEg3x1',$,$,$,(#4469),#4485);
#4487=IFCPROPERTYSINGLEVALUE('IsExternal',$,IFCBOOLEAN(.T.),$);
#4488=IFCPROPERTYSINGLEVALUE('ThermalTransmittance',$,IFCTHERMALTRANSMITTANCEMEASURE(0.80000000000000004),$);
#4489=IFCPROPERTYSINGLEVALUE('GlazingAreaFraction',$,IFCPOSITIVERATIOMEASURE(0.69999999999999996),$);
#4490=IFCRELFILLSELEMENT('3diypqRTD2KxXpU_Y62IO3',$,$,$,#4413,#4469);
#4491=IFCELEMENTQUANTITY('1s12n79zjDRvrp2Jicyfwv',$,'Qto_WallBaseQuantities',$,'BaseQuantities',(#4493,#4494,#4495,#4496,#4497,#4498));
#4492=IFCRELDEFINESBYPROPERTIES('1O25pocZ1DjOSSmOmFwwPr',$,$,$,(#4125),#4491);
#4493=IFCQUANTITYLENGTH('Length',$,$,14000.,$);
#4494=IFCQUANTITYLENGTH('Height',$,$,3350.,$);
#4495=IFCQUANTITYLENGTH('Width',$,$,465.,$);
#4496=IFCQUANTITYVOLUME('GrossVolume',$,$,21.808500000000002,$);
#4497=IFCQUANTITYVOLUME('NetVolume',$,$,16.451699999999999,$);
#4498=IFCQUANTITYAREA('NetSideArea',$,$,35.379999999999995,$);
#4499=IFCPROPERTYSET('2aRYorFwn2XxcQ0tNbH0Iw',$,'Pset_WallCommon',$,(#4501,#4502,#4503,#4504));
#4500=IFCRELDEFINESBYPROPERTIES('3BiiUzlSPB$AbPHv_CKnxQ',$,$,$,(#4125),#4499);
#4501=IFCPROPERTYSINGLEVALUE('IsExternal',$,IFCBOOLEAN(.T.),$);
#4502=IFCPROPERTYSINGLEVALUE('LoadBearing',$,IFCBOOLEAN(.T.),$);
#4503=IFCPROPERTYSINGLEVALUE('FireRating',$,IFCLABEL('REI 60'),$);
#4504=IFCPROPERTYSINGLEVALUE('ThermalTransmittance',$,IFCTHERMALTRANSMITTANCEMEASURE(0.20999999999999999),$);
#4505=IFCCARTESIANPOINTLIST2D(((0.,0.),(0.,465.),(14000.,465.),(14000.,0.),(0.,0.)));
#4506=IFCINDEXEDPOLYCURVE(#4505,$,.F.);
#4507=IFCDIRECTION((0.,0.,1.));
#4508=IFCARBITRARYCLOSEDPROFILEDEF(.AREA.,$,#4506);
#4509=IFCCARTESIANPOINT((0.,0.,0.));
#4510=IFCDIRECTION((0.,0.,1.));
#4511=IFCDIRECTION((1.,0.,0.));
#4512=IFCAXIS2PLACEMENT3D(#4509,#4510,#4511);
#4513=IFCEXTRUDEDAREASOLID(#4508,#4512,#4507,3350.);
#4514=IFCSHAPEREPRESENTATION(#11,'Body','SweptSolid',(#4513));
#4515=IFCWALL('0i4AsNWKP3iPPlljTmqh96',$,'East wall L1',$,$,#4526,#4516,$,$);
#4516=IFCPRODUCTDEFINITIONSHAPE($,$,(#4514));
#4522=IFCCARTESIANPOINT((24000.,0.,0.));
#4523=IFCDIRECTION((0.,0.,1.));
#4524=IFCDIRECTION((6.123233995736766E-17,1.,0.));
#4525=IFCAXIS2PLACEMENT3D(#4522,#4523,#4524);
#4526=IFCLOCALPLACEMENT(#2765,#4525);
#4527=IFCMATERIALLAYERSETUSAGE(#952,.AXIS2.,.POSITIVE.,0.,$);
#4528=IFCRELASSOCIATESMATERIAL('2uCYEY$pT9He$gjCmJlqJo',$,$,$,(#4515),#4527);
#4529=IFCCARTESIANPOINTLIST2D(((0.,0.),(0.,565.),(1800.,565.),(1800.,0.),(0.,0.)));
#4530=IFCINDEXEDPOLYCURVE(#4529,$,.F.);
#4531=IFCDIRECTION((0.,0.,1.));
#4532=IFCARBITRARYCLOSEDPROFILEDEF(.AREA.,$,#4530);
#4533=IFCCARTESIANPOINT((0.,0.,0.));
#4534=IFCDIRECTION((0.,0.,1.));
#4535=IFCDIRECTION((1.,0.,0.));
#4536=IFCAXIS2PLACEMENT3D(#4533,#4534,#4535);
#4537=IFCEXTRUDEDAREASOLID(#4532,#4536,#4531,1600.);
#4538=IFCSHAPEREPRESENTATION(#11,'Body','SweptSolid',(#4537));
#4539=IFCOPENINGELEMENT('346NDSakL2Jw2CQWPpDn4G',$,'Opening for Window E1 L1',$,$,#4551,#4540,$,$);
#4540=IFCPRODUCTDEFINITIONSHAPE($,$,(#4538));
#4546=IFCRELVOIDSELEMENT('2D2UCaZk16SgmOdCn6aUT_',$,$,$,#4515,#4539);
#4547=IFCCARTESIANPOINT((2100.,-50.000000000000711,899.99999999999989));
#4548=IFCDIRECTION((0.,0.,1.));
#4549=IFCDIRECTION((1.,0.,0.));
#4550=IFCAXIS2PLACEMENT3D(#4547,#4548,#4549);
#4551=IFCLOCALPLACEMENT(#4526,#4550);
#4552=IFCCARTESIANPOINTLIST2D(((0.,0.),(1800.,0.),(1800.,1600.),(0.,1600.)));
#4553=IFCINDEXEDPOLYCURVE(#4552,(IFCLINEINDEX((1,2,3,4,1))),$);
#4554=IFCCARTESIANPOINTLIST2D(((25.,25.),(1775.,25.),(1775.,1575.),(25.,1575.)));
#4555=IFCINDEXEDPOLYCURVE(#4554,(IFCLINEINDEX((1,2,3,4,1))),$);
#4556=IFCARBITRARYPROFILEDEFWITHVOIDS(.AREA.,$,#4553,(#4555));
#4557=IFCCARTESIANPOINT((0.,90.,0.));
#4558=IFCDIRECTION((0.,-1.,0.));
#4559=IFCDIRECTION((1.,0.,0.));
#4560=IFCAXIS2PLACEMENT3D(#4557,#4558,#4559);
#4561=IFCDIRECTION((0.,0.,-1.));
#4562=IFCEXTRUDEDAREASOLID(#4556,#4560,#4561,10.);
#4563=IFCCARTESIANPOINTLIST2D(((0.,0.),(1800.,0.),(1800.,1600.),(0.,1600.)));
#4564=IFCINDEXEDPOLYCURVE(#4563,(IFCLINEINDEX((1,2,3,4,1))),$);
#4565=IFCCARTESIANPOINTLIST2D(((50.,50.),(1750.,50.),(1750.,1550.),(50.,1550.)));
#4566=IFCINDEXEDPOLYCURVE(#4565,(IFCLINEINDEX((1,2,3,4,1))),$);
#4567=IFCARBITRARYPROFILEDEFWITHVOIDS(.AREA.,$,#4564,(#4566));
#4568=IFCCARTESIANPOINT((0.,50.,0.));
#4569=IFCDIRECTION((0.,-1.,0.));
#4570=IFCDIRECTION((1.,0.,0.));
#4571=IFCAXIS2PLACEMENT3D(#4568,#4569,#4570);
#4572=IFCDIRECTION((0.,0.,-1.));
#4573=IFCEXTRUDEDAREASOLID(#4567,#4571,#4572,40.);
#4574=IFCCARTESIANPOINTLIST2D(((0.,0.),(1750.,0.),(1750.,1550.),(0.,1550.)));
#4575=IFCINDEXEDPOLYCURVE(#4574,(IFCLINEINDEX((1,2,3,4,1))),$);
#4576=IFCCARTESIANPOINTLIST2D(((35.,35.),(1715.,35.),(1715.,1515.),(35.,1515.)));
#4577=IFCINDEXEDPOLYCURVE(#4576,(IFCLINEINDEX((1,2,3,4,1))),$);
#4578=IFCARBITRARYPROFILEDEFWITHVOIDS(.AREA.,$,#4575,(#4577));
#4579=IFCCARTESIANPOINT((25.,90.,25.));
#4580=IFCDIRECTION((0.,-1.,0.));
#4581=IFCDIRECTION((1.,0.,0.));
#4582=IFCAXIS2PLACEMENT3D(#4579,#4580,#4581);
#4583=IFCDIRECTION((0.,0.,-1.));
#4584=IFCEXTRUDEDAREASOLID(#4578,#4582,#4583,35.);
#4585=IFCINDEXEDPOLYCURVE(#4586,(IFCLINEINDEX((1,2,3,4,1))),$);
#4586=IFCCARTESIANPOINTLIST2D(((35.,35.),(1715.,35.),(1715.,1515.),(35.,1515.)));
#4587=IFCARBITRARYCLOSEDPROFILEDEF(.AREA.,$,#4585);
#4588=IFCCARTESIANPOINT((25.,102.5,25.));
#4589=IFCDIRECTION((0.,-1.,0.));
#4590=IFCDIRECTION((1.,0.,0.));
#4591=IFCAXIS2PLACEMENT3D(#4588,#4589,#4590);
#4592=IFCDIRECTION((0.,0.,-1.));
#4593=IFCEXTRUDEDAREASOLID(#4587,#4591,#4592,10.);
#4594=IFCSHAPEREPRESENTATION(#11,'Body','SweptSolid',(#4562,#4573,#4584,#4593));
#4595=IFCWINDOW('33G6L3uwz91P9TsemVpkxH',$,'Window E1 L1',$,$,#4606,#4596,$,1600.,1800.,.WINDOW.,$,$);
#4596=IFCPRODUCTDEFINITIONSHAPE($,$,(#4594));
#4602=IFCCARTESIANPOINT((23837.25,2100.,899.99999999999989));
#4603=IFCDIRECTION((0.,0.,1.));
#4604=IFCDIRECTION((6.123233995736766E-17,1.,0.));
#4605=IFCAXIS2PLACEMENT3D(#4602,#4603,#4604);
#4606=IFCLOCALPLACEMENT(#2765,#4605);
#4607=IFCMATERIALCONSTITUENTSET('Aluminium window',$,(#4608,#4609));
#4608=IFCMATERIALCONSTITUENT($,$,#1160,0.29999999999999999,$);
#4609=IFCMATERIALCONSTITUENT($,$,#1162,0.69999999999999996,$);
#4610=IFCRELASSOCIATESMATERIAL('29$z2EZPfBCRyN$RVES$iS',$,$,$,(#4595),#4607);
#4611=IFCPROPERTYSET('029aOujtv55eqqMlf93m4$',$,'Pset_WindowCommon',$,(#4613,#4614,#4615));
#4612=IFCRELDEFINESBYPROPERTIES('2CvYiX2N95kQi4gyEQblvO',$,$,$,(#4595),#4611);
#4613=IFCPROPERTYSINGLEVALUE('IsExternal',$,IFCBOOLEAN(.T.),$);
#4614=IFCPROPERTYSINGLEVALUE('ThermalTransmittance',$,IFCTHERMALTRANSMITTANCEMEASURE(0.80000000000000004),$);
#4615=IFCPROPERTYSINGLEVALUE('GlazingAreaFraction',$,IFCPOSITIVERATIOMEASURE(0.69999999999999996),$);
#4616=IFCRELFILLSELEMENT('3oUXVtBQL8zRZwCrmzgbUu',$,$,$,#4539,#4595);
#4617=IFCCARTESIANPOINTLIST2D(((0.,0.),(0.,565.),(1800.,565.),(1800.,0.),(0.,0.)));
#4618=IFCINDEXEDPOLYCURVE(#4617,$,.F.);
#4619=IFCDIRECTION((0.,0.,1.));
#4620=IFCARBITRARYCLOSEDPROFILEDEF(.AREA.,$,#4618);
#4621=IFCCARTESIANPOINT((0.,0.,0.));
#4622=IFCDIRECTION((0.,0.,1.));
#4623=IFCDIRECTION((1.,0.,0.));
#4624=IFCAXIS2PLACEMENT3D(#4621,#4622,#4623);
#4625=IFCEXTRUDEDAREASOLID(#4620,#4624,#4619,1600.);
#4626=IFCSHAPEREPRESENTATION(#11,'Body','SweptSolid',(#4625));
#4627=IFCOPENINGELEMENT('0US_RMJP1Azfg6ZQWIjV4L',$,'Opening for Window E2 L1',$,$,#4639,#4628,$,$);
#4628=IFCPRODUCTDEFINITIONSHAPE($,$,(#4626));
#4634=IFCRELVOIDSELEMENT('3VxVF3T8v1JhspTBzIoMU2',$,$,$,#4515,#4627);
#4635=IFCCARTESIANPOINT((5099.9999999999991,-50.000000000000711,899.99999999999989));
#4636=IFCDIRECTION((0.,0.,1.));
#4637=IFCDIRECTION((1.,0.,0.));
#4638=IFCAXIS2PLACEMENT3D(#4635,#4636,#4637);
#4639=IFCLOCALPLACEMENT(#4526,#4638);
#4640=IFCCARTESIANPOINTLIST2D(((0.,0.),(1800.,0.),(1800.,1600.),(0.,1600.)));
#4641=IFCINDEXEDPOLYCURVE(#4640,(IFCLINEINDEX((1,2,3,4,1))),$);
#4642=IFCCARTESIANPOINTLIST2D(((25.,25.),(1775.,25.),(1775.,1575.),(25.,1575.)));
#4643=IFCINDEXEDPOLYCURVE(#4642,(IFCLINEINDEX((1,2,3,4,1))),$);
#4644=IFCARBITRARYPROFILEDEFWITHVOIDS(.AREA.,$,#4641,(#4643));
#4645=IFCCARTESIANPOINT((0.,90.,0.));
#4646=IFCDIRECTION((0.,-1.,0.));
#4647=IFCDIRECTION((1.,0.,0.));
#4648=IFCAXIS2PLACEMENT3D(#4645,#4646,#4647);
#4649=IFCDIRECTION((0.,0.,-1.));
#4650=IFCEXTRUDEDAREASOLID(#4644,#4648,#4649,10.);
#4651=IFCCARTESIANPOINTLIST2D(((0.,0.),(1800.,0.),(1800.,1600.),(0.,1600.)));
#4652=IFCINDEXEDPOLYCURVE(#4651,(IFCLINEINDEX((1,2,3,4,1))),$);
#4653=IFCCARTESIANPOINTLIST2D(((50.,50.),(1750.,50.),(1750.,1550.),(50.,1550.)));
#4654=IFCINDEXEDPOLYCURVE(#4653,(IFCLINEINDEX((1,2,3,4,1))),$);
#4655=IFCARBITRARYPROFILEDEFWITHVOIDS(.AREA.,$,#4652,(#4654));
#4656=IFCCARTESIANPOINT((0.,50.,0.));
#4657=IFCDIRECTION((0.,-1.,0.));
#4658=IFCDIRECTION((1.,0.,0.));
#4659=IFCAXIS2PLACEMENT3D(#4656,#4657,#4658);
#4660=IFCDIRECTION((0.,0.,-1.));
#4661=IFCEXTRUDEDAREASOLID(#4655,#4659,#4660,40.);
#4662=IFCCARTESIANPOINTLIST2D(((0.,0.),(1750.,0.),(1750.,1550.),(0.,1550.)));
#4663=IFCINDEXEDPOLYCURVE(#4662,(IFCLINEINDEX((1,2,3,4,1))),$);
#4664=IFCCARTESIANPOINTLIST2D(((35.,35.),(1715.,35.),(1715.,1515.),(35.,1515.)));
#4665=IFCINDEXEDPOLYCURVE(#4664,(IFCLINEINDEX((1,2,3,4,1))),$);
#4666=IFCARBITRARYPROFILEDEFWITHVOIDS(.AREA.,$,#4663,(#4665));
#4667=IFCCARTESIANPOINT((25.,90.,25.));
#4668=IFCDIRECTION((0.,-1.,0.));
#4669=IFCDIRECTION((1.,0.,0.));
#4670=IFCAXIS2PLACEMENT3D(#4667,#4668,#4669);
#4671=IFCDIRECTION((0.,0.,-1.));
#4672=IFCEXTRUDEDAREASOLID(#4666,#4670,#4671,35.);
#4673=IFCINDEXEDPOLYCURVE(#4674,(IFCLINEINDEX((1,2,3,4,1))),$);
#4674=IFCCARTESIANPOINTLIST2D(((35.,35.),(1715.,35.),(1715.,1515.),(35.,1515.)));
#4675=IFCARBITRARYCLOSEDPROFILEDEF(.AREA.,$,#4673);
#4676=IFCCARTESIANPOINT((25.,102.5,25.));
#4677=IFCDIRECTION((0.,-1.,0.));
#4678=IFCDIRECTION((1.,0.,0.));
#4679=IFCAXIS2PLACEMENT3D(#4676,#4677,#4678);
#4680=IFCDIRECTION((0.,0.,-1.));
#4681=IFCEXTRUDEDAREASOLID(#4675,#4679,#4680,10.);
#4682=IFCSHAPEREPRESENTATION(#11,'Body','SweptSolid',(#4650,#4661,#4672,#4681));
#4683=IFCWINDOW('0saAUyCT98XuX_BCAjO$Ti',$,'Window E2 L1',$,$,#4694,#4684,$,1600.,1800.,.WINDOW.,$,$);
#4684=IFCPRODUCTDEFINITIONSHAPE($,$,(#4682));
#4690=IFCCARTESIANPOINT((23837.25,5099.9999999999991,899.99999999999989));
#4691=IFCDIRECTION((0.,0.,1.));
#4692=IFCDIRECTION((6.123233995736766E-17,1.,0.));
#4693=IFCAXIS2PLACEMENT3D(#4690,#4691,#4692);
#4694=IFCLOCALPLACEMENT(#2765,#4693);
#4695=IFCMATERIALCONSTITUENTSET('Aluminium window',$,(#4696,#4697));
#4696=IFCMATERIALCONSTITUENT($,$,#1160,0.29999999999999999,$);
#4697=IFCMATERIALCONSTITUENT($,$,#1162,0.69999999999999996,$);
#4698=IFCRELASSOCIATESMATERIAL('3t5vmuPfP4qfB7YYNABiIc',$,$,$,(#4683),#4695);
#4699=IFCPROPERTYSET('3HdoZ6AvLAVALjjcKZzO4M',$,'Pset_WindowCommon',$,(#4701,#4702,#4703));
#4700=IFCRELDEFINESBYPROPERTIES('3As9Kwfnr3PvRA5uDD7RpO',$,$,$,(#4683),#4699);
#4701=IFCPROPERTYSINGLEVALUE('IsExternal',$,IFCBOOLEAN(.T.),$);
#4702=IFCPROPERTYSINGLEVALUE('ThermalTransmittance',$,IFCTHERMALTRANSMITTANCEMEASURE(0.80000000000000004),$);
#4703=IFCPROPERTYSINGLEVALUE('GlazingAreaFraction',$,IFCPOSITIVERATIOMEASURE(0.69999999999999996),$);
#4704=IFCRELFILLSELEMENT('0T6kJj941C0fVg0FC0TeYd',$,$,$,#4627,#4683);
#4705=IFCCARTESIANPOINTLIST2D(((0.,0.),(0.,565.),(1800.,565.),(1800.,0.),(0.,0.)));
#4706=IFCINDEXEDPOLYCURVE(#4705,$,.F.);
#4707=IFCDIRECTION((0.,0.,1.));
#4708=IFCARBITRARYCLOSEDPROFILEDEF(.AREA.,$,#4706);
#4709=IFCCARTESIANPOINT((0.,0.,0.));
#4710=IFCDIRECTION((0.,0.,1.));
#4711=IFCDIRECTION((1.,0.,0.));
#4712=IFCAXIS2PLACEMENT3D(#4709,#4710,#4711);
#4713=IFCEXTRUDEDAREASOLID(#4708,#4712,#4707,1600.);
#4714=IFCSHAPEREPRESENTATION(#11,'Body','SweptSolid',(#4713));
#4715=IFCOPENINGELEMENT('0pR1g0$dXDPwmrFcTV_$w2',$,'Opening for Window E3 L1',$,$,#4727,#4716,$,$);
#4716=IFCPRODUCTDEFINITIONSHAPE($,$,(#4714));
#4722=IFCRELVOIDSELEMENT('0g7WdJXbT0UROtR5dRfsfP',$,$,$,#4515,#4715);
#4723=IFCCARTESIANPOINT((8099.9999999999991,-50.000000000000711,899.99999999999989));
#4724=IFCDIRECTION((0.,0.,1.));
#4725=IFCDIRECTION((1.,0.,0.));
#4726=IFCAXIS2PLACEMENT3D(#4723,#4724,#4725);
#4727=IFCLOCALPLACEMENT(#4526,#4726);
#4728=IFCCARTESIANPOINTLIST2D(((0.,0.),(1800.,0.),(1800.,1600.),(0.,1600.)));
#4729=IFCINDEXEDPOLYCURVE(#4728,(IFCLINEINDEX((1,2,3,4,1))),$);
#4730=IFCCARTESIANPOINTLIST2D(((25.,25.),(1775.,25.),(1775.,1575.),(25.,1575.)));
#4731=IFCINDEXEDPOLYCURVE(#4730,(IFCLINEINDEX((1,2,3,4,1))),$);
#4732=IFCARBITRARYPROFILEDEFWITHVOIDS(.AREA.,$,#4729,(#4731));
#4733=IFCCARTESIANPOINT((0.,90.,0.));
#4734=IFCDIRECTION((0.,-1.,0.));
#4735=IFCDIRECTION((1.,0.,0.));
#4736=IFCAXIS2PLACEMENT3D(#4733,#4734,#4735);
#4737=IFCDIRECTION((0.,0.,-1.));
#4738=IFCEXTRUDEDAREASOLID(#4732,#4736,#4737,10.);
#4739=IFCCARTESIANPOINTLIST2D(((0.,0.),(1800.,0.),(1800.,1600.),(0.,1600.)));
#4740=IFCINDEXEDPOLYCURVE(#4739,(IFCLINEINDEX((1,2,3,4,1))),$);
#4741=IFCCARTESIANPOINTLIST2D(((50.,50.),(1750.,50.),(1750.,1550.),(50.,1550.)));
#4742=IFCINDEXEDPOLYCURVE(#4741,(IFCLINEINDEX((1,2,3,4,1))),$);
#4743=IFCARBITRARYPROFILEDEFWITHVOIDS(.AREA.,$,#4740,(#4742));
#4744=IFCCARTESIANPOINT((0.,50.,0.));
#4745=IFCDIRECTION((0.,-1.,0.));
#4746=IFCDIRECTION((1.,0.,0.));
#4747=IFCAXIS2PLACEMENT3D(#4744,#4745,#4746);
#4748=IFCDIRECTION((0.,0.,-1.));
#4749=IFCEXTRUDEDAREASOLID(#4743,#4747,#4748,40.);
#4750=IFCCARTESIANPOINTLIST2D(((0.,0.),(1750.,0.),(1750.,1550.),(0.,1550.)));
#4751=IFCINDEXEDPOLYCURVE(#4750,(IFCLINEINDEX((1,2,3,4,1))),$);
#4752=IFCCARTESIANPOINTLIST2D(((35.,35.),(1715.,35.),(1715.,1515.),(35.,1515.)));
#4753=IFCINDEXEDPOLYCURVE(#4752,(IFCLINEINDEX((1,2,3,4,1))),$);
#4754=IFCARBITRARYPROFILEDEFWITHVOIDS(.AREA.,$,#4751,(#4753));
#4755=IFCCARTESIANPOINT((25.,90.,25.));
#4756=IFCDIRECTION((0.,-1.,0.));
#4757=IFCDIRECTION((1.,0.,0.));
#4758=IFCAXIS2PLACEMENT3D(#4755,#4756,#4757);
#4759=IFCDIRECTION((0.,0.,-1.));
#4760=IFCEXTRUDEDAREASOLID(#4754,#4758,#4759,35.);
#4761=IFCINDEXEDPOLYCURVE(#4762,(IFCLINEINDEX((1,2,3,4,1))),$);
#4762=IFCCARTESIANPOINTLIST2D(((35.,35.),(1715.,35.),(1715.,1515.),(35.,1515.)));
#4763=IFCARBITRARYCLOSEDPROFILEDEF(.AREA.,$,#4761);
#4764=IFCCARTESIANPOINT((25.,102.5,25.));
#4765=IFCDIRECTION((0.,-1.,0.));
#4766=IFCDIRECTION((1.,0.,0.));
#4767=IFCAXIS2PLACEMENT3D(#4764,#4765,#4766);
#4768=IFCDIRECTION((0.,0.,-1.));
#4769=IFCEXTRUDEDAREASOLID(#4763,#4767,#4768,10.);
#4770=IFCSHAPEREPRESENTATION(#11,'Body','SweptSolid',(#4738,#4749,#4760,#4769));
#4771=IFCWINDOW('2_uDMy1En0tvjrih1pFIfe',$,'Window E3 L1',$,$,#4782,#4772,$,1600.,1800.,.WINDOW.,$,$);
#4772=IFCPRODUCTDEFINITIONSHAPE($,$,(#4770));
#4778=IFCCARTESIANPOINT((23837.25,8099.9999999999991,899.99999999999989));
#4779=IFCDIRECTION((0.,0.,1.));
#4780=IFCDIRECTION((6.123233995736766E-17,1.,0.));
#4781=IFCAXIS2PLACEMENT3D(#4778,#4779,#4780);
#4782=IFCLOCALPLACEMENT(#2765,#4781);
#4783=IFCMATERIALCONSTITUENTSET('Aluminium window',$,(#4784,#4785));
#4784=IFCMATERIALCONSTITUENT($,$,#1160,0.29999999999999999,$);
#4785=IFCMATERIALCONSTITUENT($,$,#1162,0.69999999999999996,$);
#4786=IFCRELASSOCIATESMATERIAL('0DxZFZkCX5ARMOnTNeAtHy',$,$,$,(#4771),#4783);
#4787=IFCPROPERTYSET('1I_GDfILn88A3rh7vdd$te',$,'Pset_WindowCommon',$,(#4789,#4790,#4791));
#4788=IFCRELDEFINESBYPROPERTIES('2OM4wbNtz7QPNHzwJPEu$U',$,$,$,(#4771),#4787);
#4789=IFCPROPERTYSINGLEVALUE('IsExternal',$,IFCBOOLEAN(.T.),$);
#4790=IFCPROPERTYSINGLEVALUE('ThermalTransmittance',$,IFCTHERMALTRANSMITTANCEMEASURE(0.80000000000000004),$);
#4791=IFCPROPERTYSINGLEVALUE('GlazingAreaFraction',$,IFCPOSITIVERATIOMEASURE(0.69999999999999996),$);
#4792=IFCRELFILLSELEMENT('0T7qvOfbH8CQueZ95xtXqB',$,$,$,#4715,#4771);
#4793=IFCCARTESIANPOINTLIST2D(((0.,0.),(0.,565.),(1800.,565.),(1800.,0.),(0.,0.)));
#4794=IFCINDEXEDPOLYCURVE(#4793,$,.F.);
#4795=IFCDIRECTION((0.,0.,1.));
#4796=IFCARBITRARYCLOSEDPROFILEDEF(.AREA.,$,#4794);
#4797=IFCCARTESIANPOINT((0.,0.,0.));
#4798=IFCDIRECTION((0.,0.,1.));
#4799=IFCDIRECTION((1.,0.,0.));
#4800=IFCAXIS2PLACEMENT3D(#4797,#4798,#4799);
#4801=IFCEXTRUDEDAREASOLID(#4796,#4800,#4795,1600.);
#4802=IFCSHAPEREPRESENTATION(#11,'Body','SweptSolid',(#4801));
#4803=IFCOPENINGELEMENT('38YbFtA3D958EkWrHNUlzW',$,'Opening for Window E4 L1',$,$,#4815,#4804,$,$);
#4804=IFCPRODUCTDEFINITIONSHAPE($,$,(#4802));
#4810=IFCRELVOIDSELEMENT('2CD7atD3z7z8Efigx4oFq4',$,$,$,#4515,#4803);
#4811=IFCCARTESIANPOINT((11100.,-50.000000000000711,899.99999999999989));
#4812=IFCDIRECTION((0.,0.,1.));
#4813=IFCDIRECTION((1.,0.,0.));
#4814=IFCAXIS2PLACEMENT3D(#4811,#4812,#4813);
#4815=IFCLOCALPLACEMENT(#4526,#4814);
#4816=IFCCARTESIANPOINTLIST2D(((0.,0.),(1800.,0.),(1800.,1600.),(0.,1600.)));
#4817=IFCINDEXEDPOLYCURVE(#4816,(IFCLINEINDEX((1,2,3,4,1))),$);
#4818=IFCCARTESIANPOINTLIST2D(((25.,25.),(1775.,25.),(1775.,1575.),(25.,1575.)));
#4819=IFCINDEXEDPOLYCURVE(#4818,(IFCLINEINDEX((1,2,3,4,1))),$);
#4820=IFCARBITRARYPROFILEDEFWITHVOIDS(.AREA.,$,#4817,(#4819));
#4821=IFCCARTESIANPOINT((0.,90.,0.));
#4822=IFCDIRECTION((0.,-1.,0.));
#4823=IFCDIRECTION((1.,0.,0.));
#4824=IFCAXIS2PLACEMENT3D(#4821,#4822,#4823);
#4825=IFCDIRECTION((0.,0.,-1.));
#4826=IFCEXTRUDEDAREASOLID(#4820,#4824,#4825,10.);
#4827=IFCCARTESIANPOINTLIST2D(((0.,0.),(1800.,0.),(1800.,1600.),(0.,1600.)));
#4828=IFCINDEXEDPOLYCURVE(#4827,(IFCLINEINDEX((1,2,3,4,1))),$);
#4829=IFCCARTESIANPOINTLIST2D(((50.,50.),(1750.,50.),(1750.,1550.),(50.,1550.)));
#4830=IFCINDEXEDPOLYCURVE(#4829,(IFCLINEINDEX((1,2,3,4,1))),$);
#4831=IFCARBITRARYPROFILEDEFWITHVOIDS(.AREA.,$,#4828,(#4830));
#4832=IFCCARTESIANPOINT((0.,50.,0.));
#4833=IFCDIRECTION((0.,-1.,0.));
#4834=IFCDIRECTION((1.,0.,0.));
#4835=IFCAXIS2PLACEMENT3D(#4832,#4833,#4834);
#4836=IFCDIRECTION((0.,0.,-1.));
#4837=IFCEXTRUDEDAREASOLID(#4831,#4835,#4836,40.);
#4838=IFCCARTESIANPOINTLIST2D(((0.,0.),(1750.,0.),(1750.,1550.),(0.,1550.)));
#4839=IFCINDEXEDPOLYCURVE(#4838,(IFCLINEINDEX((1,2,3,4,1))),$);
#4840=IFCCARTESIANPOINTLIST2D(((35.,35.),(1715.,35.),(1715.,1515.),(35.,1515.)));
#4841=IFCINDEXEDPOLYCURVE(#4840,(IFCLINEINDEX((1,2,3,4,1))),$);
#4842=IFCARBITRARYPROFILEDEFWITHVOIDS(.AREA.,$,#4839,(#4841));
#4843=IFCCARTESIANPOINT((25.,90.,25.));
#4844=IFCDIRECTION((0.,-1.,0.));
#4845=IFCDIRECTION((1.,0.,0.));
#4846=IFCAXIS2PLACEMENT3D(#4843,#4844,#4845);
#4847=IFCDIRECTION((0.,0.,-1.));
#4848=IFCEXTRUDEDAREASOLID(#4842,#4846,#4847,35.);
#4849=IFCINDEXEDPOLYCURVE(#4850,(IFCLINEINDEX((1,2,3,4,1))),$);
#4850=IFCCARTESIANPOINTLIST2D(((35.,35.),(1715.,35.),(1715.,1515.),(35.,1515.)));
#4851=IFCARBITRARYCLOSEDPROFILEDEF(.AREA.,$,#4849);
#4852=IFCCARTESIANPOINT((25.,102.5,25.));
#4853=IFCDIRECTION((0.,-1.,0.));
#4854=IFCDIRECTION((1.,0.,0.));
#4855=IFCAXIS2PLACEMENT3D(#4852,#4853,#4854);
#4856=IFCDIRECTION((0.,0.,-1.));
#4857=IFCEXTRUDEDAREASOLID(#4851,#4855,#4856,10.);
#4858=IFCSHAPEREPRESENTATION(#11,'Body','SweptSolid',(#4826,#4837,#4848,#4857));
#4859=IFCWINDOW('1zv4xoK2H4s9MjeAdLX4LG',$,'Window E4 L1',$,$,#4870,#4860,$,1600.,1800.,.WINDOW.,$,$);
#4860=IFCPRODUCTDEFINITIONSHAPE($,$,(#4858));
#4866=IFCCARTESIANPOINT((23837.25,11100.,899.99999999999989));
#4867=IFCDIRECTION((0.,0.,1.));
#4868=IFCDIRECTION((6.123233995736766E-17,1.,0.));
#4869=IFCAXIS2PLACEMENT3D(#4866,#4867,#4868);
#4870=IFCLOCALPLACEMENT(#2765,#4869);
#4871=IFCMATERIALCONSTITUENTSET('Aluminium window',$,(#4872,#4873));
#4872=IFCMATERIALCONSTITUENT($,$,#1160,0.29999999999999999,$);
#4873=IFCMATERIALCONSTITUENT($,$,#1162,0.69999999999999996,$);
#4874=IFCRELASSOCIATESMATERIAL('20sEqkheL1kP4kYTHQhKcY',$,$,$,(#4859),#4871);
#4875=IFCPROPERTYSET('3c5lyiMTL1phkMI4x6$EF1',$,'Pset_WindowCommon',$,(#4877,#4878,#4879));
#4876=IFCRELDEFINESBYPROPERTIES('1LCR95_eL8kwUBCzZPtmL8',$,$,$,(#4859),#4875);
#4877=IFCPROPERTYSINGLEVALUE('IsExternal',$,IFCBOOLEAN(.T.),$);
#4878=IFCPROPERTYSINGLEVALUE('ThermalTransmittance',$,IFCTHERMALTRANSMITTANCEMEASURE(0.80000000000000004),$);
#4879=IFCPROPERTYSINGLEVALUE('GlazingAreaFraction',$,IFCPOSITIVERATIOMEASURE(0.69999999999999996),$);
#4880=IFCRELFILLSELEMENT('2jAidjOvP8UAT27sMcLRo4',$,$,$,#4803,#4859);
#4881=IFCELEMENTQUANTITY('1aQB5T3FXCux43vD$Jq4Su',$,'Qto_WallBaseQuantities',$,'BaseQuantities',(#4883,#4884,#4885,#4886,#4887,#4888));
#4882=IFCRELDEFINESBYPROPERTIES('1gXh1zrhr3afRdNBZpLFOS',$,$,$,(#4515),#4881);
#4883=IFCQUANTITYLENGTH('Length',$,$,14000.,$);
#4884=IFCQUANTITYLENGTH('Height',$,$,3350.,$);
#4885=IFCQUANTITYLENGTH('Width',$,$,465.,$);
#4886=IFCQUANTITYVOLUME('GrossVolume',$,$,21.808500000000002,$);
#4887=IFCQUANTITYVOLUME('NetVolume',$,$,16.451699999999999,$);
#4888=IFCQUANTITYAREA('NetSideArea',$,$,35.379999999999995,$);
#4889=IFCPROPERTYSET('1rOVZQmrXD$AB1jhZqlI2v',$,'Pset_WallCommon',$,(#4891,#4892,#4893,#4894));
#4890=IFCRELDEFINESBYPROPERTIES('3JWlhQM659NwJs8m1$laAc',$,$,$,(#4515),#4889);
#4891=IFCPROPERTYSINGLEVALUE('IsExternal',$,IFCBOOLEAN(.T.),$);
#4892=IFCPROPERTYSINGLEVALUE('LoadBearing',$,IFCBOOLEAN(.T.),$);
#4893=IFCPROPERTYSINGLEVALUE('FireRating',$,IFCLABEL('REI 60'),$);
#4894=IFCPROPERTYSINGLEVALUE('ThermalTransmittance',$,IFCTHERMALTRANSMITTANCEMEASURE(0.20999999999999999),$);
#4895=IFCCARTESIANPOINTLIST2D(((0.,0.),(0.,100.),(4000.,100.),(4000.,0.),(0.,0.)));
#4896=IFCINDEXEDPOLYCURVE(#4895,$,.F.);
#4897=IFCDIRECTION((0.,0.,1.));
#4898=IFCARBITRARYCLOSEDPROFILEDEF(.AREA.,$,#4896);
#4899=IFCCARTESIANPOINT((0.,0.,0.));
#4900=IFCDIRECTION((0.,0.,1.));
#4901=IFCDIRECTION((1.,0.,0.));
#4902=IFCAXIS2PLACEMENT3D(#4899,#4900,#4901);
#4903=IFCEXTRUDEDAREASOLID(#4898,#4902,#4897,3350.);
#4904=IFCSHAPEREPRESENTATION(#11,'Body','SweptSolid',(#4903));
#4905=IFCWALL('02isLppv9B0PKu33Y4k$A$',$,'Partition P1 L1',$,$,#4916,#4906,$,.PARTITIONING.);
#4906=IFCPRODUCTDEFINITIONSHAPE($,$,(#4904));
#4912=IFCCARTESIANPOINT((8000.,9535.,0.));
#4913=IFCDIRECTION((0.,0.,1.));
#4914=IFCDIRECTION((6.123233995736766E-17,1.,0.));
#4915=IFCAXIS2PLACEMENT3D(#4912,#4913,#4914);
#4916=IFCLOCALPLACEMENT(#2765,#4915);
#4917=IFCMATERIALLAYERSETUSAGE(#2427,.AXIS2.,.POSITIVE.,0.,$);
#4918=IFCRELASSOCIATESMATERIAL('1C1fpeus92$gVnKcjMxspJ',$,$,$,(#4905),#4917);
#4919=IFCELEMENTQUANTITY('0Y49nJ2bjFEhs3nVZas5Ry',$,'Qto_WallBaseQuantities',$,'BaseQuantities',(#4921,#4922,#4923));
#4920=IFCRELDEFINESBYPROPERTIES('0OcR1v6g1E08MhPIXRfPw3',$,$,$,(#4905),#4919);
#4921=IFCQUANTITYVOLUME('NetVolume',$,$,1.3400000000000001,$);
#4922=IFCQUANTITYLENGTH('Length',$,$,4000.,$);
#4923=IFCQUANTITYLENGTH('Height',$,$,3350.,$);
#4924=IFCPROPERTYSET('0NA8l8JBT9efEsW4BsA2ZJ',$,'Pset_WallCommon',$,(#4926,#4927,#4928));
#4925=IFCRELDEFINESBYPROPERTIES('17IuG$uff4dQNXY2OGt71J',$,$,$,(#4905),#4924);
#4926=IFCPROPERTYSINGLEVALUE('IsExternal',$,IFCBOOLEAN(.F.),$);
#4927=IFCPROPERTYSINGLEVALUE('LoadBearing',$,IFCBOOLEAN(.F.),$);
#4928=IFCPROPERTYSINGLEVALUE('AcousticRating',$,IFCLABEL('Rw 52 dB'),$);
#4929=IFCCARTESIANPOINTLIST2D(((0.,0.),(0.,100.),(4000.,100.),(4000.,0.),(0.,0.)));
#4930=IFCINDEXEDPOLYCURVE(#4929,$,.F.);
#4931=IFCDIRECTION((0.,0.,1.));
#4932=IFCARBITRARYCLOSEDPROFILEDEF(.AREA.,$,#4930);
#4933=IFCCARTESIANPOINT((0.,0.,0.));
#4934=IFCDIRECTION((0.,0.,1.));
#4935=IFCDIRECTION((1.,0.,0.));
#4936=IFCAXIS2PLACEMENT3D(#4933,#4934,#4935);
#4937=IFCEXTRUDEDAREASOLID(#4932,#4936,#4931,3350.);
#4938=IFCSHAPEREPRESENTATION(#11,'Body','SweptSolid',(#4937));
#4939=IFCWALL('2D6WUCX9L5pgNje1kRUHEz',$,'Partition P2 L1',$,$,#4950,#4940,$,.PARTITIONING.);
#4940=IFCPRODUCTDEFINITIONSHAPE($,$,(#4938));
#4946=IFCCARTESIANPOINT((16000.,9535.,0.));
#4947=IFCDIRECTION((0.,0.,1.));
#4948=IFCDIRECTION((6.123233995736766E-17,1.,0.));
#4949=IFCAXIS2PLACEMENT3D(#4946,#4947,#4948);
#4950=IFCLOCALPLACEMENT(#2765,#4949);
#4951=IFCMATERIALLAYERSETUSAGE(#2427,.AXIS2.,.POSITIVE.,0.,$);
#4952=IFCRELASSOCIATESMATERIAL('3vcYwEOnD9nuupUjrKmpsz',$,$,$,(#4939),#4951);
#4953=IFCELEMENTQUANTITY('2enwLBDc90fR1FUyRaEKyt',$,'Qto_WallBaseQuantities',$,'BaseQuantities',(#4955,#4956,#4957));
#4954=IFCRELDEFINESBYPROPERTIES('3h3ZHqi9P5kvhGKomkcPUi',$,$,$,(#4939),#4953);
#4955=IFCQUANTITYVOLUME('NetVolume',$,$,1.3400000000000001,$);
#4956=IFCQUANTITYLENGTH('Length',$,$,4000.,$);
#4957=IFCQUANTITYLENGTH('Height',$,$,3350.,$);
#4958=IFCPROPERTYSET('0h_qJRDoz8nhZtQ2KSTdjz',$,'Pset_WallCommon',$,(#4960,#4961,#4962));
#4959=IFCRELDEFINESBYPROPERTIES('28srxfal5BrugXK9LndJ9I',$,$,$,(#4939),#4958);
#4960=IFCPROPERTYSINGLEVALUE('IsExternal',$,IFCBOOLEAN(.F.),$);
#4961=IFCPROPERTYSINGLEVALUE('LoadBearing',$,IFCBOOLEAN(.F.),$);
#4962=IFCPROPERTYSINGLEVALUE('AcousticRating',$,IFCLABEL('Rw 52 dB'),$);
#4963=IFCCARTESIANPOINT((0.,0.,0.));
#4964=IFCDIRECTION((0.,0.,1.));
#4965=IFCDIRECTION((1.,0.,0.));
#4966=IFCAXIS2PLACEMENT3D(#4963,#4964,#4965);
#4967=IFCDIRECTION((0.,0.,1.));
#4968=IFCEXTRUDEDAREASOLID(#16,#4966,#4967,3350.);
#4969=IFCSHAPEREPRESENTATION(#11,'Body','SweptSolid',(#4968));
#4970=IFCCOLUMN('0X6ezYfbv6GgN1dPE3emWw',$,'Column A1 L1',$,$,#4981,#4971,$,$);
#4971=IFCPRODUCTDEFINITIONSHAPE($,$,(#4969));
#4977=IFCCARTESIANPOINT((6000.,4700.,0.));
#4978=IFCDIRECTION((0.,0.,1.));
#4979=IFCDIRECTION((1.,0.,0.));
#4980=IFCAXIS2PLACEMENT3D(#4977,#4978,#4979);
#4981=IFCLOCALPLACEMENT(#2765,#4980);
#4982=IFCPROPERTYSET('1S0ZrBApPBmPmsr8iEq3iz',$,'Pset_ColumnCommon',$,(#4984,#4985));
#4983=IFCRELDEFINESBYPROPERTIES('11s3pxU$r8zfG8IKW7yfYb',$,$,$,(#4970),#4982);
#4984=IFCPROPERTYSINGLEVALUE('LoadBearing',$,IFCBOOLEAN(.T.),$);
#4985=IFCPROPERTYSINGLEVALUE('FireRating',$,IFCLABEL('R 90'),$);
#4986=IFCCARTESIANPOINT((0.,0.,0.));
#4987=IFCDIRECTION((0.,0.,1.));
#4988=IFCDIRECTION((1.,0.,0.));
#4989=IFCAXIS2PLACEMENT3D(#4986,#4987,#4988);
#4990=IFCDIRECTION((0.,0.,1.));
#4991=IFCEXTRUDEDAREASOLID(#16,#4989,#4990,3350.);
#4992=IFCSHAPEREPRESENTATION(#11,'Body','SweptSolid',(#4991));
#4993=IFCCOLUMN('1b7qyvWZH44w2up6j3TkBo',$,'Column A2 L1',$,$,#5004,#4994,$,$);
#4994=IFCPRODUCTDEFINITIONSHAPE($,$,(#4992));
#5000=IFCCARTESIANPOINT((6000.,9400.,0.));
#5001=IFCDIRECTION((0.,0.,1.));
#5002=IFCDIRECTION((1.,0.,0.));
#5003=IFCAXIS2PLACEMENT3D(#5000,#5001,#5002);
#5004=IFCLOCALPLACEMENT(#2765,#5003);
#5005=IFCPROPERTYSET('22p0IvfTnC_8SFmyBCTd7C',$,'Pset_ColumnCommon',$,(#5007,#5008));
#5006=IFCRELDEFINESBYPROPERTIES('0IswJNVNrFmuN1Lp5AAmzq',$,$,$,(#4993),#5005);
#5007=IFCPROPERTYSINGLEVALUE('LoadBearing',$,IFCBOOLEAN(.T.),$);
#5008=IFCPROPERTYSINGLEVALUE('FireRating',$,IFCLABEL('R 90'),$);
#5009=IFCCARTESIANPOINT((0.,0.,0.));
#5010=IFCDIRECTION((0.,0.,1.));
#5011=IFCDIRECTION((1.,0.,0.));
#5012=IFCAXIS2PLACEMENT3D(#5009,#5010,#5011);
#5013=IFCDIRECTION((0.,0.,1.));
#5014=IFCEXTRUDEDAREASOLID(#16,#5012,#5013,3350.);
#5015=IFCSHAPEREPRESENTATION(#11,'Body','SweptSolid',(#5014));
#5016=IFCCOLUMN('2Lw6ty3e5FcvhBIDsVzY7A',$,'Column B1 L1',$,$,#5027,#5017,$,$);
#5017=IFCPRODUCTDEFINITIONSHAPE($,$,(#5015));
#5023=IFCCARTESIANPOINT((12000.,4700.,0.));
#5024=IFCDIRECTION((0.,0.,1.));
#5025=IFCDIRECTION((1.,0.,0.));
#5026=IFCAXIS2PLACEMENT3D(#5023,#5024,#5025);
#5027=IFCLOCALPLACEMENT(#2765,#5026);
#5028=IFCPROPERTYSET('0iAk_U$tb9qwYbF0izJqLI',$,'Pset_ColumnCommon',$,(#5030,#5031));
#5029=IFCRELDEFINESBYPROPERTIES('3K10nTWSb7AOV_7DN6Xzpj',$,$,$,(#5016),#5028);
#5030=IFCPROPERTYSINGLEVALUE('LoadBearing',$,IFCBOOLEAN(.T.),$);
#5031=IFCPROPERTYSINGLEVALUE('FireRating',$,IFCLABEL('R 90'),$);
#5032=IFCCARTESIANPOINT((0.,0.,0.));
#5033=IFCDIRECTION((0.,0.,1.));
#5034=IFCDIRECTION((1.,0.,0.));
#5035=IFCAXIS2PLACEMENT3D(#5032,#5033,#5034);
#5036=IFCDIRECTION((0.,0.,1.));
#5037=IFCEXTRUDEDAREASOLID(#16,#5035,#5036,3350.);
#5038=IFCSHAPEREPRESENTATION(#11,'Body','SweptSolid',(#5037));
#5039=IFCCOLUMN('1PTAAe6y99bgGIZ_6I$bt8',$,'Column B2 L1',$,$,#5050,#5040,$,$);
#5040=IFCPRODUCTDEFINITIONSHAPE($,$,(#5038));
#5046=IFCCARTESIANPOINT((12000.,9400.,0.));
#5047=IFCDIRECTION((0.,0.,1.));
#5048=IFCDIRECTION((1.,0.,0.));
#5049=IFCAXIS2PLACEMENT3D(#5046,#5047,#5048);
#5050=IFCLOCALPLACEMENT(#2765,#5049);
#5051=IFCPROPERTYSET('2$WTX93rX7e9IDtky$ucm6',$,'Pset_ColumnCommon',$,(#5053,#5054));
#5052=IFCRELDEFINESBYPROPERTIES('0iXbKvThD8aOuRjKz57Hmu',$,$,$,(#5039),#5051);
#5053=IFCPROPERTYSINGLEVALUE('LoadBearing',$,IFCBOOLEAN(.T.),$);
#5054=IFCPROPERTYSINGLEVALUE('FireRating',$,IFCLABEL('R 90'),$);
#5055=IFCCARTESIANPOINT((0.,0.,0.));
#5056=IFCDIRECTION((0.,0.,1.));
#5057=IFCDIRECTION((1.,0.,0.));
#5058=IFCAXIS2PLACEMENT3D(#5055,#5056,#5057);
#5059=IFCDIRECTION((0.,0.,1.));
#5060=IFCEXTRUDEDAREASOLID(#16,#5058,#5059,3350.);
#5061=IFCSHAPEREPRESENTATION(#11,'Body','SweptSolid',(#5060));
#5062=IFCCOLUMN('1yPzExIyX3nfiEQS75r3xu',$,'Column C1 L1',$,$,#5073,#5063,$,$);
#5063=IFCPRODUCTDEFINITIONSHAPE($,$,(#5061));
#5069=IFCCARTESIANPOINT((18000.,4700.,0.));
#5070=IFCDIRECTION((0.,0.,1.));
#5071=IFCDIRECTION((1.,0.,0.));
#5072=IFCAXIS2PLACEMENT3D(#5069,#5070,#5071);
#5073=IFCLOCALPLACEMENT(#2765,#5072);
#5074=IFCPROPERTYSET('3BtVtIqwD2ueOBgyRX$$JQ',$,'Pset_ColumnCommon',$,(#5076,#5077));
#5075=IFCRELDEFINESBYPROPERTIES('2SdloAxQj4C9Xp$zrNqLP8',$,$,$,(#5062),#5074);
#5076=IFCPROPERTYSINGLEVALUE('LoadBearing',$,IFCBOOLEAN(.T.),$);
#5077=IFCPROPERTYSINGLEVALUE('FireRating',$,IFCLABEL('R 90'),$);
#5078=IFCCARTESIANPOINT((0.,0.,0.));
#5079=IFCDIRECTION((0.,0.,1.));
#5080=IFCDIRECTION((1.,0.,0.));
#5081=IFCAXIS2PLACEMENT3D(#5078,#5079,#5080);
#5082=IFCDIRECTION((0.,0.,1.));
#5083=IFCEXTRUDEDAREASOLID(#16,#5081,#5082,3350.);
#5084=IFCSHAPEREPRESENTATION(#11,'Body','SweptSolid',(#5083));
#5085=IFCCOLUMN('1lBlPbQXb14QH_6zj6pcNv',$,'Column C2 L1',$,$,#5096,#5086,$,$);
#5086=IFCPRODUCTDEFINITIONSHAPE($,$,(#5084));
#5092=IFCCARTESIANPOINT((18000.,9400.,0.));
#5093=IFCDIRECTION((0.,0.,1.));
#5094=IFCDIRECTION((1.,0.,0.));
#5095=IFCAXIS2PLACEMENT3D(#5092,#5093,#5094);
#5096=IFCLOCALPLACEMENT(#2765,#5095);
#5097=IFCPROPERTYSET('3vKaaw7e16JeuwF4ztImOr',$,'Pset_ColumnCommon',$,(#5099,#5100));
#5098=IFCRELDEFINESBYPROPERTIES('1XKwVuHUDCuhV5iZYL4nRS',$,$,$,(#5085),#5097);
#5099=IFCPROPERTYSINGLEVALUE('LoadBearing',$,IFCBOOLEAN(.T.),$);
#5100=IFCPROPERTYSINGLEVALUE('FireRating',$,IFCLABEL('R 90'),$);
#5101=IFCCARTESIANPOINT((0.,0.,0.));
#5102=IFCDIRECTION((0.,0.,1.));
#5103=IFCDIRECTION((1.,0.,0.));
#5104=IFCAXIS2PLACEMENT3D(#5101,#5102,#5103);
#5105=IFCDIRECTION((0.,0.,1.));
#5106=IFCEXTRUDEDAREASOLID(#17,#5104,#5105,23070.);
#5107=IFCSHAPEREPRESENTATION(#11,'Body','SweptSolid',(#5106));
#5108=IFCBEAM('1TdkyntXb6EOWcxbZMzHES',$,'Beam B1 L1',$,$,#5119,#5109,$,$);
#5109=IFCPRODUCTDEFINITIONSHAPE($,$,(#5107));
#5115=IFCCARTESIANPOINT((465.,4700.,3150.));
#5116=IFCDIRECTION((1.,0.,0.));
#5117=IFCDIRECTION((0.,1.,0.));
#5118=IFCAXIS2PLACEMENT3D(#5115,#5116,#5117);
#5119=IFCLOCALPLACEMENT(#2765,#5118);
#5120=IFCCARTESIANPOINT((0.,0.,0.));
#5121=IFCDIRECTION((0.,0.,1.));
#5122=IFCDIRECTION((1.,0.,0.));
#5123=IFCAXIS2PLACEMENT3D(#5120,#5121,#5122);
#5124=IFCDIRECTION((0.,0.,1.));
#5125=IFCEXTRUDEDAREASOLID(#17,#5123,#5124,23070.);
#5126=IFCSHAPEREPRESENTATION(#11,'Body','SweptSolid',(#5125));
#5127=IFCBEAM('2KQYrJFOL2av4H6nhzqZFp',$,'Beam B2 L1',$,$,#5138,#5128,$,$);
#5128=IFCPRODUCTDEFINITIONSHAPE($,$,(#5126));
#5134=IFCCARTESIANPOINT((465.,9400.,3150.));
#5135=IFCDIRECTION((1.,0.,0.));
#5136=IFCDIRECTION((0.,1.,0.));
#5137=IFCAXIS2PLACEMENT3D(#5134,#5135,#5136);
#5138=IFCLOCALPLACEMENT(#2765,#5137);
#5139=IFCCARTESIANPOINTLIST2D(((2000.,2000.),(22000.,2000.),(22000.,7500.),(2000.,7500.),(2000.,2000.)));
#5140=IFCINDEXEDPOLYCURVE(#5139,$,$);
#5141=IFCDIRECTION((0.,0.,1.));
#5142=IFCARBITRARYCLOSEDPROFILEDEF(.AREA.,$,#5140);
#5143=IFCEXTRUDEDAREASOLID(#5142,$,#5141,40.);
#5144=IFCSHAPEREPRESENTATION(#11,'Body','SweptSolid',(#5143));
#5145=IFCCOVERING('1718OOdfn3WBedTy82V1Tj',$,'Acoustic ceiling L1',$,$,#5156,#5146,$,.CEILING.);
#5146=IFCPRODUCTDEFINITIONSHAPE($,$,(#5144));
#5152=IFCCARTESIANPOINT((0.,0.,2800.));
#5153=IFCDIRECTION((0.,0.,1.));
#5154=IFCDIRECTION((1.,0.,0.));
#5155=IFCAXIS2PLACEMENT3D(#5152,#5153,#5154);
#5156=IFCLOCALPLACEMENT(#2765,#5155);
#5157=IFCBUILDINGSTOREY('3cdHyszR9Fzuq8iLF2Ot2k',$,'Level 2',$,$,#5167,$,$,$,7200.);
#5163=IFCCARTESIANPOINT((0.,0.,7200.));
#5164=IFCDIRECTION((0.,0.,1.));
#5165=IFCDIRECTION((1.,0.,0.));
#5166=IFCAXIS2PLACEMENT3D(#5163,#5164,#5165);
#5167=IFCLOCALPLACEMENT($,#5166);
#5168=IFCCARTESIANPOINTLIST2D(((0.,0.),(24000.,0.),(24000.,14000.),(0.,14000.),(0.,0.)));
#5169=IFCINDEXEDPOLYCURVE(#5168,$,$);
#5170=IFCDIRECTION((0.,0.,1.));
#5171=IFCARBITRARYCLOSEDPROFILEDEF(.AREA.,$,#5169);
#5172=IFCEXTRUDEDAREASOLID(#5171,$,#5170,250.);
#5173=IFCSHAPEREPRESENTATION(#11,'Body','SweptSolid',(#5172));
#5174=IFCSLAB('34LJ3uHPbC7uDJQpp84$r2',$,'Floor slab L2',$,$,#5186,#5175,$,.FLOOR.);
#5175=IFCPRODUCTDEFINITIONSHAPE($,$,(#5173));
#5181=IFCRELCONTAINEDINSPATIALSTRUCTURE('3D$bMgN$f688EDVfOGcYes',$,$,$,(#7261,#7395,#7307,#6783,#6607,#6871,#6695,#6917,#5953,#5174,#6041,#7441,#7487,#7509,#6305,#6129,#6393,#6217,#6481,#5387,#7372,#5651,#5299,#5739,#5827,#5475,#5563,#7418,#6527,#7341,#5873,#7464,#5219,#7521,#7085,#7173,#6997),#5157);
#5182=IFCCARTESIANPOINT((0.,0.,-250.));
#5183=IFCDIRECTION((0.,0.,1.));
#5184=IFCDIRECTION((1.,0.,0.));
#5185=IFCAXIS2PLACEMENT3D(#5182,#5183,#5184);
#5186=IFCLOCALPLACEMENT(#5167,#5185);
#5187=IFCMATERIALLAYERSET((#5189,#5190),'Floor L2',$);
#5188=IFCMATERIAL('CLT floor panel',$,'wood');
#5189=IFCMATERIALLAYER(#5188,200.,$,$,$,$,$);
#5190=IFCMATERIALLAYER(#57,50.,$,$,$,$,$);
#5191=IFCMATERIALLAYERSETUSAGE(#5187,.AXIS3.,.POSITIVE.,0.,$);
#5192=IFCRELASSOCIATESMATERIAL('0tqRdO19DFoReVtGuHp_4C',$,$,$,(#5174),#5191);
#5193=IFCELEMENTQUANTITY('3UVR__VlbCUebf$QufSkHC',$,'Qto_SlabBaseQuantities',$,'BaseQuantities',(#5195,#5196,#5197));
#5194=IFCRELDEFINESBYPROPERTIES('0JNczl7gv6fv_t46DNv7FZ',$,$,$,(#5174),#5193);
#5195=IFCQUANTITYVOLUME('NetVolume',$,$,84.,$);
#5196=IFCQUANTITYAREA('GrossArea',$,$,336.,$);
#5197=IFCQUANTITYLENGTH('Depth',$,$,250.,$);
#5198=IFCPROPERTYSET('1DRjRYVgH2qf8$V1B4Pjgk',$,'Pset_SlabCommon',$,(#5200,#5201,#5202));
#5199=IFCRELDEFINESBYPROPERTIES('281YkAf658Uf8iIsXUcdaG',$,$,$,(#5174),#5198);
#5200=IFCPROPERTYSINGLEVALUE('IsExternal',$,IFCBOOLEAN(.F.),$);
#5201=IFCPROPERTYSINGLEVALUE('LoadBearing',$,IFCBOOLEAN(.T.),$);
#5202=IFCPROPERTYSINGLEVALUE('FireRating',$,IFCLABEL('REI 90'),$);
#5203=IFCSPACE('3UsCP0fbL7HuSZ0tFF0Xzt',$,'Open office L2',$,$,$,$,$,$,$,$);
#5204=IFCRELAGGREGATES('3UaaZ14KzFsPlYulct4Q3H',$,$,$,#5157,(#5203));
#5205=IFCELEMENTQUANTITY('1jRDAbxYv1Lw6bT1qfNdBs',$,'Qto_SpaceBaseQuantities',$,'BaseQuantities',(#5207,#5208));
#5206=IFCRELDEFINESBYPROPERTIES('0JZ873lJj4NPeTGi31oEiE',$,$,$,(#5203),#5205);
#5207=IFCQUANTITYAREA('GrossFloorArea',$,$,336.,$);
#5208=IFCQUANTITYAREA('NetFloorArea',$,$,301.5249,$);
#5209=IFCCARTESIANPOINTLIST2D(((0.,0.),(0.,465.),(24000.,465.),(24000.,0.),(0.,0.)));
#5210=IFCINDEXEDPOLYCURVE(#5209,$,.F.);
#5211=IFCDIRECTION((0.,0.,1.));
#5212=IFCARBITRARYCLOSEDPROFILEDEF(.AREA.,$,#5210);
#5213=IFCCARTESIANPOINT((0.,0.,0.));
#5214=IFCDIRECTION((0.,0.,1.));
#5215=IFCDIRECTION((1.,0.,0.));
#5216=IFCAXIS2PLACEMENT3D(#5213,#5214,#5215);
#5217=IFCEXTRUDEDAREASOLID(#5212,#5216,#5211,3549.9999999999995);
#5218=IFCSHAPEREPRESENTATION(#11,'Body','SweptSolid',(#5217));
#5219=IFCWALL('2AzSzYHCvCDf5cwRfDaROA',$,'South wall L2',$,$,#5230,#5220,$,$);
#5220=IFCPRODUCTDEFINITIONSHAPE($,$,(#5218));
#5226=IFCCARTESIANPOINT((0.,0.,0.));
#5227=IFCDIRECTION((0.,0.,1.));
#5228=IFCDIRECTION((1.,0.,0.));
#5229=IFCAXIS2PLACEMENT3D(#5226,#5227,#5228);
#5230=IFCLOCALPLACEMENT(#5167,#5229);
#5231=IFCMATERIALLAYERSETUSAGE(#952,.AXIS2.,.POSITIVE.,0.,$);
#5232=IFCRELASSOCIATESMATERIAL('1Hf6llvfDEvfDKCC4gWpJ3',$,$,$,(#5219),#5231);
#5233=IFCCARTESIANPOINTLIST2D(((0.,0.),(0.,565.),(1800.,565.),(1800.,0.),(0.,0.)));
#5234=IFCINDEXEDPOLYCURVE(#5233,$,.F.);
#5235=IFCDIRECTION((0.,0.,1.));
#5236=IFCARBITRARYCLOSEDPROFILEDEF(.AREA.,$,#5234);
#5237=IFCCARTESIANPOINT((0.,0.,0.));
#5238=IFCDIRECTION((0.,0.,1.));
#5239=IFCDIRECTION((1.,0.,0.));
#5240=IFCAXIS2PLACEMENT3D(#5237,#5238,#5239);
#5241=IFCEXTRUDEDAREASOLID(#5236,#5240,#5235,1600.);
#5242=IFCSHAPEREPRESENTATION(#11,'Body','SweptSolid',(#5241));
#5243=IFCOPENINGELEMENT('1JtSYrY6PFs9d$8NyBedSs',$,'Opening for Window S1 L2',$,$,#5255,#5244,$,$);
#5244=IFCPRODUCTDEFINITIONSHAPE($,$,(#5242));
#5250=IFCRELVOIDSELEMENT('28Dyrrzdb5p9i4T5ZSJ47V',$,$,$,#5219,#5243);
#5251=IFCCARTESIANPOINT((2100.,-50.,899.99999999999943));
#5252=IFCDIRECTION((0.,0.,1.));
#5253=IFCDIRECTION((1.,0.,0.));
#5254=IFCAXIS2PLACEMENT3D(#5251,#5252,#5253);
#5255=IFCLOCALPLACEMENT(#5230,#5254);
#5256=IFCCARTESIANPOINTLIST2D(((0.,0.),(1800.,0.),(1800.,1600.),(0.,1600.)));
#5257=IFCINDEXEDPOLYCURVE(#5256,(IFCLINEINDEX((1,2,3,4,1))),$);
#5258=IFCCARTESIANPOINTLIST2D(((25.,25.),(1775.,25.),(1775.,1575.),(25.,1575.)));
#5259=IFCINDEXEDPOLYCURVE(#5258,(IFCLINEINDEX((1,2,3,4,1))),$);
#5260=IFCARBITRARYPROFILEDEFWITHVOIDS(.AREA.,$,#5257,(#5259));
#5261=IFCCARTESIANPOINT((0.,90.,0.));
#5262=IFCDIRECTION((0.,-1.,0.));
#5263=IFCDIRECTION((1.,0.,0.));
#5264=IFCAXIS2PLACEMENT3D(#5261,#5262,#5263);
#5265=IFCDIRECTION((0.,0.,-1.));
#5266=IFCEXTRUDEDAREASOLID(#5260,#5264,#5265,10.);
#5267=IFCCARTESIANPOINTLIST2D(((0.,0.),(1800.,0.),(1800.,1600.),(0.,1600.)));
#5268=IFCINDEXEDPOLYCURVE(#5267,(IFCLINEINDEX((1,2,3,4,1))),$);
#5269=IFCCARTESIANPOINTLIST2D(((50.,50.),(1750.,50.),(1750.,1550.),(50.,1550.)));
#5270=IFCINDEXEDPOLYCURVE(#5269,(IFCLINEINDEX((1,2,3,4,1))),$);
#5271=IFCARBITRARYPROFILEDEFWITHVOIDS(.AREA.,$,#5268,(#5270));
#5272=IFCCARTESIANPOINT((0.,50.,0.));
#5273=IFCDIRECTION((0.,-1.,0.));
#5274=IFCDIRECTION((1.,0.,0.));
#5275=IFCAXIS2PLACEMENT3D(#5272,#5273,#5274);
#5276=IFCDIRECTION((0.,0.,-1.));
#5277=IFCEXTRUDEDAREASOLID(#5271,#5275,#5276,40.);
#5278=IFCCARTESIANPOINTLIST2D(((0.,0.),(1750.,0.),(1750.,1550.),(0.,1550.)));
#5279=IFCINDEXEDPOLYCURVE(#5278,(IFCLINEINDEX((1,2,3,4,1))),$);
#5280=IFCCARTESIANPOINTLIST2D(((35.,35.),(1715.,35.),(1715.,1515.),(35.,1515.)));
#5281=IFCINDEXEDPOLYCURVE(#5280,(IFCLINEINDEX((1,2,3,4,1))),$);
#5282=IFCARBITRARYPROFILEDEFWITHVOIDS(.AREA.,$,#5279,(#5281));
#5283=IFCCARTESIANPOINT((25.,90.,25.));
#5284=IFCDIRECTION((0.,-1.,0.));
#5285=IFCDIRECTION((1.,0.,0.));
#5286=IFCAXIS2PLACEMENT3D(#5283,#5284,#5285);
#5287=IFCDIRECTION((0.,0.,-1.));
#5288=IFCEXTRUDEDAREASOLID(#5282,#5286,#5287,35.);
#5289=IFCINDEXEDPOLYCURVE(#5290,(IFCLINEINDEX((1,2,3,4,1))),$);
#5290=IFCCARTESIANPOINTLIST2D(((35.,35.),(1715.,35.),(1715.,1515.),(35.,1515.)));
#5291=IFCARBITRARYCLOSEDPROFILEDEF(.AREA.,$,#5289);
#5292=IFCCARTESIANPOINT((25.,102.5,25.));
#5293=IFCDIRECTION((0.,-1.,0.));
#5294=IFCDIRECTION((1.,0.,0.));
#5295=IFCAXIS2PLACEMENT3D(#5292,#5293,#5294);
#5296=IFCDIRECTION((0.,0.,-1.));
#5297=IFCEXTRUDEDAREASOLID(#5291,#5295,#5296,10.);
#5298=IFCSHAPEREPRESENTATION(#11,'Body','SweptSolid',(#5266,#5277,#5288,#5297));
#5299=IFCWINDOW('0Zaw9AoOzAZRK$hH57PxHF',$,'Window S1 L2',$,$,#5310,#5300,$,1600.,1800.,.WINDOW.,$,$);
#5300=IFCPRODUCTDEFINITIONSHAPE($,$,(#5298));
#5306=IFCCARTESIANPOINT((2100.,162.75,899.99999999999943));
#5307=IFCDIRECTION((0.,0.,1.));
#5308=IFCDIRECTION((1.,0.,0.));
#5309=IFCAXIS2PLACEMENT3D(#5306,#5307,#5308);
#5310=IFCLOCALPLACEMENT(#5167,#5309);
#5311=IFCMATERIALCONSTITUENTSET('Aluminium window',$,(#5312,#5313));
#5312=IFCMATERIALCONSTITUENT($,$,#1160,0.29999999999999999,$);
#5313=IFCMATERIALCONSTITUENT($,$,#1162,0.69999999999999996,$);
#5314=IFCRELASSOCIATESMATERIAL('1BOb3at_H5$vasAtpOuqMl',$,$,$,(#5299),#5311);
#5315=IFCPROPERTYSET('3FTkfbFl9De9sApps7CrdD',$,'Pset_WindowCommon',$,(#5317,#5318,#5319));
#5316=IFCRELDEFINESBYPROPERTIES('1WFRmMHLP9sxeUDfXvUsVV',$,$,$,(#5299),#5315);
#5317=IFCPROPERTYSINGLEVALUE('IsExternal',$,IFCBOOLEAN(.T.),$);
#5318=IFCPROPERTYSINGLEVALUE('ThermalTransmittance',$,IFCTHERMALTRANSMITTANCEMEASURE(0.80000000000000004),$);
#5319=IFCPROPERTYSINGLEVALUE('GlazingAreaFraction',$,IFCPOSITIVERATIOMEASURE(0.69999999999999996),$);
#5320=IFCRELFILLSELEMENT('1pI_GS_C5ETg1mq1sOc8lw',$,$,$,#5243,#5299);
#5321=IFCCARTESIANPOINTLIST2D(((0.,0.),(0.,565.),(1800.,565.),(1800.,0.),(0.,0.)));
#5322=IFCINDEXEDPOLYCURVE(#5321,$,.F.);
#5323=IFCDIRECTION((0.,0.,1.));
#5324=IFCARBITRARYCLOSEDPROFILEDEF(.AREA.,$,#5322);
#5325=IFCCARTESIANPOINT((0.,0.,0.));
#5326=IFCDIRECTION((0.,0.,1.));
#5327=IFCDIRECTION((1.,0.,0.));
#5328=IFCAXIS2PLACEMENT3D(#5325,#5326,#5327);
#5329=IFCEXTRUDEDAREASOLID(#5324,#5328,#5323,1600.);
#5330=IFCSHAPEREPRESENTATION(#11,'Body','SweptSolid',(#5329));
#5331=IFCOPENINGELEMENT('1KOOjlA4v4HBoREi9RszKt',$,'Opening for Window S2 L2',$,$,#5343,#5332,$,$);
#5332=IFCPRODUCTDEFINITIONSHAPE($,$,(#5330));
#5338=IFCRELVOIDSELEMENT('38abC43pnFBBn0zo8T5vOF',$,$,$,#5219,#5331);
#5339=IFCCARTESIANPOINT((5099.9999999999991,-50.,899.99999999999943));
#5340=IFCDIRECTION((0.,0.,1.));
#5341=IFCDIRECTION((1.,0.,0.));
#5342=IFCAXIS2PLACEMENT3D(#5339,#5340,#5341);
#5343=IFCLOCALPLACEMENT(#5230,#5342);
#5344=IFCCARTESIANPOINTLIST2D(((0.,0.),(1800.,0.),(1800.,1600.),(0.,1600.)));
#5345=IFCINDEXEDPOLYCURVE(#5344,(IFCLINEINDEX((1,2,3,4,1))),$);
#5346=IFCCARTESIANPOINTLIST2D(((25.,25.),(1775.,25.),(1775.,1575.),(25.,1575.)));
#5347=IFCINDEXEDPOLYCURVE(#5346,(IFCLINEINDEX((1,2,3,4,1))),$);
#5348=IFCARBITRARYPROFILEDEFWITHVOIDS(.AREA.,$,#5345,(#5347));
#5349=IFCCARTESIANPOINT((0.,90.,0.));
#5350=IFCDIRECTION((0.,-1.,0.));
#5351=IFCDIRECTION((1.,0.,0.));
#5352=IFCAXIS2PLACEMENT3D(#5349,#5350,#5351);
#5353=IFCDIRECTION((0.,0.,-1.));
#5354=IFCEXTRUDEDAREASOLID(#5348,#5352,#5353,10.);
#5355=IFCCARTESIANPOINTLIST2D(((0.,0.),(1800.,0.),(1800.,1600.),(0.,1600.)));
#5356=IFCINDEXEDPOLYCURVE(#5355,(IFCLINEINDEX((1,2,3,4,1))),$);
#5357=IFCCARTESIANPOINTLIST2D(((50.,50.),(1750.,50.),(1750.,1550.),(50.,1550.)));
#5358=IFCINDEXEDPOLYCURVE(#5357,(IFCLINEINDEX((1,2,3,4,1))),$);
#5359=IFCARBITRARYPROFILEDEFWITHVOIDS(.AREA.,$,#5356,(#5358));
#5360=IFCCARTESIANPOINT((0.,50.,0.));
#5361=IFCDIRECTION((0.,-1.,0.));
#5362=IFCDIRECTION((1.,0.,0.));
#5363=IFCAXIS2PLACEMENT3D(#5360,#5361,#5362);
#5364=IFCDIRECTION((0.,0.,-1.));
#5365=IFCEXTRUDEDAREASOLID(#5359,#5363,#5364,40.);
#5366=IFCCARTESIANPOINTLIST2D(((0.,0.),(1750.,0.),(1750.,1550.),(0.,1550.)));
#5367=IFCINDEXEDPOLYCURVE(#5366,(IFCLINEINDEX((1,2,3,4,1))),$);
#5368=IFCCARTESIANPOINTLIST2D(((35.,35.),(1715.,35.),(1715.,1515.),(35.,1515.)));
#5369=IFCINDEXEDPOLYCURVE(#5368,(IFCLINEINDEX((1,2,3,4,1))),$);
#5370=IFCARBITRARYPROFILEDEFWITHVOIDS(.AREA.,$,#5367,(#5369));
#5371=IFCCARTESIANPOINT((25.,90.,25.));
#5372=IFCDIRECTION((0.,-1.,0.));
#5373=IFCDIRECTION((1.,0.,0.));
#5374=IFCAXIS2PLACEMENT3D(#5371,#5372,#5373);
#5375=IFCDIRECTION((0.,0.,-1.));
#5376=IFCEXTRUDEDAREASOLID(#5370,#5374,#5375,35.);
#5377=IFCINDEXEDPOLYCURVE(#5378,(IFCLINEINDEX((1,2,3,4,1))),$);
#5378=IFCCARTESIANPOINTLIST2D(((35.,35.),(1715.,35.),(1715.,1515.),(35.,1515.)));
#5379=IFCARBITRARYCLOSEDPROFILEDEF(.AREA.,$,#5377);
#5380=IFCCARTESIANPOINT((25.,102.5,25.));
#5381=IFCDIRECTION((0.,-1.,0.));
#5382=IFCDIRECTION((1.,0.,0.));
#5383=IFCAXIS2PLACEMENT3D(#5380,#5381,#5382);
#5384=IFCDIRECTION((0.,0.,-1.));
#5385=IFCEXTRUDEDAREASOLID(#5379,#5383,#5384,10.);
#5386=IFCSHAPEREPRESENTATION(#11,'Body','SweptSolid',(#5354,#5365,#5376,#5385));
#5387=IFCWINDOW('3o8W9B0mL1LuOEolo78Rct',$,'Window S2 L2',$,$,#5398,#5388,$,1600.,1800.,.WINDOW.,$,$);
#5388=IFCPRODUCTDEFINITIONSHAPE($,$,(#5386));
#5394=IFCCARTESIANPOINT((5099.9999999999991,162.75,899.99999999999943));
#5395=IFCDIRECTION((0.,0.,1.));
#5396=IFCDIRECTION((1.,0.,0.));
#5397=IFCAXIS2PLACEMENT3D(#5394,#5395,#5396);
#5398=IFCLOCALPLACEMENT(#5167,#5397);
#5399=IFCMATERIALCONSTITUENTSET('Aluminium window',$,(#5400,#5401));
#5400=IFCMATERIALCONSTITUENT($,$,#1160,0.29999999999999999,$);
#5401=IFCMATERIALCONSTITUENT($,$,#1162,0.69999999999999996,$);
#5402=IFCRELASSOCIATESMATERIAL('34JAlfrgj8Y8N3dZvW27L_',$,$,$,(#5387),#5399);
#5403=IFCPROPERTYSET('2wlKVf4sb8C8H33BoWW5qN',$,'Pset_WindowCommon',$,(#5405,#5406,#5407));
#5404=IFCRELDEFINESBYPROPERTIES('3wqWNBtJrCMhGf$XZJf1iT',$,$,$,(#5387),#5403);
#5405=IFCPROPERTYSINGLEVALUE('IsExternal',$,IFCBOOLEAN(.T.),$);
#5406=IFCPROPERTYSINGLEVALUE('ThermalTransmittance',$,IFCTHERMALTRANSMITTANCEMEASURE(0.80000000000000004),$);
#5407=IFCPROPERTYSINGLEVALUE('GlazingAreaFraction',$,IFCPOSITIVERATIOMEASURE(0.69999999999999996),$);
#5408=IFCRELFILLSELEMENT('2dzcP_xVL7ARbqh5sRtEM8',$,$,$,#5331,#5387);
#5409=IFCCARTESIANPOINTLIST2D(((0.,0.),(0.,565.),(1800.,565.),(1800.,0.),(0.,0.)));
#5410=IFCINDEXEDPOLYCURVE(#5409,$,.F.);
#5411=IFCDIRECTION((0.,0.,1.));
#5412=IFCARBITRARYCLOSEDPROFILEDEF(.AREA.,$,#5410);
#5413=IFCCARTESIANPOINT((0.,0.,0.));
#5414=IFCDIRECTION((0.,0.,1.));
#5415=IFCDIRECTION((1.,0.,0.));
#5416=IFCAXIS2PLACEMENT3D(#5413,#5414,#5415);
#5417=IFCEXTRUDEDAREASOLID(#5412,#5416,#5411,1600.);
#5418=IFCSHAPEREPRESENTATION(#11,'Body','SweptSolid',(#5417));
#5419=IFCOPENINGELEMENT('34e8XptSXF9RSgeA92E9X0',$,'Opening for Window S3 L2',$,$,#5431,#5420,$,$);
#5420=IFCPRODUCTDEFINITIONSHAPE($,$,(#5418));
#5426=IFCRELVOIDSELEMENT('1i2IWqybDFgRB$$yCgBeqE',$,$,$,#5219,#5419);
#5427=IFCCARTESIANPOINT((8099.9999999999991,-50.,899.99999999999943));
#5428=IFCDIRECTION((0.,0.,1.));
#5429=IFCDIRECTION((1.,0.,0.));
#5430=IFCAXIS2PLACEMENT3D(#5427,#5428,#5429);
#5431=IFCLOCALPLACEMENT(#5230,#5430);
#5432=IFCCARTESIANPOINTLIST2D(((0.,0.),(1800.,0.),(1800.,1600.),(0.,1600.)));
#5433=IFCINDEXEDPOLYCURVE(#5432,(IFCLINEINDEX((1,2,3,4,1))),$);
#5434=IFCCARTESIANPOINTLIST2D(((25.,25.),(1775.,25.),(1775.,1575.),(25.,1575.)));
#5435=IFCINDEXEDPOLYCURVE(#5434,(IFCLINEINDEX((1,2,3,4,1))),$);
#5436=IFCARBITRARYPROFILEDEFWITHVOIDS(.AREA.,$,#5433,(#5435));
#5437=IFCCARTESIANPOINT((0.,90.,0.));
#5438=IFCDIRECTION((0.,-1.,0.));
#5439=IFCDIRECTION((1.,0.,0.));
#5440=IFCAXIS2PLACEMENT3D(#5437,#5438,#5439);
#5441=IFCDIRECTION((0.,0.,-1.));
#5442=IFCEXTRUDEDAREASOLID(#5436,#5440,#5441,10.);
#5443=IFCCARTESIANPOINTLIST2D(((0.,0.),(1800.,0.),(1800.,1600.),(0.,1600.)));
#5444=IFCINDEXEDPOLYCURVE(#5443,(IFCLINEINDEX((1,2,3,4,1))),$);
#5445=IFCCARTESIANPOINTLIST2D(((50.,50.),(1750.,50.),(1750.,1550.),(50.,1550.)));
#5446=IFCINDEXEDPOLYCURVE(#5445,(IFCLINEINDEX((1,2,3,4,1))),$);
#5447=IFCARBITRARYPROFILEDEFWITHVOIDS(.AREA.,$,#5444,(#5446));
#5448=IFCCARTESIANPOINT((0.,50.,0.));
#5449=IFCDIRECTION((0.,-1.,0.));
#5450=IFCDIRECTION((1.,0.,0.));
#5451=IFCAXIS2PLACEMENT3D(#5448,#5449,#5450);
#5452=IFCDIRECTION((0.,0.,-1.));
#5453=IFCEXTRUDEDAREASOLID(#5447,#5451,#5452,40.);
#5454=IFCCARTESIANPOINTLIST2D(((0.,0.),(1750.,0.),(1750.,1550.),(0.,1550.)));
#5455=IFCINDEXEDPOLYCURVE(#5454,(IFCLINEINDEX((1,2,3,4,1))),$);
#5456=IFCCARTESIANPOINTLIST2D(((35.,35.),(1715.,35.),(1715.,1515.),(35.,1515.)));
#5457=IFCINDEXEDPOLYCURVE(#5456,(IFCLINEINDEX((1,2,3,4,1))),$);
#5458=IFCARBITRARYPROFILEDEFWITHVOIDS(.AREA.,$,#5455,(#5457));
#5459=IFCCARTESIANPOINT((25.,90.,25.));
#5460=IFCDIRECTION((0.,-1.,0.));
#5461=IFCDIRECTION((1.,0.,0.));
#5462=IFCAXIS2PLACEMENT3D(#5459,#5460,#5461);
#5463=IFCDIRECTION((0.,0.,-1.));
#5464=IFCEXTRUDEDAREASOLID(#5458,#5462,#5463,35.);
#5465=IFCINDEXEDPOLYCURVE(#5466,(IFCLINEINDEX((1,2,3,4,1))),$);
#5466=IFCCARTESIANPOINTLIST2D(((35.,35.),(1715.,35.),(1715.,1515.),(35.,1515.)));
#5467=IFCARBITRARYCLOSEDPROFILEDEF(.AREA.,$,#5465);
#5468=IFCCARTESIANPOINT((25.,102.5,25.));
#5469=IFCDIRECTION((0.,-1.,0.));
#5470=IFCDIRECTION((1.,0.,0.));
#5471=IFCAXIS2PLACEMENT3D(#5468,#5469,#5470);
#5472=IFCDIRECTION((0.,0.,-1.));
#5473=IFCEXTRUDEDAREASOLID(#5467,#5471,#5472,10.);
#5474=IFCSHAPEREPRESENTATION(#11,'Body','SweptSolid',(#5442,#5453,#5464,#5473));
#5475=IFCWINDOW('10qovURq1639T_gvHCWbgr',$,'Window S3 L2',$,$,#5486,#5476,$,1600.,1800.,.WINDOW.,$,$);
#5476=IFCPRODUCTDEFINITIONSHAPE($,$,(#5474));
#5482=IFCCARTESIANPOINT((8099.9999999999991,162.75,899.99999999999943));
#5483=IFCDIRECTION((0.,0.,1.));
#5484=IFCDIRECTION((1.,0.,0.));
#5485=IFCAXIS2PLACEMENT3D(#5482,#5483,#5484);
#5486=IFCLOCALPLACEMENT(#5167,#5485);
#5487=IFCMATERIALCONSTITUENTSET('Aluminium window',$,(#5488,#5489));
#5488=IFCMATERIALCONSTITUENT($,$,#1160,0.29999999999999999,$);
#5489=IFCMATERIALCONSTITUENT($,$,#1162,0.69999999999999996,$);
#5490=IFCRELASSOCIATESMATERIAL('28IyCkBH12uhdM7bEb4Bv6',$,$,$,(#5475),#5487);
#5491=IFCPROPERTYSET('1$oc_A5bbFnf579ihck0FL',$,'Pset_WindowCommon',$,(#5493,#5494,#5495));
#5492=IFCRELDEFINESBYPROPERTIES('1X4WyCM1XCOBwiJ6GFY$Mc',$,$,$,(#5475),#5491);
#5493=IFCPROPERTYSINGLEVALUE('IsExternal',$,IFCBOOLEAN(.T.),$);
#5494=IFCPROPERTYSINGLEVALUE('ThermalTransmittance',$,IFCTHERMALTRANSMITTANCEMEASURE(0.80000000000000004),$);
#5495=IFCPROPERTYSINGLEVALUE('GlazingAreaFraction',$,IFCPOSITIVERATIOMEASURE(0.69999999999999996),$);
#5496=IFCRELFILLSELEMENT('12kTL3kbH3hg3PGg_3R1qB',$,$,$,#5419,#5475);
#5497=IFCCARTESIANPOINTLIST2D(((0.,0.),(0.,565.),(1800.,565.),(1800.,0.),(0.,0.)));
#5498=IFCINDEXEDPOLYCURVE(#5497,$,.F.);
#5499=IFCDIRECTION((0.,0.,1.));
#5500=IFCARBITRARYCLOSEDPROFILEDEF(.AREA.,$,#5498);
#5501=IFCCARTESIANPOINT((0.,0.,0.));
#5502=IFCDIRECTION((0.,0.,1.));
#5503=IFCDIRECTION((1.,0.,0.));
#5504=IFCAXIS2PLACEMENT3D(#5501,#5502,#5503);
#5505=IFCEXTRUDEDAREASOLID(#5500,#5504,#5499,1600.);
#5506=IFCSHAPEREPRESENTATION(#11,'Body','SweptSolid',(#5505));
#5507=IFCOPENINGELEMENT('1mlbikYm5EMP0hjAqEAtMH',$,'Opening for Window S4 L2',$,$,#5519,#5508,$,$);
#5508=IFCPRODUCTDEFINITIONSHAPE($,$,(#5506));
#5514=IFCRELVOIDSELEMENT('1$GTCOhLjBUuB_rUcOpNcf',$,$,$,#5219,#5507);
#5515=IFCCARTESIANPOINT((11100.,-50.,899.99999999999943));
#5516=IFCDIRECTION((0.,0.,1.));
#5517=IFCDIRECTION((1.,0.,0.));
#5518=IFCAXIS2PLACEMENT3D(#5515,#5516,#5517);
#5519=IFCLOCALPLACEMENT(#5230,#5518);
#5520=IFCCARTESIANPOINTLIST2D(((0.,0.),(1800.,0.),(1800.,1600.),(0.,1600.)));
#5521=IFCINDEXEDPOLYCURVE(#5520,(IFCLINEINDEX((1,2,3,4,1))),$);
#5522=IFCCARTESIANPOINTLIST2D(((25.,25.),(1775.,25.),(1775.,1575.),(25.,1575.)));
#5523=IFCINDEXEDPOLYCURVE(#5522,(IFCLINEINDEX((1,2,3,4,1))),$);
#5524=IFCARBITRARYPROFILEDEFWITHVOIDS(.AREA.,$,#5521,(#5523));
#5525=IFCCARTESIANPOINT((0.,90.,0.));
#5526=IFCDIRECTION((0.,-1.,0.));
#5527=IFCDIRECTION((1.,0.,0.));
#5528=IFCAXIS2PLACEMENT3D(#5525,#5526,#5527);
#5529=IFCDIRECTION((0.,0.,-1.));
#5530=IFCEXTRUDEDAREASOLID(#5524,#5528,#5529,10.);
#5531=IFCCARTESIANPOINTLIST2D(((0.,0.),(1800.,0.),(1800.,1600.),(0.,1600.)));
#5532=IFCINDEXEDPOLYCURVE(#5531,(IFCLINEINDEX((1,2,3,4,1))),$);
#5533=IFCCARTESIANPOINTLIST2D(((50.,50.),(1750.,50.),(1750.,1550.),(50.,1550.)));
#5534=IFCINDEXEDPOLYCURVE(#5533,(IFCLINEINDEX((1,2,3,4,1))),$);
#5535=IFCARBITRARYPROFILEDEFWITHVOIDS(.AREA.,$,#5532,(#5534));
#5536=IFCCARTESIANPOINT((0.,50.,0.));
#5537=IFCDIRECTION((0.,-1.,0.));
#5538=IFCDIRECTION((1.,0.,0.));
#5539=IFCAXIS2PLACEMENT3D(#5536,#5537,#5538);
#5540=IFCDIRECTION((0.,0.,-1.));
#5541=IFCEXTRUDEDAREASOLID(#5535,#5539,#5540,40.);
#5542=IFCCARTESIANPOINTLIST2D(((0.,0.),(1750.,0.),(1750.,1550.),(0.,1550.)));
#5543=IFCINDEXEDPOLYCURVE(#5542,(IFCLINEINDEX((1,2,3,4,1))),$);
#5544=IFCCARTESIANPOINTLIST2D(((35.,35.),(1715.,35.),(1715.,1515.),(35.,1515.)));
#5545=IFCINDEXEDPOLYCURVE(#5544,(IFCLINEINDEX((1,2,3,4,1))),$);
#5546=IFCARBITRARYPROFILEDEFWITHVOIDS(.AREA.,$,#5543,(#5545));
#5547=IFCCARTESIANPOINT((25.,90.,25.));
#5548=IFCDIRECTION((0.,-1.,0.));
#5549=IFCDIRECTION((1.,0.,0.));
#5550=IFCAXIS2PLACEMENT3D(#5547,#5548,#5549);
#5551=IFCDIRECTION((0.,0.,-1.));
#5552=IFCEXTRUDEDAREASOLID(#5546,#5550,#5551,35.);
#5553=IFCINDEXEDPOLYCURVE(#5554,(IFCLINEINDEX((1,2,3,4,1))),$);
#5554=IFCCARTESIANPOINTLIST2D(((35.,35.),(1715.,35.),(1715.,1515.),(35.,1515.)));
#5555=IFCARBITRARYCLOSEDPROFILEDEF(.AREA.,$,#5553);
#5556=IFCCARTESIANPOINT((25.,102.5,25.));
#5557=IFCDIRECTION((0.,-1.,0.));
#5558=IFCDIRECTION((1.,0.,0.));
#5559=IFCAXIS2PLACEMENT3D(#5556,#5557,#5558);
#5560=IFCDIRECTION((0.,0.,-1.));
#5561=IFCEXTRUDEDAREASOLID(#5555,#5559,#5560,10.);
#5562=IFCSHAPEREPRESENTATION(#11,'Body','SweptSolid',(#5530,#5541,#5552,#5561));
#5563=IFCWINDOW('2SwPPMRRH7Fhjh4lsrCqRh',$,'Window S4 L2',$,$,#5574,#5564,$,1600.,1800.,.WINDOW.,$,$);
#5564=IFCPRODUCTDEFINITIONSHAPE($,$,(#5562));
#5570=IFCCARTESIANPOINT((11100.,162.75,899.99999999999943));
#5571=IFCDIRECTION((0.,0.,1.));
#5572=IFCDIRECTION((1.,0.,0.));
#5573=IFCAXIS2PLACEMENT3D(#5570,#5571,#5572);
#5574=IFCLOCALPLACEMENT(#5167,#5573);
#5575=IFCMATERIALCONSTITUENTSET('Aluminium window',$,(#5576,#5577));
#5576=IFCMATERIALCONSTITUENT($,$,#1160,0.29999999999999999,$);
#5577=IFCMATERIALCONSTITUENT($,$,#1162,0.69999999999999996,$);
#5578=IFCRELASSOCIATESMATERIAL('0gowNfDAXDIhVDYBUwL8WJ',$,$,$,(#5563),#5575);
#5579=IFCPROPERTYSET('1mjh9glQf15vb3eWk3WmGd',$,'Pset_WindowCommon',$,(#5581,#5582,#5583));
#5580=IFCRELDEFINESBYPROPERTIES('0yolIn_kT9vgz5lnqkyqNK',$,$,$,(#5563),#5579);
#5581=IFCPROPERTYSINGLEVALUE('IsExternal',$,IFCBOOLEAN(.T.),$);
#5582=IFCPROPERTYSINGLEVALUE('ThermalTransmittance',$,IFCTHERMALTRANSMITTANCEMEASURE(0.80000000000000004),$);
#5583=IFCPROPERTYSINGLEVALUE('GlazingAreaFraction',$,IFCPOSITIVERATIOMEASURE(0.69999999999999996),$);
#5584=IFCRELFILLSELEMENT('09lgkNqdb3kOjS4ZxFnjIU',$,$,$,#5507,#5563);
#5585=IFCCARTESIANPOINTLIST2D(((0.,0.),(0.,565.),(1800.,565.),(1800.,0.),(0.,0.)));
#5586=IFCINDEXEDPOLYCURVE(#5585,$,.F.);
#5587=IFCDIRECTION((0.,0.,1.));
#5588=IFCARBITRARYCLOSEDPROFILEDEF(.AREA.,$,#5586);
#5589=IFCCARTESIANPOINT((0.,0.,0.));
#5590=IFCDIRECTION((0.,0.,1.));
#5591=IFCDIRECTION((1.,0.,0.));
#5592=IFCAXIS2PLACEMENT3D(#5589,#5590,#5591);
#5593=IFCEXTRUDEDAREASOLID(#5588,#5592,#5587,1600.);
#5594=IFCSHAPEREPRESENTATION(#11,'Body','SweptSolid',(#5593));
#5595=IFCOPENINGELEMENT('14P17wAOv3fvaD4aWZvDFo',$,'Opening for Window S5 L2',$,$,#5607,#5596,$,$);
#5596=IFCPRODUCTDEFINITIONSHAPE($,$,(#5594));
#5602=IFCRELVOIDSELEMENT('0PvmKv9Yb5UR2HX8YhmyAQ',$,$,$,#5219,#5595);
#5603=IFCCARTESIANPOINT((14100.,-50.,899.99999999999943));
#5604=IFCDIRECTION((0.,0.,1.));
#5605=IFCDIRECTION((1.,0.,0.));
#5606=IFCAXIS2PLACEMENT3D(#5603,#5604,#5605);
#5607=IFCLOCALPLACEMENT(#5230,#5606);
#5608=IFCCARTESIANPOINTLIST2D(((0.,0.),(1800.,0.),(1800.,1600.),(0.,1600.)));
#5609=IFCINDEXEDPOLYCURVE(#5608,(IFCLINEINDEX((1,2,3,4,1))),$);
#5610=IFCCARTESIANPOINTLIST2D(((25.,25.),(1775.,25.),(1775.,1575.),(25.,1575.)));
#5611=IFCINDEXEDPOLYCURVE(#5610,(IFCLINEINDEX((1,2,3,4,1))),$);
#5612=IFCARBITRARYPROFILEDEFWITHVOIDS(.AREA.,$,#5609,(#5611));
#5613=IFCCARTESIANPOINT((0.,90.,0.));
#5614=IFCDIRECTION((0.,-1.,0.));
#5615=IFCDIRECTION((1.,0.,0.));
#5616=IFCAXIS2PLACEMENT3D(#5613,#5614,#5615);
#5617=IFCDIRECTION((0.,0.,-1.));
#5618=IFCEXTRUDEDAREASOLID(#5612,#5616,#5617,10.);
#5619=IFCCARTESIANPOINTLIST2D(((0.,0.),(1800.,0.),(1800.,1600.),(0.,1600.)));
#5620=IFCINDEXEDPOLYCURVE(#5619,(IFCLINEINDEX((1,2,3,4,1))),$);
#5621=IFCCARTESIANPOINTLIST2D(((50.,50.),(1750.,50.),(1750.,1550.),(50.,1550.)));
#5622=IFCINDEXEDPOLYCURVE(#5621,(IFCLINEINDEX((1,2,3,4,1))),$);
#5623=IFCARBITRARYPROFILEDEFWITHVOIDS(.AREA.,$,#5620,(#5622));
#5624=IFCCARTESIANPOINT((0.,50.,0.));
#5625=IFCDIRECTION((0.,-1.,0.));
#5626=IFCDIRECTION((1.,0.,0.));
#5627=IFCAXIS2PLACEMENT3D(#5624,#5625,#5626);
#5628=IFCDIRECTION((0.,0.,-1.));
#5629=IFCEXTRUDEDAREASOLID(#5623,#5627,#5628,40.);
#5630=IFCCARTESIANPOINTLIST2D(((0.,0.),(1750.,0.),(1750.,1550.),(0.,1550.)));
#5631=IFCINDEXEDPOLYCURVE(#5630,(IFCLINEINDEX((1,2,3,4,1))),$);
#5632=IFCCARTESIANPOINTLIST2D(((35.,35.),(1715.,35.),(1715.,1515.),(35.,1515.)));
#5633=IFCINDEXEDPOLYCURVE(#5632,(IFCLINEINDEX((1,2,3,4,1))),$);
#5634=IFCARBITRARYPROFILEDEFWITHVOIDS(.AREA.,$,#5631,(#5633));
#5635=IFCCARTESIANPOINT((25.,90.,25.));
#5636=IFCDIRECTION((0.,-1.,0.));
#5637=IFCDIRECTION((1.,0.,0.));
#5638=IFCAXIS2PLACEMENT3D(#5635,#5636,#5637);
#5639=IFCDIRECTION((0.,0.,-1.));
#5640=IFCEXTRUDEDAREASOLID(#5634,#5638,#5639,35.);
#5641=IFCINDEXEDPOLYCURVE(#5642,(IFCLINEINDEX((1,2,3,4,1))),$);
#5642=IFCCARTESIANPOINTLIST2D(((35.,35.),(1715.,35.),(1715.,1515.),(35.,1515.)));
#5643=IFCARBITRARYCLOSEDPROFILEDEF(.AREA.,$,#5641);
#5644=IFCCARTESIANPOINT((25.,102.5,25.));
#5645=IFCDIRECTION((0.,-1.,0.));
#5646=IFCDIRECTION((1.,0.,0.));
#5647=IFCAXIS2PLACEMENT3D(#5644,#5645,#5646);
#5648=IFCDIRECTION((0.,0.,-1.));
#5649=IFCEXTRUDEDAREASOLID(#5643,#5647,#5648,10.);
#5650=IFCSHAPEREPRESENTATION(#11,'Body','SweptSolid',(#5618,#5629,#5640,#5649));
#5651=IFCWINDOW('29wKaGXnz23R_VGNVxL4Mb',$,'Window S5 L2',$,$,#5662,#5652,$,1600.,1800.,.WINDOW.,$,$);
#5652=IFCPRODUCTDEFINITIONSHAPE($,$,(#5650));
#5658=IFCCARTESIANPOINT((14100.,162.75,899.99999999999943));
#5659=IFCDIRECTION((0.,0.,1.));
#5660=IFCDIRECTION((1.,0.,0.));
#5661=IFCAXIS2PLACEMENT3D(#5658,#5659,#5660);
#5662=IFCLOCALPLACEMENT(#5167,#5661);
#5663=IFCMATERIALCONSTITUENTSET('Aluminium window',$,(#5664,#5665));
#5664=IFCMATERIALCONSTITUENT($,$,#1160,0.29999999999999999,$);
#5665=IFCMATERIALCONSTITUENT($,$,#1162,0.69999999999999996,$);
#5666=IFCRELASSOCIATESMATERIAL('2eAJx48uvEZuqUw2$sGG6Y',$,$,$,(#5651),#5663);
#5667=IFCPROPERTYSET('2nNpEfVrX4XR_dF0PaFK67',$,'Pset_WindowCommon',$,(#5669,#5670,#5671));
#5668=IFCRELDEFINESBYPROPERTIES('1spen1RVn4dRzkcVA3EAx_',$,$,$,(#5651),#5667);
#5669=IFCPROPERTYSINGLEVALUE('IsExternal',$,IFCBOOLEAN(.T.),$);
#5670=IFCPROPERTYSINGLEVALUE('ThermalTransmittance',$,IFCTHERMALTRANSMITTANCEMEASURE(0.80000000000000004),$);
#5671=IFCPROPERTYSINGLEVALUE('GlazingAreaFraction',$,IFCPOSITIVERATIOMEASURE(0.69999999999999996),$);
#5672=IFCRELFILLSELEMENT('2pinLMYf55GOxTpDC4yaKh',$,$,$,#5595,#5651);
#5673=IFCCARTESIANPOINTLIST2D(((0.,0.),(0.,565.),(1800.,565.),(1800.,0.),(0.,0.)));
#5674=IFCINDEXEDPOLYCURVE(#5673,$,.F.);
#5675=IFCDIRECTION((0.,0.,1.));
#5676=IFCARBITRARYCLOSEDPROFILEDEF(.AREA.,$,#5674);
#5677=IFCCARTESIANPOINT((0.,0.,0.));
#5678=IFCDIRECTION((0.,0.,1.));
#5679=IFCDIRECTION((1.,0.,0.));
#5680=IFCAXIS2PLACEMENT3D(#5677,#5678,#5679);
#5681=IFCEXTRUDEDAREASOLID(#5676,#5680,#5675,1600.);
#5682=IFCSHAPEREPRESENTATION(#11,'Body','SweptSolid',(#5681));
#5683=IFCOPENINGELEMENT('2_FT_sunn8zQXWrcYqJ0iK',$,'Opening for Window S6 L2',$,$,#5695,#5684,$,$);
#5684=IFCPRODUCTDEFINITIONSHAPE($,$,(#5682));
#5690=IFCRELVOIDSELEMENT('1rFi$SEiD7M803QfPPQgqs',$,$,$,#5219,#5683);
#5691=IFCCARTESIANPOINT((17100.,-50.,899.99999999999943));
#5692=IFCDIRECTION((0.,0.,1.));
#5693=IFCDIRECTION((1.,0.,0.));
#5694=IFCAXIS2PLACEMENT3D(#5691,#5692,#5693);
#5695=IFCLOCALPLACEMENT(#5230,#5694);
#5696=IFCCARTESIANPOINTLIST2D(((0.,0.),(1800.,0.),(1800.,1600.),(0.,1600.)));
#5697=IFCINDEXEDPOLYCURVE(#5696,(IFCLINEINDEX((1,2,3,4,1))),$);
#5698=IFCCARTESIANPOINTLIST2D(((25.,25.),(1775.,25.),(1775.,1575.),(25.,1575.)));
#5699=IFCINDEXEDPOLYCURVE(#5698,(IFCLINEINDEX((1,2,3,4,1))),$);
#5700=IFCARBITRARYPROFILEDEFWITHVOIDS(.AREA.,$,#5697,(#5699));
#5701=IFCCARTESIANPOINT((0.,90.,0.));
#5702=IFCDIRECTION((0.,-1.,0.));
#5703=IFCDIRECTION((1.,0.,0.));
#5704=IFCAXIS2PLACEMENT3D(#5701,#5702,#5703);
#5705=IFCDIRECTION((0.,0.,-1.));
#5706=IFCEXTRUDEDAREASOLID(#5700,#5704,#5705,10.);
#5707=IFCCARTESIANPOINTLIST2D(((0.,0.),(1800.,0.),(1800.,1600.),(0.,1600.)));
#5708=IFCINDEXEDPOLYCURVE(#5707,(IFCLINEINDEX((1,2,3,4,1))),$);
#5709=IFCCARTESIANPOINTLIST2D(((50.,50.),(1750.,50.),(1750.,1550.),(50.,1550.)));
#5710=IFCINDEXEDPOLYCURVE(#5709,(IFCLINEINDEX((1,2,3,4,1))),$);
#5711=IFCARBITRARYPROFILEDEFWITHVOIDS(.AREA.,$,#5708,(#5710));
#5712=IFCCARTESIANPOINT((0.,50.,0.));
#5713=IFCDIRECTION((0.,-1.,0.));
#5714=IFCDIRECTION((1.,0.,0.));
#5715=IFCAXIS2PLACEMENT3D(#5712,#5713,#5714);
#5716=IFCDIRECTION((0.,0.,-1.));
#5717=IFCEXTRUDEDAREASOLID(#5711,#5715,#5716,40.);
#5718=IFCCARTESIANPOINTLIST2D(((0.,0.),(1750.,0.),(1750.,1550.),(0.,1550.)));
#5719=IFCINDEXEDPOLYCURVE(#5718,(IFCLINEINDEX((1,2,3,4,1))),$);
#5720=IFCCARTESIANPOINTLIST2D(((35.,35.),(1715.,35.),(1715.,1515.),(35.,1515.)));
#5721=IFCINDEXEDPOLYCURVE(#5720,(IFCLINEINDEX((1,2,3,4,1))),$);
#5722=IFCARBITRARYPROFILEDEFWITHVOIDS(.AREA.,$,#5719,(#5721));
#5723=IFCCARTESIANPOINT((25.,90.,25.));
#5724=IFCDIRECTION((0.,-1.,0.));
#5725=IFCDIRECTION((1.,0.,0.));
#5726=IFCAXIS2PLACEMENT3D(#5723,#5724,#5725);
#5727=IFCDIRECTION((0.,0.,-1.));
#5728=IFCEXTRUDEDAREASOLID(#5722,#5726,#5727,35.);
#5729=IFCINDEXEDPOLYCURVE(#5730,(IFCLINEINDEX((1,2,3,4,1))),$);
#5730=IFCCARTESIANPOINTLIST2D(((35.,35.),(1715.,35.),(1715.,1515.),(35.,1515.)));
#5731=IFCARBITRARYCLOSEDPROFILEDEF(.AREA.,$,#5729);
#5732=IFCCARTESIANPOINT((25.,102.5,25.));
#5733=IFCDIRECTION((0.,-1.,0.));
#5734=IFCDIRECTION((1.,0.,0.));
#5735=IFCAXIS2PLACEMENT3D(#5732,#5733,#5734);
#5736=IFCDIRECTION((0.,0.,-1.));
#5737=IFCEXTRUDEDAREASOLID(#5731,#5735,#5736,10.);
#5738=IFCSHAPEREPRESENTATION(#11,'Body','SweptSolid',(#5706,#5717,#5728,#5737));
#5739=IFCWINDOW('2Dc$czgUP9shCmUiUr20SD',$,'Window S6 L2',$,$,#5750,#5740,$,1600.,1800.,.WINDOW.,$,$);
#5740=IFCPRODUCTDEFINITIONSHAPE($,$,(#5738));
#5746=IFCCARTESIANPOINT((17100.,162.75,899.99999999999943));
#5747=IFCDIRECTION((0.,0.,1.));
#5748=IFCDIRECTION((1.,0.,0.));
#5749=IFCAXIS2PLACEMENT3D(#5746,#5747,#5748);
#5750=IFCLOCALPLACEMENT(#5167,#5749);
#5751=IFCMATERIALCONSTITUENTSET('Aluminium window',$,(#5752,#5753));
#5752=IFCMATERIALCONSTITUENT($,$,#1160,0.29999999999999999,$);
#5753=IFCMATERIALCONSTITUENT($,$,#1162,0.69999999999999996,$);
#5754=IFCRELASSOCIATESMATERIAL('25RYywiED6AxPyEkfmbchF',$,$,$,(#5739),#5751);
#5755=IFCPROPERTYSET('1KPTgY7Q1A2B6uLZ3A_gfa',$,'Pset_WindowCommon',$,(#5757,#5758,#5759));
#5756=IFCRELDEFINESBYPROPERTIES('0c17zN8mX6X8kblKJTx$_h',$,$,$,(#5739),#5755);
#5757=IFCPROPERTYSINGLEVALUE('IsExternal',$,IFCBOOLEAN(.T.),$);
#5758=IFCPROPERTYSINGLEVALUE('ThermalTransmittance',$,IFCTHERMALTRANSMITTANCEMEASURE(0.80000000000000004),$);
#5759=IFCPROPERTYSINGLEVALUE('GlazingAreaFraction',$,IFCPOSITIVERATIOMEASURE(0.69999999999999996),$);
#5760=IFCRELFILLSELEMENT('2CwL_Z_NHEVg2vLuNqFkJ$',$,$,$,#5683,#5739);
#5761=IFCCARTESIANPOINTLIST2D(((0.,0.),(0.,565.),(1800.,565.),(1800.,0.),(0.,0.)));
#5762=IFCINDEXEDPOLYCURVE(#5761,$,.F.);
#5763=IFCDIRECTION((0.,0.,1.));
#5764=IFCARBITRARYCLOSEDPROFILEDEF(.AREA.,$,#5762);
#5765=IFCCARTESIANPOINT((0.,0.,0.));
#5766=IFCDIRECTION((0.,0.,1.));
#5767=IFCDIRECTION((1.,0.,0.));
#5768=IFCAXIS2PLACEMENT3D(#5765,#5766,#5767);
#5769=IFCEXTRUDEDAREASOLID(#5764,#5768,#5763,1600.);
#5770=IFCSHAPEREPRESENTATION(#11,'Body','SweptSolid',(#5769));
#5771=IFCOPENINGELEMENT('3KelJdGBPECuy$fwC2CKCt',$,'Opening for Window S7 L2',$,$,#5783,#5772,$,$);
#5772=IFCPRODUCTDEFINITIONSHAPE($,$,(#5770));
#5778=IFCRELVOIDSELEMENT('12anW$$P5DduzwBFv7fTKK',$,$,$,#5219,#5771);
#5779=IFCCARTESIANPOINT((20100.,-50.,899.99999999999943));
#5780=IFCDIRECTION((0.,0.,1.));
#5781=IFCDIRECTION((1.,0.,0.));
#5782=IFCAXIS2PLACEMENT3D(#5779,#5780,#5781);
#5783=IFCLOCALPLACEMENT(#5230,#5782);
#5784=IFCCARTESIANPOINTLIST2D(((0.,0.),(1800.,0.),(1800.,1600.),(0.,1600.)));
#5785=IFCINDEXEDPOLYCURVE(#5784,(IFCLINEINDEX((1,2,3,4,1))),$);
#5786=IFCCARTESIANPOINTLIST2D(((25.,25.),(1775.,25.),(1775.,1575.),(25.,1575.)));
#5787=IFCINDEXEDPOLYCURVE(#5786,(IFCLINEINDEX((1,2,3,4,1))),$);
#5788=IFCARBITRARYPROFILEDEFWITHVOIDS(.AREA.,$,#5785,(#5787));
#5789=IFCCARTESIANPOINT((0.,90.,0.));
#5790=IFCDIRECTION((0.,-1.,0.));
#5791=IFCDIRECTION((1.,0.,0.));
#5792=IFCAXIS2PLACEMENT3D(#5789,#5790,#5791);
#5793=IFCDIRECTION((0.,0.,-1.));
#5794=IFCEXTRUDEDAREASOLID(#5788,#5792,#5793,10.);
#5795=IFCCARTESIANPOINTLIST2D(((0.,0.),(1800.,0.),(1800.,1600.),(0.,1600.)));
#5796=IFCINDEXEDPOLYCURVE(#5795,(IFCLINEINDEX((1,2,3,4,1))),$);
#5797=IFCCARTESIANPOINTLIST2D(((50.,50.),(1750.,50.),(1750.,1550.),(50.,1550.)));
#5798=IFCINDEXEDPOLYCURVE(#5797,(IFCLINEINDEX((1,2,3,4,1))),$);
#5799=IFCARBITRARYPROFILEDEFWITHVOIDS(.AREA.,$,#5796,(#5798));
#5800=IFCCARTESIANPOINT((0.,50.,0.));
#5801=IFCDIRECTION((0.,-1.,0.));
#5802=IFCDIRECTION((1.,0.,0.));
#5803=IFCAXIS2PLACEMENT3D(#5800,#5801,#5802);
#5804=IFCDIRECTION((0.,0.,-1.));
#5805=IFCEXTRUDEDAREASOLID(#5799,#5803,#5804,40.);
#5806=IFCCARTESIANPOINTLIST2D(((0.,0.),(1750.,0.),(1750.,1550.),(0.,1550.)));
#5807=IFCINDEXEDPOLYCURVE(#5806,(IFCLINEINDEX((1,2,3,4,1))),$);
#5808=IFCCARTESIANPOINTLIST2D(((35.,35.),(1715.,35.),(1715.,1515.),(35.,1515.)));
#5809=IFCINDEXEDPOLYCURVE(#5808,(IFCLINEINDEX((1,2,3,4,1))),$);
#5810=IFCARBITRARYPROFILEDEFWITHVOIDS(.AREA.,$,#5807,(#5809));
#5811=IFCCARTESIANPOINT((25.,90.,25.));
#5812=IFCDIRECTION((0.,-1.,0.));
#5813=IFCDIRECTION((1.,0.,0.));
#5814=IFCAXIS2PLACEMENT3D(#5811,#5812,#5813);
#5815=IFCDIRECTION((0.,0.,-1.));
#5816=IFCEXTRUDEDAREASOLID(#5810,#5814,#5815,35.);
#5817=IFCINDEXEDPOLYCURVE(#5818,(IFCLINEINDEX((1,2,3,4,1))),$);
#5818=IFCCARTESIANPOINTLIST2D(((35.,35.),(1715.,35.),(1715.,1515.),(35.,1515.)));
#5819=IFCARBITRARYCLOSEDPROFILEDEF(.AREA.,$,#5817);
#5820=IFCCARTESIANPOINT((25.,102.5,25.));
#5821=IFCDIRECTION((0.,-1.,0.));
#5822=IFCDIRECTION((1.,0.,0.));
#5823=IFCAXIS2PLACEMENT3D(#5820,#5821,#5822);
#5824=IFCDIRECTION((0.,0.,-1.));
#5825=IFCEXTRUDEDAREASOLID(#5819,#5823,#5824,10.);
#5826=IFCSHAPEREPRESENTATION(#11,'Body','SweptSolid',(#5794,#5805,#5816,#5825));
#5827=IFCWINDOW('1RpKF1UQjDjRwavfnQRILy',$,'Window S7 L2',$,$,#5838,#5828,$,1600.,1800.,.WINDOW.,$,$);
#5828=IFCPRODUCTDEFINITIONSHAPE($,$,(#5826));
#5834=IFCCARTESIANPOINT((20100.,162.75,899.99999999999943));
#5835=IFCDIRECTION((0.,0.,1.));
#5836=IFCDIRECTION((1.,0.,0.));
#5837=IFCAXIS2PLACEMENT3D(#5834,#5835,#5836);
#5838=IFCLOCALPLACEMENT(#5167,#5837);
#5839=IFCMATERIALCONSTITUENTSET('Aluminium window',$,(#5840,#5841));
#5840=IFCMATERIALCONSTITUENT($,$,#1160,0.29999999999999999,$);
#5841=IFCMATERIALCONSTITUENT($,$,#1162,0.69999999999999996,$);
#5842=IFCRELASSOCIATESMATERIAL('3tJ_a1NVvFFelyBn6wtsZV',$,$,$,(#5827),#5839);
#5843=IFCPROPERTYSET('3A4pw$vhL8$QXWdv$_ghOt',$,'Pset_WindowCommon',$,(#5845,#5846,#5847));
#5844=IFCRELDEFINESBYPROPERTIES('1Bl9TLKSH9DgGi5tKKAB3f',$,$,$,(#5827),#5843);
#5845=IFCPROPERTYSINGLEVALUE('IsExternal',$,IFCBOOLEAN(.T.),$);
#5846=IFCPROPERTYSINGLEVALUE('ThermalTransmittance',$,IFCTHERMALTRANSMITTANCEMEASURE(0.80000000000000004),$);
#5847=IFCPROPERTYSINGLEVALUE('GlazingAreaFraction',$,IFCPOSITIVERATIOMEASURE(0.69999999999999996),$);
#5848=IFCRELFILLSELEMENT('3xbCKievD00Aw0aQZLsYDo',$,$,$,#5771,#5827);
#5849=IFCELEMENTQUANTITY('1us6R$caTEvQtVvHm8NbF0',$,'Qto_WallBaseQuantities',$,'BaseQuantities',(#5851,#5852,#5853,#5854,#5855,#5856));
#5850=IFCRELDEFINESBYPROPERTIES('2KyHLkpPf93PThfuRgkKP$',$,$,$,(#5219),#5849);
#5851=IFCQUANTITYLENGTH('Length',$,$,24000.,$);
#5852=IFCQUANTITYLENGTH('Height',$,$,3550.,$);
#5853=IFCQUANTITYLENGTH('Width',$,$,465.,$);
#5854=IFCQUANTITYVOLUME('GrossVolume',$,$,39.617999999999995,$);
#5855=IFCQUANTITYVOLUME('NetVolume',$,$,30.243599999999997,$);
#5856=IFCQUANTITYAREA('NetSideArea',$,$,65.039999999999992,$);
#5857=IFCPROPERTYSET('3VJcRXqHP3xQgvEdgT7Ezg',$,'Pset_WallCommon',$,(#5859,#5860,#5861,#5862));
#5858=IFCRELDEFINESBYPROPERTIES('36evm4Uiv7bAE4KjJXMJx$',$,$,$,(#5219),#5857);
#5859=IFCPROPERTYSINGLEVALUE('IsExternal',$,IFCBOOLEAN(.T.),$);
#5860=IFCPROPERTYSINGLEVALUE('LoadBearing',$,IFCBOOLEAN(.T.),$);
#5861=IFCPROPERTYSINGLEVALUE('FireRating',$,IFCLABEL('REI 60'),$);
#5862=IFCPROPERTYSINGLEVALUE('ThermalTransmittance',$,IFCTHERMALTRANSMITTANCEMEASURE(0.20999999999999999),$);
#5863=IFCCARTESIANPOINTLIST2D(((0.,0.),(0.,465.),(24000.,465.),(24000.,0.),(0.,0.)));
#5864=IFCINDEXEDPOLYCURVE(#5863,$,.F.);
#5865=IFCDIRECTION((0.,0.,1.));
#5866=IFCARBITRARYCLOSEDPROFILEDEF(.AREA.,$,#5864);
#5867=IFCCARTESIANPOINT((0.,0.,0.));
#5868=IFCDIRECTION((0.,0.,1.));
#5869=IFCDIRECTION((1.,0.,0.));
#5870=IFCAXIS2PLACEMENT3D(#5867,#5868,#5869);
#5871=IFCEXTRUDEDAREASOLID(#5866,#5870,#5865,3549.9999999999995);
#5872=IFCSHAPEREPRESENTATION(#11,'Body','SweptSolid',(#5871));
#5873=IFCWALL('1NqQSvLTD3cxblnzJa4qW8',$,'North wall L2',$,$,#5884,#5874,$,$);
#5874=IFCPRODUCTDEFINITIONSHAPE($,$,(#5872));
#5880=IFCCARTESIANPOINT((24000.,14000.,0.));
#5881=IFCDIRECTION((0.,0.,1.));
#5882=IFCDIRECTION((-1.,1.2246467991473532E-16,0.));
#5883=IFCAXIS2PLACEMENT3D(#5880,#5881,#5882);
#5884=IFCLOCALPLACEMENT(#5167,#5883);
#5885=IFCMATERIALLAYERSETUSAGE(#952,.AXIS2.,.POSITIVE.,0.,$);
#5886=IFCRELASSOCIATESMATERIAL('3Fpi97D2fDegYf6$oz6aW5',$,$,$,(#5873),#5885);
#5887=IFCCARTESIANPOINTLIST2D(((0.,0.),(0.,565.),(1800.,565.),(1800.,0.),(0.,0.)));
#5888=IFCINDEXEDPOLYCURVE(#5887,$,.F.);
#5889=IFCDIRECTION((0.,0.,1.));
#5890=IFCARBITRARYCLOSEDPROFILEDEF(.AREA.,$,#5888);
#5891=IFCCARTESIANPOINT((0.,0.,0.));
#5892=IFCDIRECTION((0.,0.,1.));
#5893=IFCDIRECTION((1.,0.,0.));
#5894=IFCAXIS2PLACEMENT3D(#5891,#5892,#5893);
#5895=IFCEXTRUDEDAREASOLID(#5890,#5894,#5889,1600.);
#5896=IFCSHAPEREPRESENTATION(#11,'Body','SweptSolid',(#5895));
#5897=IFCOPENINGELEMENT('1BLdlehnrCiQOwEL5tk5Bv',$,'Opening for Window N1 L2',$,$,#5909,#5898,$,$);
#5898=IFCPRODUCTDEFINITIONSHAPE($,$,(#5896));
#5904=IFCRELVOIDSELEMENT('3gcVGUidL9sv7RLDOzujjY',$,$,$,#5873,#5897);
#5905=IFCCARTESIANPOINT((2100.0000000000014,-50.000000000000711,899.99999999999943));
#5906=IFCDIRECTION((0.,0.,1.));
#5907=IFCDIRECTION((1.,0.,0.));
#5908=IFCAXIS2PLACEMENT3D(#5905,#5906,#5907);
#5909=IFCLOCALPLACEMENT(#5884,#5908);
#5910=IFCCARTESIANPOINTLIST2D(((0.,0.),(1800.,0.),(1800.,1600.),(0.,1600.)));
#5911=IFCINDEXEDPOLYCURVE(#5910,(IFCLINEINDEX((1,2,3,4,1))),$);
#5912=IFCCARTESIANPOINTLIST2D(((25.,25.),(1775.,25.),(1775.,1575.),(25.,1575.)));
#5913=IFCINDEXEDPOLYCURVE(#5912,(IFCLINEINDEX((1,2,3,4,1))),$);
#5914=IFCARBITRARYPROFILEDEFWITHVOIDS(.AREA.,$,#5911,(#5913));
#5915=IFCCARTESIANPOINT((0.,90.,0.));
#5916=IFCDIRECTION((0.,-1.,0.));
#5917=IFCDIRECTION((1.,0.,0.));
#5918=IFCAXIS2PLACEMENT3D(#5915,#5916,#5917);
#5919=IFCDIRECTION((0.,0.,-1.));
#5920=IFCEXTRUDEDAREASOLID(#5914,#5918,#5919,10.);
#5921=IFCCARTESIANPOINTLIST2D(((0.,0.),(1800.,0.),(1800.,1600.),(0.,1600.)));
#5922=IFCINDEXEDPOLYCURVE(#5921,(IFCLINEINDEX((1,2,3,4,1))),$);
#5923=IFCCARTESIANPOINTLIST2D(((50.,50.),(1750.,50.),(1750.,1550.),(50.,1550.)));
#5924=IFCINDEXEDPOLYCURVE(#5923,(IFCLINEINDEX((1,2,3,4,1))),$);
#5925=IFCARBITRARYPROFILEDEFWITHVOIDS(.AREA.,$,#5922,(#5924));
#5926=IFCCARTESIANPOINT((0.,50.,0.));
#5927=IFCDIRECTION((0.,-1.,0.));
#5928=IFCDIRECTION((1.,0.,0.));
#5929=IFCAXIS2PLACEMENT3D(#5926,#5927,#5928);
#5930=IFCDIRECTION((0.,0.,-1.));
#5931=IFCEXTRUDEDAREASOLID(#5925,#5929,#5930,40.);
#5932=IFCCARTESIANPOINTLIST2D(((0.,0.),(1750.,0.),(1750.,1550.),(0.,1550.)));
#5933=IFCINDEXEDPOLYCURVE(#5932,(IFCLINEINDEX((1,2,3,4,1))),$);
#5934=IFCCARTESIANPOINTLIST2D(((35.,35.),(1715.,35.),(1715.,1515.),(35.,1515.)));
#5935=IFCINDEXEDPOLYCURVE(#5934,(IFCLINEINDEX((1,2,3,4,1))),$);
#5936=IFCARBITRARYPROFILEDEFWITHVOIDS(.AREA.,$,#5933,(#5935));
#5937=IFCCARTESIANPOINT((25.,90.,25.));
#5938=IFCDIRECTION((0.,-1.,0.));
#5939=IFCDIRECTION((1.,0.,0.));
#5940=IFCAXIS2PLACEMENT3D(#5937,#5938,#5939);
#5941=IFCDIRECTION((0.,0.,-1.));
#5942=IFCEXTRUDEDAREASOLID(#5936,#5940,#5941,35.);
#5943=IFCINDEXEDPOLYCURVE(#5944,(IFCLINEINDEX((1,2,3,4,1))),$);
#5944=IFCCARTESIANPOINTLIST2D(((35.,35.),(1715.,35.),(1715.,1515.),(35.,1515.)));
#5945=IFCARBITRARYCLOSEDPROFILEDEF(.AREA.,$,#5943);
#5946=IFCCARTESIANPOINT((25.,102.5,25.));
#5947=IFCDIRECTION((0.,-1.,0.));
#5948=IFCDIRECTION((1.,0.,0.));
#5949=IFCAXIS2PLACEMENT3D(#5946,#5947,#5948);
#5950=IFCDIRECTION((0.,0.,-1.));
#5951=IFCEXTRUDEDAREASOLID(#5945,#5949,#5950,10.);
#5952=IFCSHAPEREPRESENTATION(#11,'Body','SweptSolid',(#5920,#5931,#5942,#5951));
#5953=IFCWINDOW('0u$ZO356bBORnQQn0pL9j7',$,'Window N1 L2',$,$,#5964,#5954,$,1600.,1800.,.WINDOW.,$,$);
#5954=IFCPRODUCTDEFINITIONSHAPE($,$,(#5952));
#5960=IFCCARTESIANPOINT((21899.999999999996,13837.249999999998,899.99999999999943));
#5961=IFCDIRECTION((0.,0.,1.));
#5962=IFCDIRECTION((-1.,1.2246467991473532E-16,0.));
#5963=IFCAXIS2PLACEMENT3D(#5960,#5961,#5962);
#5964=IFCLOCALPLACEMENT(#5167,#5963);
#5965=IFCMATERIALCONSTITUENTSET('Aluminium window',$,(#5966,#5967));
#5966=IFCMATERIALCONSTITUENT($,$,#1160,0.29999999999999999,$);
#5967=IFCMATERIALCONSTITUENT($,$,#1162,0.69999999999999996,$);
#5968=IFCRELASSOCIATESMATERIAL('1HnWOioFP29QfHOyemzXn2',$,$,$,(#5953),#5965);
#5969=IFCPROPERTYSET('0d9BP$Ezj2pQIAmJv4flxi',$,'Pset_WindowCommon',$,(#5971,#5972,#5973));
#5970=IFCRELDEFINESBYPROPERTIES('3J3dPK4Q54dRVrHTJNjqHR',$,$,$,(#5953),#5969);
#5971=IFCPROPERTYSINGLEVALUE('IsExternal',$,IFCBOOLEAN(.T.),$);
#5972=IFCPROPERTYSINGLEVALUE('ThermalTransmittance',$,IFCTHERMALTRANSMITTANCEMEASURE(0.80000000000000004),$);
#5973=IFCPROPERTYSINGLEVALUE('GlazingAreaFraction',$,IFCPOSITIVERATIOMEASURE(0.69999999999999996),$);
#5974=IFCRELFILLSELEMENT('1BDWJax1L2qvVXw_cHD1c5',$,$,$,#5897,#5953);
#5975=IFCCARTESIANPOINTLIST2D(((0.,0.),(0.,565.),(1800.,565.),(1800.,0.),(0.,0.)));
#5976=IFCINDEXEDPOLYCURVE(#5975,$,.F.);
#5977=IFCDIRECTION((0.,0.,1.));
#5978=IFCARBITRARYCLOSEDPROFILEDEF(.AREA.,$,#5976);
#5979=IFCCARTESIANPOINT((0.,0.,0.));
#5980=IFCDIRECTION((0.,0.,1.));
#5981=IFCDIRECTION((1.,0.,0.));
#5982=IFCAXIS2PLACEMENT3D(#5979,#5980,#5981);
#5983=IFCEXTRUDEDAREASOLID(#5978,#5982,#5977,1600.);
#5984=IFCSHAPEREPRESENTATION(#11,'Body','SweptSolid',(#5983));
#5985=IFCOPENINGELEMENT('0REFNqsh5AWQfOm7v8l0pJ',$,'Opening for Window N2 L2',$,$,#5997,#5986,$,$);
#5986=IFCPRODUCTDEFINITIONSHAPE($,$,(#5984));
#5992=IFCRELVOIDSELEMENT('3WQoGOmg97sutpZegDiEoo',$,$,$,#5873,#5985);
#5993=IFCCARTESIANPOINT((5099.9999999999982,-49.999999999998934,899.99999999999943));
#5994=IFCDIRECTION((0.,0.,1.));
#5995=IFCDIRECTION((1.,0.,0.));
#5996=IFCAXIS2PLACEMENT3D(#5993,#5994,#5995);
#5997=IFCLOCALPLACEMENT(#5884,#5996);
#5998=IFCCARTESIANPOINTLIST2D(((0.,0.),(1800.,0.),(1800.,1600.),(0.,1600.)));
#5999=IFCINDEXEDPOLYCURVE(#5998,(IFCLINEINDEX((1,2,3,4,1))),$);
#6000=IFCCARTESIANPOINTLIST2D(((25.,25.),(1775.,25.),(1775.,1575.),(25.,1575.)));
#6001=IFCINDEXEDPOLYCURVE(#6000,(IFCLINEINDEX((1,2,3,4,1))),$);
#6002=IFCARBITRARYPROFILEDEFWITHVOIDS(.AREA.,$,#5999,(#6001));
#6003=IFCCARTESIANPOINT((0.,90.,0.));
#6004=IFCDIRECTION((0.,-1.,0.));
#6005=IFCDIRECTION((1.,0.,0.));
#6006=IFCAXIS2PLACEMENT3D(#6003,#6004,#6005);
#6007=IFCDIRECTION((0.,0.,-1.));
#6008=IFCEXTRUDEDAREASOLID(#6002,#6006,#6007,10.);
#6009=IFCCARTESIANPOINTLIST2D(((0.,0.),(1800.,0.),(1800.,1600.),(0.,1600.)));
#6010=IFCINDEXEDPOLYCURVE(#6009,(IFCLINEINDEX((1,2,3,4,1))),$);
#6011=IFCCARTESIANPOINTLIST2D(((50.,50.),(1750.,50.),(1750.,1550.),(50.,1550.)));
#6012=IFCINDEXEDPOLYCURVE(#6011,(IFCLINEINDEX((1,2,3,4,1))),$);
#6013=IFCARBITRARYPROFILEDEFWITHVOIDS(.AREA.,$,#6010,(#6012));
#6014=IFCCARTESIANPOINT((0.,50.,0.));
#6015=IFCDIRECTION((0.,-1.,0.));
#6016=IFCDIRECTION((1.,0.,0.));
#6017=IFCAXIS2PLACEMENT3D(#6014,#6015,#6016);
#6018=IFCDIRECTION((0.,0.,-1.));
#6019=IFCEXTRUDEDAREASOLID(#6013,#6017,#6018,40.);
#6020=IFCCARTESIANPOINTLIST2D(((0.,0.),(1750.,0.),(1750.,1550.),(0.,1550.)));
#6021=IFCINDEXEDPOLYCURVE(#6020,(IFCLINEINDEX((1,2,3,4,1))),$);
#6022=IFCCARTESIANPOINTLIST2D(((35.,35.),(1715.,35.),(1715.,1515.),(35.,1515.)));
#6023=IFCINDEXEDPOLYCURVE(#6022,(IFCLINEINDEX((1,2,3,4,1))),$);
#6024=IFCARBITRARYPROFILEDEFWITHVOIDS(.AREA.,$,#6021,(#6023));
#6025=IFCCARTESIANPOINT((25.,90.,25.));
#6026=IFCDIRECTION((0.,-1.,0.));
#6027=IFCDIRECTION((1.,0.,0.));
#6028=IFCAXIS2PLACEMENT3D(#6025,#6026,#6027);
#6029=IFCDIRECTION((0.,0.,-1.));
#6030=IFCEXTRUDEDAREASOLID(#6024,#6028,#6029,35.);
#6031=IFCINDEXEDPOLYCURVE(#6032,(IFCLINEINDEX((1,2,3,4,1))),$);
#6032=IFCCARTESIANPOINTLIST2D(((35.,35.),(1715.,35.),(1715.,1515.),(35.,1515.)));
#6033=IFCARBITRARYCLOSEDPROFILEDEF(.AREA.,$,#6031);
#6034=IFCCARTESIANPOINT((25.,102.5,25.));
#6035=IFCDIRECTION((0.,-1.,0.));
#6036=IFCDIRECTION((1.,0.,0.));
#6037=IFCAXIS2PLACEMENT3D(#6034,#6035,#6036);
#6038=IFCDIRECTION((0.,0.,-1.));
#6039=IFCEXTRUDEDAREASOLID(#6033,#6037,#6038,10.);
#6040=IFCSHAPEREPRESENTATION(#11,'Body','SweptSolid',(#6008,#6019,#6030,#6039));
#6041=IFCWINDOW('3vCMdIzVzDi9iCiU385LEA',$,'Window N2 L2',$,$,#6052,#6042,$,1600.,1800.,.WINDOW.,$,$);
#6042=IFCPRODUCTDEFINITIONSHAPE($,$,(#6040));
#6048=IFCCARTESIANPOINT((18900.,13837.249999999998,899.99999999999943));
#6049=IFCDIRECTION((0.,0.,1.));
#6050=IFCDIRECTION((-1.,1.2246467991473532E-16,0.));
#6051=IFCAXIS2PLACEMENT3D(#6048,#6049,#6050);
#6052=IFCLOCALPLACEMENT(#5167,#6051);
#6053=IFCMATERIALCONSTITUENTSET('Aluminium window',$,(#6054,#6055));
#6054=IFCMATERIALCONSTITUENT($,$,#1160,0.29999999999999999,$);
#6055=IFCMATERIALCONSTITUENT($,$,#1162,0.69999999999999996,$);
#6056=IFCRELASSOCIATESMATERIAL('09kqcLAFb5LQTBCWVCZzK5',$,$,$,(#6041),#6053);
#6057=IFCPROPERTYSET('1soojxGvn5LvCYtmidZNGI',$,'Pset_WindowCommon',$,(#6059,#6060,#6061));
#6058=IFCRELDEFINESBYPROPERTIES('0lkNLxf7H3EgiqLCfOlQ1N',$,$,$,(#6041),#6057);
#6059=IFCPROPERTYSINGLEVALUE('IsExternal',$,IFCBOOLEAN(.T.),$);
#6060=IFCPROPERTYSINGLEVALUE('ThermalTransmittance',$,IFCTHERMALTRANSMITTANCEMEASURE(0.80000000000000004),$);
#6061=IFCPROPERTYSINGLEVALUE('GlazingAreaFraction',$,IFCPOSITIVERATIOMEASURE(0.69999999999999996),$);
#6062=IFCRELFILLSELEMENT('1jI19Xhv55fAS12YntjH$z',$,$,$,#5985,#6041);
#6063=IFCCARTESIANPOINTLIST2D(((0.,0.),(0.,565.),(1800.,565.),(1800.,0.),(0.,0.)));
#6064=IFCINDEXEDPOLYCURVE(#6063,$,.F.);
#6065=IFCDIRECTION((0.,0.,1.));
#6066=IFCARBITRARYCLOSEDPROFILEDEF(.AREA.,$,#6064);
#6067=IFCCARTESIANPOINT((0.,0.,0.));
#6068=IFCDIRECTION((0.,0.,1.));
#6069=IFCDIRECTION((1.,0.,0.));
#6070=IFCAXIS2PLACEMENT3D(#6067,#6068,#6069);
#6071=IFCEXTRUDEDAREASOLID(#6066,#6070,#6065,1600.);
#6072=IFCSHAPEREPRESENTATION(#11,'Body','SweptSolid',(#6071));
#6073=IFCOPENINGELEMENT('19blp3fFX4RA98KyPf4Uyb',$,'Opening for Window N3 L2',$,$,#6085,#6074,$,$);
#6074=IFCPRODUCTDEFINITIONSHAPE($,$,(#6072));
#6080=IFCRELVOIDSELEMENT('0i2WrgCez5EQeYOkV_xcrT',$,$,$,#5873,#6073);
#6081=IFCCARTESIANPOINT((8100.0000000000009,-50.000000000000711,899.99999999999943));
#6082=IFCDIRECTION((0.,0.,1.));
#6083=IFCDIRECTION((1.,0.,0.));
#6084=IFCAXIS2PLACEMENT3D(#6081,#6082,#6083);
#6085=IFCLOCALPLACEMENT(#5884,#6084);
#6086=IFCCARTESIANPOINTLIST2D(((0.,0.),(1800.,0.),(1800.,1600.),(0.,1600.)));
#6087=IFCINDEXEDPOLYCURVE(#6086,(IFCLINEINDEX((1,2,3,4,1))),$);
#6088=IFCCARTESIANPOINTLIST2D(((25.,25.),(1775.,25.),(1775.,1575.),(25.,1575.)));
#6089=IFCINDEXEDPOLYCURVE(#6088,(IFCLINEINDEX((1,2,3,4,1))),$);
#6090=IFCARBITRARYPROFILEDEFWITHVOIDS(.AREA.,$,#6087,(#6089));
#6091=IFCCARTESIANPOINT((0.,90.,0.));
#6092=IFCDIRECTION((0.,-1.,0.));
#6093=IFCDIRECTION((1.,0.,0.));
#6094=IFCAXIS2PLACEMENT3D(#6091,#6092,#6093);
#6095=IFCDIRECTION((0.,0.,-1.));
#6096=IFCEXTRUDEDAREASOLID(#6090,#6094,#6095,10.);
#6097=IFCCARTESIANPOINTLIST2D(((0.,0.),(1800.,0.),(1800.,1600.),(0.,1600.)));
#6098=IFCINDEXEDPOLYCURVE(#6097,(IFCLINEINDEX((1,2,3,4,1))),$);
#6099=IFCCARTESIANPOINTLIST2D(((50.,50.),(1750.,50.),(1750.,1550.),(50.,1550.)));
#6100=IFCINDEXEDPOLYCURVE(#6099,(IFCLINEINDEX((1,2,3,4,1))),$);
#6101=IFCARBITRARYPROFILEDEFWITHVOIDS(.AREA.,$,#6098,(#6100));
#6102=IFCCARTESIANPOINT((0.,50.,0.));
#6103=IFCDIRECTION((0.,-1.,0.));
#6104=IFCDIRECTION((1.,0.,0.));
#6105=IFCAXIS2PLACEMENT3D(#6102,#6103,#6104);
#6106=IFCDIRECTION((0.,0.,-1.));
#6107=IFCEXTRUDEDAREASOLID(#6101,#6105,#6106,40.);
#6108=IFCCARTESIANPOINTLIST2D(((0.,0.),(1750.,0.),(1750.,1550.),(0.,1550.)));
#6109=IFCINDEXEDPOLYCURVE(#6108,(IFCLINEINDEX((1,2,3,4,1))),$);
#6110=IFCCARTESIANPOINTLIST2D(((35.,35.),(1715.,35.),(1715.,1515.),(35.,1515.)));
#6111=IFCINDEXEDPOLYCURVE(#6110,(IFCLINEINDEX((1,2,3,4,1))),$);
#6112=IFCARBITRARYPROFILEDEFWITHVOIDS(.AREA.,$,#6109,(#6111));
#6113=IFCCARTESIANPOINT((25.,90.,25.));
#6114=IFCDIRECTION((0.,-1.,0.));
#6115=IFCDIRECTION((1.,0.,0.));
#6116=IFCAXIS2PLACEMENT3D(#6113,#6114,#6115);
#6117=IFCDIRECTION((0.,0.,-1.));
#6118=IFCEXTRUDEDAREASOLID(#6112,#6116,#6117,35.);
#6119=IFCINDEXEDPOLYCURVE(#6120,(IFCLINEINDEX((1,2,3,4,1))),$);
#6120=IFCCARTESIANPOINTLIST2D(((35.,35.),(1715.,35.),(1715.,1515.),(35.,1515.)));
#6121=IFCARBITRARYCLOSEDPROFILEDEF(.AREA.,$,#6119);
#6122=IFCCARTESIANPOINT((25.,102.5,25.));
#6123=IFCDIRECTION((0.,-1.,0.));
#6124=IFCDIRECTION((1.,0.,0.));
#6125=IFCAXIS2PLACEMENT3D(#6122,#6123,#6124);
#6126=IFCDIRECTION((0.,0.,-1.));
#6127=IFCEXTRUDEDAREASOLID(#6121,#6125,#6126,10.);
#6128=IFCSHAPEREPRESENTATION(#11,'Body','SweptSolid',(#6096,#6107,#6118,#6127));
#6129=IFCWINDOW('3tFsO8s0DCOfqBLu8FL$qT',$,'Window N3 L2',$,$,#6140,#6130,$,1600.,1800.,.WINDOW.,$,$);
#6130=IFCPRODUCTDEFINITIONSHAPE($,$,(#6128));
#6136=IFCCARTESIANPOINT((15900.,13837.25,899.99999999999943));
#6137=IFCDIRECTION((0.,0.,1.));
#6138=IFCDIRECTION((-1.,1.2246467991473532E-16,0.));
#6139=IFCAXIS2PLACEMENT3D(#6136,#6137,#6138);
#6140=IFCLOCALPLACEMENT(#5167,#6139);
#6141=IFCMATERIALCONSTITUENTSET('Aluminium window',$,(#6142,#6143));
#6142=IFCMATERIALCONSTITUENT($,$,#1160,0.29999999999999999,$);
#6143=IFCMATERIALCONSTITUENT($,$,#1162,0.69999999999999996,$);
#6144=IFCRELASSOCIATESMATERIAL('1mrTUwncD1gBFmKzynbUzU',$,$,$,(#6129),#6141);
#6145=IFCPROPERTYSET('3OzYuiDaDBIB6StP3_oMat',$,'Pset_WindowCommon',$,(#6147,#6148,#6149));
#6146=IFCRELDEFINESBYPROPERTIES('2EY5N648z4NPZd$E6aBiST',$,$,$,(#6129),#6145);
#6147=IFCPROPERTYSINGLEVALUE('IsExternal',$,IFCBOOLEAN(.T.),$);
#6148=IFCPROPERTYSINGLEVALUE('ThermalTransmittance',$,IFCTHERMALTRANSMITTANCEMEASURE(0.80000000000000004),$);
#6149=IFCPROPERTYSINGLEVALUE('GlazingAreaFraction',$,IFCPOSITIVERATIOMEASURE(0.69999999999999996),$);
#6150=IFCRELFILLSELEMENT('1tlSX9vPD1z9zUY_oXY8RK',$,$,$,#6073,#6129);
#6151=IFCCARTESIANPOINTLIST2D(((0.,0.),(0.,565.),(1800.,565.),(1800.,0.),(0.,0.)));
#6152=IFCINDEXEDPOLYCURVE(#6151,$,.F.);
#6153=IFCDIRECTION((0.,0.,1.));
#6154=IFCARBITRARYCLOSEDPROFILEDEF(.AREA.,$,#6152);
#6155=IFCCARTESIANPOINT((0.,0.,0.));
#6156=IFCDIRECTION((0.,0.,1.));
#6157=IFCDIRECTION((1.,0.,0.));
#6158=IFCAXIS2PLACEMENT3D(#6155,#6156,#6157);
#6159=IFCEXTRUDEDAREASOLID(#6154,#6158,#6153,1600.);
#6160=IFCSHAPEREPRESENTATION(#11,'Body','SweptSolid',(#6159));
#6161=IFCOPENINGELEMENT('1T0GduEqf0WRC$BDdtDTuZ',$,'Opening for Window N4 L2',$,$,#6173,#6162,$,$);
#6162=IFCPRODUCTDEFINITIONSHAPE($,$,(#6160));
#6168=IFCRELVOIDSELEMENT('3$GtMlw8D8aQvb$Jf6FCar',$,$,$,#5873,#6161);
#6169=IFCCARTESIANPOINT((11100.000000000002,-50.000000000000711,899.99999999999943));
#6170=IFCDIRECTION((0.,0.,1.));
#6171=IFCDIRECTION((1.,0.,0.));
#6172=IFCAXIS2PLACEMENT3D(#6169,#6170,#6171);
#6173=IFCLOCALPLACEMENT(#5884,#6172);
#6174=IFCCARTESIANPOINTLIST2D(((0.,0.),(1800.,0.),(1800.,1600.),(0.,1600.)));
#6175=IFCINDEXEDPOLYCURVE(#6174,(IFCLINEINDEX((1,2,3,4,1))),$);
#6176=IFCCARTESIANPOINTLIST2D(((25.,25.),(1775.,25.),(1775.,1575.),(25.,1575.)));
#6177=IFCINDEXEDPOLYCURVE(#6176,(IFCLINEINDEX((1,2,3,4,1))),$);
#6178=IFCARBITRARYPROFILEDEFWITHVOIDS(.AREA.,$,#6175,(#6177));
#6179=IFCCARTESIANPOINT((0.,90.,0.));
#6180=IFCDIRECTION((0.,-1.,0.));
#6181=IFCDIRECTION((1.,0.,0.));
#6182=IFCAXIS2PLACEMENT3D(#6179,#6180,#6181);
#6183=IFCDIRECTION((0.,0.,-1.));
#6184=IFCEXTRUDEDAREASOLID(#6178,#6182,#6183,10.);
#6185=IFCCARTESIANPOINTLIST2D(((0.,0.),(1800.,0.),(1800.,1600.),(0.,1600.)));
#6186=IFCINDEXEDPOLYCURVE(#6185,(IFCLINEINDEX((1,2,3,4,1))),$);
#6187=IFCCARTESIANPOINTLIST2D(((50.,50.),(1750.,50.),(1750.,1550.),(50.,1550.)));
#6188=IFCINDEXEDPOLYCURVE(#6187,(IFCLINEINDEX((1,2,3,4,1))),$);
#6189=IFCARBITRARYPROFILEDEFWITHVOIDS(.AREA.,$,#6186,(#6188));
#6190=IFCCARTESIANPOINT((0.,50.,0.));
#6191=IFCDIRECTION((0.,-1.,0.));
#6192=IFCDIRECTION((1.,0.,0.));
#6193=IFCAXIS2PLACEMENT3D(#6190,#6191,#6192);
#6194=IFCDIRECTION((0.,0.,-1.));
#6195=IFCEXTRUDEDAREASOLID(#6189,#6193,#6194,40.);
#6196=IFCCARTESIANPOINTLIST2D(((0.,0.),(1750.,0.),(1750.,1550.),(0.,1550.)));
#6197=IFCINDEXEDPOLYCURVE(#6196,(IFCLINEINDEX((1,2,3,4,1))),$);
#6198=IFCCARTESIANPOINTLIST2D(((35.,35.),(1715.,35.),(1715.,1515.),(35.,1515.)));
#6199=IFCINDEXEDPOLYCURVE(#6198,(IFCLINEINDEX((1,2,3,4,1))),$);
#6200=IFCARBITRARYPROFILEDEFWITHVOIDS(.AREA.,$,#6197,(#6199));
#6201=IFCCARTESIANPOINT((25.,90.,25.));
#6202=IFCDIRECTION((0.,-1.,0.));
#6203=IFCDIRECTION((1.,0.,0.));
#6204=IFCAXIS2PLACEMENT3D(#6201,#6202,#6203);
#6205=IFCDIRECTION((0.,0.,-1.));
#6206=IFCEXTRUDEDAREASOLID(#6200,#6204,#6205,35.);
#6207=IFCINDEXEDPOLYCURVE(#6208,(IFCLINEINDEX((1,2,3,4,1))),$);
#6208=IFCCARTESIANPOINTLIST2D(((35.,35.),(1715.,35.),(1715.,1515.),(35.,1515.)));
#6209=IFCARBITRARYCLOSEDPROFILEDEF(.AREA.,$,#6207);
#6210=IFCCARTESIANPOINT((25.,102.5,25.));
#6211=IFCDIRECTION((0.,-1.,0.));
#6212=IFCDIRECTION((1.,0.,0.));
#6213=IFCAXIS2PLACEMENT3D(#6210,#6211,#6212);
#6214=IFCDIRECTION((0.,0.,-1.));
#6215=IFCEXTRUDEDAREASOLID(#6209,#6213,#6214,10.);
#6216=IFCSHAPEREPRESENTATION(#11,'Body','SweptSolid',(#6184,#6195,#6206,#6215));
#6217=IFCWINDOW('21X5th$tD0ye47VL0UGxbH',$,'Window N4 L2',$,$,#6228,#6218,$,1600.,1800.,.WINDOW.,$,$);
#6218=IFCPRODUCTDEFINITIONSHAPE($,$,(#6216));
#6224=IFCCARTESIANPOINT((12900.,13837.25,899.99999999999943));
#6225=IFCDIRECTION((0.,0.,1.));
#6226=IFCDIRECTION((-1.,1.2246467991473532E-16,0.));
#6227=IFCAXIS2PLACEMENT3D(#6224,#6225,#6226);
#6228=IFCLOCALPLACEMENT(#5167,#6227);
#6229=IFCMATERIALCONSTITUENTSET('Aluminium window',$,(#6230,#6231));
#6230=IFCMATERIALCONSTITUENT($,$,#1160,0.29999999999999999,$);
#6231=IFCMATERIALCONSTITUENT($,$,#1162,0.69999999999999996,$);
#6232=IFCRELASSOCIATESMATERIAL('2Rc04DLNj3TB$EXIxKf05t',$,$,$,(#6217),#6229);
#6233=IFCPROPERTYSET('3CbTGiOZHDxwOO9olasFxC',$,'Pset_WindowCommon',$,(#6235,#6236,#6237));
#6234=IFCRELDEFINESBYPROPERTIES('2MouzL_qD0eQsi2fDD__kb',$,$,$,(#6217),#6233);
#6235=IFCPROPERTYSINGLEVALUE('IsExternal',$,IFCBOOLEAN(.T.),$);
#6236=IFCPROPERTYSINGLEVALUE('ThermalTransmittance',$,IFCTHERMALTRANSMITTANCEMEASURE(0.80000000000000004),$);
#6237=IFCPROPERTYSINGLEVALUE('GlazingAreaFraction',$,IFCPOSITIVERATIOMEASURE(0.69999999999999996),$);
#6238=IFCRELFILLSELEMENT('0Jilo0_FzBFPpQwFtk3QS_',$,$,$,#6161,#6217);
#6239=IFCCARTESIANPOINTLIST2D(((0.,0.),(0.,565.),(1800.,565.),(1800.,0.),(0.,0.)));
#6240=IFCINDEXEDPOLYCURVE(#6239,$,.F.);
#6241=IFCDIRECTION((0.,0.,1.));
#6242=IFCARBITRARYCLOSEDPROFILEDEF(.AREA.,$,#6240);
#6243=IFCCARTESIANPOINT((0.,0.,0.));
#6244=IFCDIRECTION((0.,0.,1.));
#6245=IFCDIRECTION((1.,0.,0.));
#6246=IFCAXIS2PLACEMENT3D(#6243,#6244,#6245);
#6247=IFCEXTRUDEDAREASOLID(#6242,#6246,#6241,1600.);
#6248=IFCSHAPEREPRESENTATION(#11,'Body','SweptSolid',(#6247));
#6249=IFCOPENINGELEMENT('0ezGqJ$ZDBUPPcUlPxpQad',$,'Opening for Window N5 L2',$,$,#6261,#6250,$,$);
#6250=IFCPRODUCTDEFINITIONSHAPE($,$,(#6248));
#6256=IFCRELVOIDSELEMENT('3rj4MY7tv2FPQRjJehCBI3',$,$,$,#5873,#6249);
#6257=IFCCARTESIANPOINT((14100.000000000002,-50.000000000000711,899.99999999999943));
#6258=IFCDIRECTION((0.,0.,1.));
#6259=IFCDIRECTION((1.,0.,0.));
#6260=IFCAXIS2PLACEMENT3D(#6257,#6258,#6259);
#6261=IFCLOCALPLACEMENT(#5884,#6260);
#6262=IFCCARTESIANPOINTLIST2D(((0.,0.),(1800.,0.),(1800.,1600.),(0.,1600.)));
#6263=IFCINDEXEDPOLYCURVE(#6262,(IFCLINEINDEX((1,2,3,4,1))),$);
#6264=IFCCARTESIANPOINTLIST2D(((25.,25.),(1775.,25.),(1775.,1575.),(25.,1575.)));
#6265=IFCINDEXEDPOLYCURVE(#6264,(IFCLINEINDEX((1,2,3,4,1))),$);
#6266=IFCARBITRARYPROFILEDEFWITHVOIDS(.AREA.,$,#6263,(#6265));
#6267=IFCCARTESIANPOINT((0.,90.,0.));
#6268=IFCDIRECTION((0.,-1.,0.));
#6269=IFCDIRECTION((1.,0.,0.));
#6270=IFCAXIS2PLACEMENT3D(#6267,#6268,#6269);
#6271=IFCDIRECTION((0.,0.,-1.));
#6272=IFCEXTRUDEDAREASOLID(#6266,#6270,#6271,10.);
#6273=IFCCARTESIANPOINTLIST2D(((0.,0.),(1800.,0.),(1800.,1600.),(0.,1600.)));
#6274=IFCINDEXEDPOLYCURVE(#6273,(IFCLINEINDEX((1,2,3,4,1))),$);
#6275=IFCCARTESIANPOINTLIST2D(((50.,50.),(1750.,50.),(1750.,1550.),(50.,1550.)));
#6276=IFCINDEXEDPOLYCURVE(#6275,(IFCLINEINDEX((1,2,3,4,1))),$);
#6277=IFCARBITRARYPROFILEDEFWITHVOIDS(.AREA.,$,#6274,(#6276));
#6278=IFCCARTESIANPOINT((0.,50.,0.));
#6279=IFCDIRECTION((0.,-1.,0.));
#6280=IFCDIRECTION((1.,0.,0.));
#6281=IFCAXIS2PLACEMENT3D(#6278,#6279,#6280);
#6282=IFCDIRECTION((0.,0.,-1.));
#6283=IFCEXTRUDEDAREASOLID(#6277,#6281,#6282,40.);
#6284=IFCCARTESIANPOINTLIST2D(((0.,0.),(1750.,0.),(1750.,1550.),(0.,1550.)));
#6285=IFCINDEXEDPOLYCURVE(#6284,(IFCLINEINDEX((1,2,3,4,1))),$);
#6286=IFCCARTESIANPOINTLIST2D(((35.,35.),(1715.,35.),(1715.,1515.),(35.,1515.)));
#6287=IFCINDEXEDPOLYCURVE(#6286,(IFCLINEINDEX((1,2,3,4,1))),$);
#6288=IFCARBITRARYPROFILEDEFWITHVOIDS(.AREA.,$,#6285,(#6287));
#6289=IFCCARTESIANPOINT((25.,90.,25.));
#6290=IFCDIRECTION((0.,-1.,0.));
#6291=IFCDIRECTION((1.,0.,0.));
#6292=IFCAXIS2PLACEMENT3D(#6289,#6290,#6291);
#6293=IFCDIRECTION((0.,0.,-1.));
#6294=IFCEXTRUDEDAREASOLID(#6288,#6292,#6293,35.);
#6295=IFCINDEXEDPOLYCURVE(#6296,(IFCLINEINDEX((1,2,3,4,1))),$);
#6296=IFCCARTESIANPOINTLIST2D(((35.,35.),(1715.,35.),(1715.,1515.),(35.,1515.)));
#6297=IFCARBITRARYCLOSEDPROFILEDEF(.AREA.,$,#6295);
#6298=IFCCARTESIANPOINT((25.,102.5,25.));
#6299=IFCDIRECTION((0.,-1.,0.));
#6300=IFCDIRECTION((1.,0.,0.));
#6301=IFCAXIS2PLACEMENT3D(#6298,#6299,#6300);
#6302=IFCDIRECTION((0.,0.,-1.));
#6303=IFCEXTRUDEDAREASOLID(#6297,#6301,#6302,10.);
#6304=IFCSHAPEREPRESENTATION(#11,'Body','SweptSolid',(#6272,#6283,#6294,#6303));
#6305=IFCWINDOW('3ZHcSYrk98dgOCxDE7hgHX',$,'Window N5 L2',$,$,#6316,#6306,$,1600.,1800.,.WINDOW.,$,$);
#6306=IFCPRODUCTDEFINITIONSHAPE($,$,(#6304));
#6312=IFCCARTESIANPOINT((9900.,13837.25,899.99999999999943));
#6313=IFCDIRECTION((0.,0.,1.));
#6314=IFCDIRECTION((-1.,1.2246467991473532E-16,0.));
#6315=IFCAXIS2PLACEMENT3D(#6312,#6313,#6314);
#6316=IFCLOCALPLACEMENT(#5167,#6315);
#6317=IFCMATERIALCONSTITUENTSET('Aluminium window',$,(#6318,#6319));
#6318=IFCMATERIALCONSTITUENT($,$,#1160,0.29999999999999999,$);
#6319=IFCMATERIALCONSTITUENT($,$,#1162,0.69999999999999996,$);
#6320=IFCRELASSOCIATESMATERIAL('1XgUTPArzE8f0wPzvAYd3Y',$,$,$,(#6305),#6317);
#6321=IFCPROPERTYSET('2k2KkoCsP5UvKpbR0Gs5Mv',$,'Pset_WindowCommon',$,(#6323,#6324,#6325));
#6322=IFCRELDEFINESBYPROPERTIES('3Lt962pZLCqeIJSyKhhvd7',$,$,$,(#6305),#6321);
#6323=IFCPROPERTYSINGLEVALUE('IsExternal',$,IFCBOOLEAN(.T.),$);
#6324=IFCPROPERTYSINGLEVALUE('ThermalTransmittance',$,IFCTHERMALTRANSMITTANCEMEASURE(0.80000000000000004),$);
#6325=IFCPROPERTYSINGLEVALUE('GlazingAreaFraction',$,IFCPOSITIVERATIOMEASURE(0.69999999999999996),$);
#6326=IFCRELFILLSELEMENT('1lA5w6x$n3wxX4weWKxm9N',$,$,$,#6249,#6305);
#6327=IFCCARTESIANPOINTLIST2D(((0.,0.),(0.,565.),(1800.,565.),(1800.,0.),(0.,0.)));
#6328=IFCINDEXEDPOLYCURVE(#6327,$,.F.);
#6329=IFCDIRECTION((0.,0.,1.));
#6330=IFCARBITRARYCLOSEDPROFILEDEF(.AREA.,$,#6328);
#6331=IFCCARTESIANPOINT((0.,0.,0.));
#6332=IFCDIRECTION((0.,0.,1.));
#6333=IFCDIRECTION((1.,0.,0.));
#6334=IFCAXIS2PLACEMENT3D(#6331,#6332,#6333);
#6335=IFCEXTRUDEDAREASOLID(#6330,#6334,#6329,1600.);
#6336=IFCSHAPEREPRESENTATION(#11,'Body','SweptSolid',(#6335));
#6337=IFCOPENINGELEMENT('2jgD1YHGn1$gc_3z0t30fN',$,'Opening for Window N6 L2',$,$,#6349,#6338,$,$);
#6338=IFCPRODUCTDEFINITIONSHAPE($,$,(#6336));
#6344=IFCRELVOIDSELEMENT('1q6XXWNEDAHfSN9ofbYKhZ',$,$,$,#5873,#6337);
#6345=IFCCARTESIANPOINT((17100.,-49.999999999998934,899.99999999999943));
#6346=IFCDIRECTION((0.,0.,1.));
#6347=IFCDIRECTION((1.,0.,0.));
#6348=IFCAXIS2PLACEMENT3D(#6345,#6346,#6347);
#6349=IFCLOCALPLACEMENT(#5884,#6348);
#6350=IFCCARTESIANPOINTLIST2D(((0.,0.),(1800.,0.),(1800.,1600.),(0.,1600.)));
#6351=IFCINDEXEDPOLYCURVE(#6350,(IFCLINEINDEX((1,2,3,4,1))),$);
#6352=IFCCARTESIANPOINTLIST2D(((25.,25.),(1775.,25.),(1775.,1575.),(25.,1575.)));
#6353=IFCINDEXEDPOLYCURVE(#6352,(IFCLINEINDEX((1,2,3,4,1))),$);
#6354=IFCARBITRARYPROFILEDEFWITHVOIDS(.AREA.,$,#6351,(#6353));
#6355=IFCCARTESIANPOINT((0.,90.,0.));
#6356=IFCDIRECTION((0.,-1.,0.));
#6357=IFCDIRECTION((1.,0.,0.));
#6358=IFCAXIS2PLACEMENT3D(#6355,#6356,#6357);
#6359=IFCDIRECTION((0.,0.,-1.));
#6360=IFCEXTRUDEDAREASOLID(#6354,#6358,#6359,10.);
#6361=IFCCARTESIANPOINTLIST2D(((0.,0.),(1800.,0.),(1800.,1600.),(0.,1600.)));
#6362=IFCINDEXEDPOLYCURVE(#6361,(IFCLINEINDEX((1,2,3,4,1))),$);
#6363=IFCCARTESIANPOINTLIST2D(((50.,50.),(1750.,50.),(1750.,1550.),(50.,1550.)));
#6364=IFCINDEXEDPOLYCURVE(#6363,(IFCLINEINDEX((1,2,3,4,1))),$);
#6365=IFCARBITRARYPROFILEDEFWITHVOIDS(.AREA.,$,#6362,(#6364));
#6366=IFCCARTESIANPOINT((0.,50.,0.));
#6367=IFCDIRECTION((0.,-1.,0.));
#6368=IFCDIRECTION((1.,0.,0.));
#6369=IFCAXIS2PLACEMENT3D(#6366,#6367,#6368);
#6370=IFCDIRECTION((0.,0.,-1.));
#6371=IFCEXTRUDEDAREASOLID(#6365,#6369,#6370,40.);
#6372=IFCCARTESIANPOINTLIST2D(((0.,0.),(1750.,0.),(1750.,1550.),(0.,1550.)));
#6373=IFCINDEXEDPOLYCURVE(#6372,(IFCLINEINDEX((1,2,3,4,1))),$);
#6374=IFCCARTESIANPOINTLIST2D(((35.,35.),(1715.,35.),(1715.,1515.),(35.,1515.)));
#6375=IFCINDEXEDPOLYCURVE(#6374,(IFCLINEINDEX((1,2,3,4,1))),$);
#6376=IFCARBITRARYPROFILEDEFWITHVOIDS(.AREA.,$,#6373,(#6375));
#6377=IFCCARTESIANPOINT((25.,90.,25.));
#6378=IFCDIRECTION((0.,-1.,0.));
#6379=IFCDIRECTION((1.,0.,0.));
#6380=IFCAXIS2PLACEMENT3D(#6377,#6378,#6379);
#6381=IFCDIRECTION((0.,0.,-1.));
#6382=IFCEXTRUDEDAREASOLID(#6376,#6380,#6381,35.);
#6383=IFCINDEXEDPOLYCURVE(#6384,(IFCLINEINDEX((1,2,3,4,1))),$);
#6384=IFCCARTESIANPOINTLIST2D(((35.,35.),(1715.,35.),(1715.,1515.),(35.,1515.)));
#6385=IFCARBITRARYCLOSEDPROFILEDEF(.AREA.,$,#6383);
#6386=IFCCARTESIANPOINT((25.,102.5,25.));
#6387=IFCDIRECTION((0.,-1.,0.));
#6388=IFCDIRECTION((1.,0.,0.));
#6389=IFCAXIS2PLACEMENT3D(#6386,#6387,#6388);
#6390=IFCDIRECTION((0.,0.,-1.));
#6391=IFCEXTRUDEDAREASOLID(#6385,#6389,#6390,10.);
#6392=IFCSHAPEREPRESENTATION(#11,'Body','SweptSolid',(#6360,#6371,#6382,#6391));
#6393=IFCWINDOW('1p0iHnKuf02eq39QxJQFMZ',$,'Window N6 L2',$,$,#6404,#6394,$,1600.,1800.,.WINDOW.,$,$);
#6394=IFCPRODUCTDEFINITIONSHAPE($,$,(#6392));
#6400=IFCCARTESIANPOINT((6899.9999999999982,13837.25,899.99999999999943));
#6401=IFCDIRECTION((0.,0.,1.));
#6402=IFCDIRECTION((-1.,1.2246467991473532E-16,0.));
#6403=IFCAXIS2PLACEMENT3D(#6400,#6401,#6402);
#6404=IFCLOCALPLACEMENT(#5167,#6403);
#6405=IFCMATERIALCONSTITUENTSET('Aluminium window',$,(#6406,#6407));
#6406=IFCMATERIALCONSTITUENT($,$,#1160,0.29999999999999999,$);
#6407=IFCMATERIALCONSTITUENT($,$,#1162,0.69999999999999996,$);
#6408=IFCRELASSOCIATESMATERIAL('0HVYuCUTH6nh27njD6iVma',$,$,$,(#6393),#6405);
#6409=IFCPROPERTYSET('3SuJbdAjH3bBfhycMdGbvu',$,'Pset_WindowCommon',$,(#6411,#6412,#6413));
#6410=IFCRELDEFINESBYPROPERTIES('3rg5kpkLbCUQS$A8G0ee6e',$,$,$,(#6393),#6409);
#6411=IFCPROPERTYSINGLEVALUE('IsExternal',$,IFCBOOLEAN(.T.),$);
#6412=IFCPROPERTYSINGLEVALUE('ThermalTransmittance',$,IFCTHERMALTRANSMITTANCEMEASURE(0.80000000000000004),$);
#6413=IFCPROPERTYSINGLEVALUE('GlazingAreaFraction',$,IFCPOSITIVERATIOMEASURE(0.69999999999999996),$);
#6414=IFCRELFILLSELEMENT('2G8HEQgET9pOwPIL1gKgmG',$,$,$,#6337,#6393);
#6415=IFCCARTESIANPOINTLIST2D(((0.,0.),(0.,565.),(1800.,565.),(1800.,0.),(0.,0.)));
#6416=IFCINDEXEDPOLYCURVE(#6415,$,.F.);
#6417=IFCDIRECTION((0.,0.,1.));
#6418=IFCARBITRARYCLOSEDPROFILEDEF(.AREA.,$,#6416);
#6419=IFCCARTESIANPOINT((0.,0.,0.));
#6420=IFCDIRECTION((0.,0.,1.));
#6421=IFCDIRECTION((1.,0.,0.));
#6422=IFCAXIS2PLACEMENT3D(#6419,#6420,#6421);
#6423=IFCEXTRUDEDAREASOLID(#6418,#6422,#6417,1600.);
#6424=IFCSHAPEREPRESENTATION(#11,'Body','SweptSolid',(#6423));
#6425=IFCOPENINGELEMENT('2hY7$kuwPEWvrEbLwPlbTk',$,'Opening for Window N7 L2',$,$,#6437,#6426,$,$);
#6426=IFCPRODUCTDEFINITIONSHAPE($,$,(#6424));
#6432=IFCRELVOIDSELEMENT('0Pbs777yDFCADeLz4YTpzs',$,$,$,#5873,#6425);
#6433=IFCCARTESIANPOINT((20100.,-49.999999999998934,899.99999999999943));
#6434=IFCDIRECTION((0.,0.,1.));
#6435=IFCDIRECTION((1.,0.,0.));
#6436=IFCAXIS2PLACEMENT3D(#6433,#6434,#6435);
#6437=IFCLOCALPLACEMENT(#5884,#6436);
#6438=IFCCARTESIANPOINTLIST2D(((0.,0.),(1800.,0.),(1800.,1600.),(0.,1600.)));
#6439=IFCINDEXEDPOLYCURVE(#6438,(IFCLINEINDEX((1,2,3,4,1))),$);
#6440=IFCCARTESIANPOINTLIST2D(((25.,25.),(1775.,25.),(1775.,1575.),(25.,1575.)));
#6441=IFCINDEXEDPOLYCURVE(#6440,(IFCLINEINDEX((1,2,3,4,1))),$);
#6442=IFCARBITRARYPROFILEDEFWITHVOIDS(.AREA.,$,#6439,(#6441));
#6443=IFCCARTESIANPOINT((0.,90.,0.));
#6444=IFCDIRECTION((0.,-1.,0.));
#6445=IFCDIRECTION((1.,0.,0.));
#6446=IFCAXIS2PLACEMENT3D(#6443,#6444,#6445);
#6447=IFCDIRECTION((0.,0.,-1.));
#6448=IFCEXTRUDEDAREASOLID(#6442,#6446,#6447,10.);
#6449=IFCCARTESIANPOINTLIST2D(((0.,0.),(1800.,0.),(1800.,1600.),(0.,1600.)));
#6450=IFCINDEXEDPOLYCURVE(#6449,(IFCLINEINDEX((1,2,3,4,1))),$);
#6451=IFCCARTESIANPOINTLIST2D(((50.,50.),(1750.,50.),(1750.,1550.),(50.,1550.)));
#6452=IFCINDEXEDPOLYCURVE(#6451,(IFCLINEINDEX((1,2,3,4,1))),$);
#6453=IFCARBITRARYPROFILEDEFWITHVOIDS(.AREA.,$,#6450,(#6452));
#6454=IFCCARTESIANPOINT((0.,50.,0.));
#6455=IFCDIRECTION((0.,-1.,0.));
#6456=IFCDIRECTION((1.,0.,0.));
#6457=IFCAXIS2PLACEMENT3D(#6454,#6455,#6456);
#6458=IFCDIRECTION((0.,0.,-1.));
#6459=IFCEXTRUDEDAREASOLID(#6453,#6457,#6458,40.);
#6460=IFCCARTESIANPOINTLIST2D(((0.,0.),(1750.,0.),(1750.,1550.),(0.,1550.)));
#6461=IFCINDEXEDPOLYCURVE(#6460,(IFCLINEINDEX((1,2,3,4,1))),$);
#6462=IFCCARTESIANPOINTLIST2D(((35.,35.),(1715.,35.),(1715.,1515.),(35.,1515.)));
#6463=IFCINDEXEDPOLYCURVE(#6462,(IFCLINEINDEX((1,2,3,4,1))),$);
#6464=IFCARBITRARYPROFILEDEFWITHVOIDS(.AREA.,$,#6461,(#6463));
#6465=IFCCARTESIANPOINT((25.,90.,25.));
#6466=IFCDIRECTION((0.,-1.,0.));
#6467=IFCDIRECTION((1.,0.,0.));
#6468=IFCAXIS2PLACEMENT3D(#6465,#6466,#6467);
#6469=IFCDIRECTION((0.,0.,-1.));
#6470=IFCEXTRUDEDAREASOLID(#6464,#6468,#6469,35.);
#6471=IFCINDEXEDPOLYCURVE(#6472,(IFCLINEINDEX((1,2,3,4,1))),$);
#6472=IFCCARTESIANPOINTLIST2D(((35.,35.),(1715.,35.),(1715.,1515.),(35.,1515.)));
#6473=IFCARBITRARYCLOSEDPROFILEDEF(.AREA.,$,#6471);
#6474=IFCCARTESIANPOINT((25.,102.5,25.));
#6475=IFCDIRECTION((0.,-1.,0.));
#6476=IFCDIRECTION((1.,0.,0.));
#6477=IFCAXIS2PLACEMENT3D(#6474,#6475,#6476);
#6478=IFCDIRECTION((0.,0.,-1.));
#6479=IFCEXTRUDEDAREASOLID(#6473,#6477,#6478,10.);
#6480=IFCSHAPEREPRESENTATION(#11,'Body','SweptSolid',(#6448,#6459,#6470,#6479));
#6481=IFCWINDOW('0JWis1ge98tvbuaUa20BoW',$,'Window N7 L2',$,$,#6492,#6482,$,1600.,1800.,.WINDOW.,$,$);
#6482=IFCPRODUCTDEFINITIONSHAPE($,$,(#6480));
#6488=IFCCARTESIANPOINT((3899.9999999999986,13837.25,899.99999999999943));
#6489=IFCDIRECTION((0.,0.,1.));
#6490=IFCDIRECTION((-1.,1.2246467991473532E-16,0.));
#6491=IFCAXIS2PLACEMENT3D(#6488,#6489,#6490);
#6492=IFCLOCALPLACEMENT(#5167,#6491);
#6493=IFCMATERIALCONSTITUENTSET('Aluminium window',$,(#6494,#6495));
#6494=IFCMATERIALCONSTITUENT($,$,#1160,0.29999999999999999,$);
#6495=IFCMATERIALCONSTITUENT($,$,#1162,0.69999999999999996,$);
#6496=IFCRELASSOCIATESMATERIAL('3JmJOW0j18UAeF2A9i6jru',$,$,$,(#6481),#6493);
#6497=IFCPROPERTYSET('3Ba8G4dwb3Uf4Ug0AeWiiH',$,'Pset_WindowCommon',$,(#6499,#6500,#6501));
#6498=IFCRELDEFINESBYPROPERTIES('0IfFDGpaD9ORJJLfdL6UXF',$,$,$,(#6481),#6497);
#6499=IFCPROPERTYSINGLEVALUE('IsExternal',$,IFCBOOLEAN(.T.),$);
#6500=IFCPROPERTYSINGLEVALUE('ThermalTransmittance',$,IFCTHERMALTRANSMITTANCEMEASURE(0.80000000000000004),$);
#6501=IFCPROPERTYSINGLEVALUE('GlazingAreaFraction',$,IFCPOSITIVERATIOMEASURE(0.69999999999999996),$);
#6502=IFCRELFILLSELEMENT('2G8$ltjgn4qf7bZgZ8b8aw',$,$,$,#6425,#6481);
#6503=IFCELEMENTQUANTITY('3IzL4oPrnC0gtVFleP8a40',$,'Qto_WallBaseQuantities',$,'BaseQuantities',(#6505,#6506,#6507,#6508,#6509,#6510));
#6504=IFCRELDEFINESBYPROPERTIES('17y88ftDf76uJVXQ$Vd4QL',$,$,$,(#5873),#6503);
#6505=IFCQUANTITYLENGTH('Length',$,$,24000.,$);
#6506=IFCQUANTITYLENGTH('Height',$,$,3550.,$);
#6507=IFCQUANTITYLENGTH('Width',$,$,465.,$);
#6508=IFCQUANTITYVOLUME('GrossVolume',$,$,39.617999999999995,$);
#6509=IFCQUANTITYVOLUME('NetVolume',$,$,30.243599999999997,$);
#6510=IFCQUANTITYAREA('NetSideArea',$,$,65.039999999999992,$);
#6511=IFCPROPERTYSET('3QJnmL9J9AE9WRdTZH7HDF',$,'Pset_WallCommon',$,(#6513,#6514,#6515,#6516));
#6512=IFCRELDEFINESBYPROPERTIES('1_oA93CoP2H8tDIxZRvvRk',$,$,$,(#5873),#6511);
#6513=IFCPROPERTYSINGLEVALUE('IsExternal',$,IFCBOOLEAN(.T.),$);
#6514=IFCPROPERTYSINGLEVALUE('LoadBearing',$,IFCBOOLEAN(.T.),$);
#6515=IFCPROPERTYSINGLEVALUE('FireRating',$,IFCLABEL('REI 60'),$);
#6516=IFCPROPERTYSINGLEVALUE('ThermalTransmittance',$,IFCTHERMALTRANSMITTANCEMEASURE(0.20999999999999999),$);
#6517=IFCCARTESIANPOINTLIST2D(((0.,0.),(0.,465.),(14000.,465.),(14000.,0.),(0.,0.)));
#6518=IFCINDEXEDPOLYCURVE(#6517,$,.F.);
#6519=IFCDIRECTION((0.,0.,1.));
#6520=IFCARBITRARYCLOSEDPROFILEDEF(.AREA.,$,#6518);
#6521=IFCCARTESIANPOINT((0.,0.,0.));
#6522=IFCDIRECTION((0.,0.,1.));
#6523=IFCDIRECTION((1.,0.,0.));
#6524=IFCAXIS2PLACEMENT3D(#6521,#6522,#6523);
#6525=IFCEXTRUDEDAREASOLID(#6520,#6524,#6519,3549.9999999999995);
#6526=IFCSHAPEREPRESENTATION(#11,'Body','SweptSolid',(#6525));
#6527=IFCWALL('3D2ok8dHv7SQWudgnElnRB',$,'West wall L2',$,$,#6538,#6528,$,$);
#6528=IFCPRODUCTDEFINITIONSHAPE($,$,(#6526));
#6534=IFCCARTESIANPOINT((0.,14000.,0.));
#6535=IFCDIRECTION((0.,0.,1.));
#6536=IFCDIRECTION((-1.8369701987210297E-16,-1.,0.));
#6537=IFCAXIS2PLACEMENT3D(#6534,#6535,#6536);
#6538=IFCLOCALPLACEMENT(#5167,#6537);
#6539=IFCMATERIALLAYERSETUSAGE(#952,.AXIS2.,.POSITIVE.,0.,$);
#6540=IFCRELASSOCIATESMATERIAL('1swuumo8r1ZwBkgotHKiEc',$,$,$,(#6527),#6539);
#6541=IFCCARTESIANPOINTLIST2D(((0.,0.),(0.,565.),(1800.,565.),(1800.,0.),(0.,0.)));
#6542=IFCINDEXEDPOLYCURVE(#6541,$,.F.);
#6543=IFCDIRECTION((0.,0.,1.));
#6544=IFCARBITRARYCLOSEDPROFILEDEF(.AREA.,$,#6542);
#6545=IFCCARTESIANPOINT((0.,0.,0.));
#6546=IFCDIRECTION((0.,0.,1.));
#6547=IFCDIRECTION((1.,0.,0.));
#6548=IFCAXIS2PLACEMENT3D(#6545,#6546,#6547);
#6549=IFCEXTRUDEDAREASOLID(#6544,#6548,#6543,1600.);
#6550=IFCSHAPEREPRESENTATION(#11,'Body','SweptSolid',(#6549));
#6551=IFCOPENINGELEMENT('2y8AfV2f5A5ejAbNsFjYvB',$,'Opening for Window W1 L2',$,$,#6563,#6552,$,$);
#6552=IFCPRODUCTDEFINITIONSHAPE($,$,(#6550));
#6558=IFCRELVOIDSELEMENT('3vJ$ri1PL1BALafsllW4ep',$,$,$,#6527,#6551);
#6559=IFCCARTESIANPOINT((2099.9999999999995,-50.,899.99999999999943));
#6560=IFCDIRECTION((0.,0.,1.));
#6561=IFCDIRECTION((1.,0.,0.));
#6562=IFCAXIS2PLACEMENT3D(#6559,#6560,#6561);
#6563=IFCLOCALPLACEMENT(#6538,#6562);
#6564=IFCCARTESIANPOINTLIST2D(((0.,0.),(1800.,0.),(1800.,1600.),(0.,1600.)));
#6565=IFCINDEXEDPOLYCURVE(#6564,(IFCLINEINDEX((1,2,3,4,1))),$);
#6566=IFCCARTESIANPOINTLIST2D(((25.,25.),(1775.,25.),(1775.,1575.),(25.,1575.)));
#6567=IFCINDEXEDPOLYCURVE(#6566,(IFCLINEINDEX((1,2,3,4,1))),$);
#6568=IFCARBITRARYPROFILEDEFWITHVOIDS(.AREA.,$,#6565,(#6567));
#6569=IFCCARTESIANPOINT((0.,90.,0.));
#6570=IFCDIRECTION((0.,-1.,0.));
#6571=IFCDIRECTION((1.,0.,0.));
#6572=IFCAXIS2PLACEMENT3D(#6569,#6570,#6571);
#6573=IFCDIRECTION((0.,0.,-1.));
#6574=IFCEXTRUDEDAREASOLID(#6568,#6572,#6573,10.);
#6575=IFCCARTESIANPOINTLIST2D(((0.,0.),(1800.,0.),(1800.,1600.),(0.,1600.)));
#6576=IFCINDEXEDPOLYCURVE(#6575,(IFCLINEINDEX((1,2,3,4,1))),$);
#6577=IFCCARTESIANPOINTLIST2D(((50.,50.),(1750.,50.),(1750.,1550.),(50.,1550.)));
#6578=IFCINDEXEDPOLYCURVE(#6577,(IFCLINEINDEX((1,2,3,4,1))),$);
#6579=IFCARBITRARYPROFILEDEFWITHVOIDS(.AREA.,$,#6576,(#6578));
#6580=IFCCARTESIANPOINT((0.,50.,0.));
#6581=IFCDIRECTION((0.,-1.,0.));
#6582=IFCDIRECTION((1.,0.,0.));
#6583=IFCAXIS2PLACEMENT3D(#6580,#6581,#6582);
#6584=IFCDIRECTION((0.,0.,-1.));
#6585=IFCEXTRUDEDAREASOLID(#6579,#6583,#6584,40.);
#6586=IFCCARTESIANPOINTLIST2D(((0.,0.),(1750.,0.),(1750.,1550.),(0.,1550.)));
#6587=IFCINDEXEDPOLYCURVE(#6586,(IFCLINEINDEX((1,2,3,4,1))),$);
#6588=IFCCARTESIANPOINTLIST2D(((35.,35.),(1715.,35.),(1715.,1515.),(35.,1515.)));
#6589=IFCINDEXEDPOLYCURVE(#6588,(IFCLINEINDEX((1,2,3,4,1))),$);
#6590=IFCARBITRARYPROFILEDEFWITHVOIDS(.AREA.,$,#6587,(#6589));
#6591=IFCCARTESIANPOINT((25.,90.,25.));
#6592=IFCDIRECTION((0.,-1.,0.));
#6593=IFCDIRECTION((1.,0.,0.));
#6594=IFCAXIS2PLACEMENT3D(#6591,#6592,#6593);
#6595=IFCDIRECTION((0.,0.,-1.));
#6596=IFCEXTRUDEDAREASOLID(#6590,#6594,#6595,35.);
#6597=IFCINDEXEDPOLYCURVE(#6598,(IFCLINEINDEX((1,2,3,4,1))),$);
#6598=IFCCARTESIANPOINTLIST2D(((35.,35.),(1715.,35.),(1715.,1515.),(35.,1515.)));
#6599=IFCARBITRARYCLOSEDPROFILEDEF(.AREA.,$,#6597);
#6600=IFCCARTESIANPOINT((25.,102.5,25.));
#6601=IFCDIRECTION((0.,-1.,0.));
#6602=IFCDIRECTION((1.,0.,0.));
#6603=IFCAXIS2PLACEMENT3D(#6600,#6601,#6602);
#6604=IFCDIRECTION((0.,0.,-1.));
#6605=IFCEXTRUDEDAREASOLID(#6599,#6603,#6604,10.);
#6606=IFCSHAPEREPRESENTATION(#11,'Body','SweptSolid',(#6574,#6585,#6596,#6605));
#6607=IFCWINDOW('0qIBlIzKf6ZAEHwWNT6ovV',$,'Window W1 L2',$,$,#6618,#6608,$,1600.,1800.,.WINDOW.,$,$);
#6608=IFCPRODUCTDEFINITIONSHAPE($,$,(#6606));
#6614=IFCCARTESIANPOINT((162.7499999999996,11900.,899.99999999999943));
#6615=IFCDIRECTION((0.,0.,1.));
#6616=IFCDIRECTION((-1.8369701987210297E-16,-1.,0.));
#6617=IFCAXIS2PLACEMENT3D(#6614,#6615,#6616);
#6618=IFCLOCALPLACEMENT(#5167,#6617);
#6619=IFCMATERIALCONSTITUENTSET('Aluminium window',$,(#6620,#6621));
#6620=IFCMATERIALCONSTITUENT($,$,#1160,0.29999999999999999,$);
#6621=IFCMATERIALCONSTITUENT($,$,#1162,0.69999999999999996,$);
#6622=IFCRELASSOCIATESMATERIAL('378WMtTbrFCP1gg5LDWL7x',$,$,$,(#6607),#6619);
#6623=IFCPROPERTYSET('3ocLK8h0L0S9assxFDViI2',$,'Pset_WindowCommon',$,(#6625,#6626,#6627));
#6624=IFCRELDEFINESBYPROPERTIES('15K8AyS3rDjOxDpxZ3mEA_',$,$,$,(#6607),#6623);
#6625=IFCPROPERTYSINGLEVALUE('IsExternal',$,IFCBOOLEAN(.T.),$);
#6626=IFCPROPERTYSINGLEVALUE('ThermalTransmittance',$,IFCTHERMALTRANSMITTANCEMEASURE(0.80000000000000004),$);
#6627=IFCPROPERTYSINGLEVALUE('GlazingAreaFraction',$,IFCPOSITIVERATIOMEASURE(0.69999999999999996),$);
#6628=IFCRELFILLSELEMENT('2eTwQmQD5BtvMzCCRCoyNg',$,$,$,#6551,#6607);
#6629=IFCCARTESIANPOINTLIST2D(((0.,0.),(0.,565.),(1800.,565.),(1800.,0.),(0.,0.)));
#6630=IFCINDEXEDPOLYCURVE(#6629,$,.F.);
#6631=IFCDIRECTION((0.,0.,1.));
#6632=IFCARBITRARYCLOSEDPROFILEDEF(.AREA.,$,#6630);
#6633=IFCCARTESIANPOINT((0.,0.,0.));
#6634=IFCDIRECTION((0.,0.,1.));
#6635=IFCDIRECTION((1.,0.,0.));
#6636=IFCAXIS2PLACEMENT3D(#6633,#6634,#6635);
#6637=IFCEXTRUDEDAREASOLID(#6632,#6636,#6631,1600.);
#6638=IFCSHAPEREPRESENTATION(#11,'Body','SweptSolid',(#6637));
#6639=IFCOPENINGELEMENT('38zA$28ZbEYxSddOwMj9I_',$,'Opening for Window W2 L2',$,$,#6651,#6640,$,$);
#6640=IFCPRODUCTDEFINITIONSHAPE($,$,(#6638));
#6646=IFCRELVOIDSELEMENT('100$oAi_LBVvtdAoVRjo_B',$,$,$,#6527,#6639);
#6647=IFCCARTESIANPOINT((5099.9999999999991,-50.,899.99999999999943));
#6648=IFCDIRECTION((0.,0.,1.));
#6649=IFCDIRECTION((1.,0.,0.));
#6650=IFCAXIS2PLACEMENT3D(#6647,#6648,#6649);
#6651=IFCLOCALPLACEMENT(#6538,#6650);
#6652=IFCCARTESIANPOINTLIST2D(((0.,0.),(1800.,0.),(1800.,1600.),(0.,1600.)));
#6653=IFCINDEXEDPOLYCURVE(#6652,(IFCLINEINDEX((1,2,3,4,1))),$);
#6654=IFCCARTESIANPOINTLIST2D(((25.,25.),(1775.,25.),(1775.,1575.),(25.,1575.)));
#6655=IFCINDEXEDPOLYCURVE(#6654,(IFCLINEINDEX((1,2,3,4,1))),$);
#6656=IFCARBITRARYPROFILEDEFWITHVOIDS(.AREA.,$,#6653,(#6655));
#6657=IFCCARTESIANPOINT((0.,90.,0.));
#6658=IFCDIRECTION((0.,-1.,0.));
#6659=IFCDIRECTION((1.,0.,0.));
#6660=IFCAXIS2PLACEMENT3D(#6657,#6658,#6659);
#6661=IFCDIRECTION((0.,0.,-1.));
#6662=IFCEXTRUDEDAREASOLID(#6656,#6660,#6661,10.);
#6663=IFCCARTESIANPOINTLIST2D(((0.,0.),(1800.,0.),(1800.,1600.),(0.,1600.)));
#6664=IFCINDEXEDPOLYCURVE(#6663,(IFCLINEINDEX((1,2,3,4,1))),$);
#6665=IFCCARTESIANPOINTLIST2D(((50.,50.),(1750.,50.),(1750.,1550.),(50.,1550.)));
#6666=IFCINDEXEDPOLYCURVE(#6665,(IFCLINEINDEX((1,2,3,4,1))),$);
#6667=IFCARBITRARYPROFILEDEFWITHVOIDS(.AREA.,$,#6664,(#6666));
#6668=IFCCARTESIANPOINT((0.,50.,0.));
#6669=IFCDIRECTION((0.,-1.,0.));
#6670=IFCDIRECTION((1.,0.,0.));
#6671=IFCAXIS2PLACEMENT3D(#6668,#6669,#6670);
#6672=IFCDIRECTION((0.,0.,-1.));
#6673=IFCEXTRUDEDAREASOLID(#6667,#6671,#6672,40.);
#6674=IFCCARTESIANPOINTLIST2D(((0.,0.),(1750.,0.),(1750.,1550.),(0.,1550.)));
#6675=IFCINDEXEDPOLYCURVE(#6674,(IFCLINEINDEX((1,2,3,4,1))),$);
#6676=IFCCARTESIANPOINTLIST2D(((35.,35.),(1715.,35.),(1715.,1515.),(35.,1515.)));
#6677=IFCINDEXEDPOLYCURVE(#6676,(IFCLINEINDEX((1,2,3,4,1))),$);
#6678=IFCARBITRARYPROFILEDEFWITHVOIDS(.AREA.,$,#6675,(#6677));
#6679=IFCCARTESIANPOINT((25.,90.,25.));
#6680=IFCDIRECTION((0.,-1.,0.));
#6681=IFCDIRECTION((1.,0.,0.));
#6682=IFCAXIS2PLACEMENT3D(#6679,#6680,#6681);
#6683=IFCDIRECTION((0.,0.,-1.));
#6684=IFCEXTRUDEDAREASOLID(#6678,#6682,#6683,35.);
#6685=IFCINDEXEDPOLYCURVE(#6686,(IFCLINEINDEX((1,2,3,4,1))),$);
#6686=IFCCARTESIANPOINTLIST2D(((35.,35.),(1715.,35.),(1715.,1515.),(35.,1515.)));
#6687=IFCARBITRARYCLOSEDPROFILEDEF(.AREA.,$,#6685);
#6688=IFCCARTESIANPOINT((25.,102.5,25.));
#6689=IFCDIRECTION((0.,-1.,0.));
#6690=IFCDIRECTION((1.,0.,0.));
#6691=IFCAXIS2PLACEMENT3D(#6688,#6689,#6690);
#6692=IFCDIRECTION((0.,0.,-1.));
#6693=IFCEXTRUDEDAREASOLID(#6687,#6691,#6692,10.);
#6694=IFCSHAPEREPRESENTATION(#11,'Body','SweptSolid',(#6662,#6673,#6684,#6693));
#6695=IFCWINDOW('3dnTtn5aj96hghElEMhqba',$,'Window W2 L2',$,$,#6706,#6696,$,1600.,1800.,.WINDOW.,$,$);
#6696=IFCPRODUCTDEFINITIONSHAPE($,$,(#6694));
#6702=IFCCARTESIANPOINT((162.74999999999906,8900.,899.99999999999943));
#6703=IFCDIRECTION((0.,0.,1.));
#6704=IFCDIRECTION((-1.8369701987210297E-16,-1.,0.));
#6705=IFCAXIS2PLACEMENT3D(#6702,#6703,#6704);
#6706=IFCLOCALPLACEMENT(#5167,#6705);
#6707=IFCMATERIALCONSTITUENTSET('Aluminium window',$,(#6708,#6709));
#6708=IFCMATERIALCONSTITUENT($,$,#1160,0.29999999999999999,$);
#6709=IFCMATERIALCONSTITUENT($,$,#1162,0.69999999999999996,$);
#6710=IFCRELASSOCIATESMATERIAL('0eYy63xGX5Ig27WfPFUVrS',$,$,$,(#6695),#6707);
#6711=IFCPROPERTYSET('1t_lxKpBf428wVh3BIqKSz',$,'Pset_WindowCommon',$,(#6713,#6714,#6715));
#6712=IFCRELDEFINESBYPROPERTIES('3dFuSFprn9kxL53rK_naf$',$,$,$,(#6695),#6711);
#6713=IFCPROPERTYSINGLEVALUE('IsExternal',$,IFCBOOLEAN(.T.),$);
#6714=IFCPROPERTYSINGLEVALUE('ThermalTransmittance',$,IFCTHERMALTRANSMITTANCEMEASURE(0.80000000000000004),$);
#6715=IFCPROPERTYSINGLEVALUE('GlazingAreaFraction',$,IFCPOSITIVERATIOMEASURE(0.69999999999999996),$);
#6716=IFCRELFILLSELEMENT('0Zp2ctobD0ouVO2lycdEY2',$,$,$,#6639,#6695);
#6717=IFCCARTESIANPOINTLIST2D(((0.,0.),(0.,565.),(1800.,565.),(1800.,0.),(0.,0.)));
#6718=IFCINDEXEDPOLYCURVE(#6717,$,.F.);
#6719=IFCDIRECTION((0.,0.,1.));
#6720=IFCARBITRARYCLOSEDPROFILEDEF(.AREA.,$,#6718);
#6721=IFCCARTESIANPOINT((0.,0.,0.));
#6722=IFCDIRECTION((0.,0.,1.));
#6723=IFCDIRECTION((1.,0.,0.));
#6724=IFCAXIS2PLACEMENT3D(#6721,#6722,#6723);
#6725=IFCEXTRUDEDAREASOLID(#6720,#6724,#6719,1600.);
#6726=IFCSHAPEREPRESENTATION(#11,'Body','SweptSolid',(#6725));
#6727=IFCOPENINGELEMENT('20$8DBQ3vCovTTNoS1Furn',$,'Opening for Window W3 L2',$,$,#6739,#6728,$,$);
#6728=IFCPRODUCTDEFINITIONSHAPE($,$,(#6726));
#6734=IFCRELVOIDSELEMENT('1mqIQUvxjDZ8z_j46Jos11',$,$,$,#6527,#6727);
#6735=IFCCARTESIANPOINT((8099.9999999999991,-49.999999999999993,899.99999999999943));
#6736=IFCDIRECTION((0.,0.,1.));
#6737=IFCDIRECTION((1.,0.,0.));
#6738=IFCAXIS2PLACEMENT3D(#6735,#6736,#6737);
#6739=IFCLOCALPLACEMENT(#6538,#6738);
#6740=IFCCARTESIANPOINTLIST2D(((0.,0.),(1800.,0.),(1800.,1600.),(0.,1600.)));
#6741=IFCINDEXEDPOLYCURVE(#6740,(IFCLINEINDEX((1,2,3,4,1))),$);
#6742=IFCCARTESIANPOINTLIST2D(((25.,25.),(1775.,25.),(1775.,1575.),(25.,1575.)));
#6743=IFCINDEXEDPOLYCURVE(#6742,(IFCLINEINDEX((1,2,3,4,1))),$);
#6744=IFCARBITRARYPROFILEDEFWITHVOIDS(.AREA.,$,#6741,(#6743));
#6745=IFCCARTESIANPOINT((0.,90.,0.));
#6746=IFCDIRECTION((0.,-1.,0.));
#6747=IFCDIRECTION((1.,0.,0.));
#6748=IFCAXIS2PLACEMENT3D(#6745,#6746,#6747);
#6749=IFCDIRECTION((0.,0.,-1.));
#6750=IFCEXTRUDEDAREASOLID(#6744,#6748,#6749,10.);
#6751=IFCCARTESIANPOINTLIST2D(((0.,0.),(1800.,0.),(1800.,1600.),(0.,1600.)));
#6752=IFCINDEXEDPOLYCURVE(#6751,(IFCLINEINDEX((1,2,3,4,1))),$);
#6753=IFCCARTESIANPOINTLIST2D(((50.,50.),(1750.,50.),(1750.,1550.),(50.,1550.)));
#6754=IFCINDEXEDPOLYCURVE(#6753,(IFCLINEINDEX((1,2,3,4,1))),$);
#6755=IFCARBITRARYPROFILEDEFWITHVOIDS(.AREA.,$,#6752,(#6754));
#6756=IFCCARTESIANPOINT((0.,50.,0.));
#6757=IFCDIRECTION((0.,-1.,0.));
#6758=IFCDIRECTION((1.,0.,0.));
#6759=IFCAXIS2PLACEMENT3D(#6756,#6757,#6758);
#6760=IFCDIRECTION((0.,0.,-1.));
#6761=IFCEXTRUDEDAREASOLID(#6755,#6759,#6760,40.);
#6762=IFCCARTESIANPOINTLIST2D(((0.,0.),(1750.,0.),(1750.,1550.),(0.,1550.)));
#6763=IFCINDEXEDPOLYCURVE(#6762,(IFCLINEINDEX((1,2,3,4,1))),$);
#6764=IFCCARTESIANPOINTLIST2D(((35.,35.),(1715.,35.),(1715.,1515.),(35.,1515.)));
#6765=IFCINDEXEDPOLYCURVE(#6764,(IFCLINEINDEX((1,2,3,4,1))),$);
#6766=IFCARBITRARYPROFILEDEFWITHVOIDS(.AREA.,$,#6763,(#6765));
#6767=IFCCARTESIANPOINT((25.,90.,25.));
#6768=IFCDIRECTION((0.,-1.,0.));
#6769=IFCDIRECTION((1.,0.,0.));
#6770=IFCAXIS2PLACEMENT3D(#6767,#6768,#6769);
#6771=IFCDIRECTION((0.,0.,-1.));
#6772=IFCEXTRUDEDAREASOLID(#6766,#6770,#6771,35.);
#6773=IFCINDEXEDPOLYCURVE(#6774,(IFCLINEINDEX((1,2,3,4,1))),$);
#6774=IFCCARTESIANPOINTLIST2D(((35.,35.),(1715.,35.),(1715.,1515.),(35.,1515.)));
#6775=IFCARBITRARYCLOSEDPROFILEDEF(.AREA.,$,#6773);
#6776=IFCCARTESIANPOINT((25.,102.5,25.));
#6777=IFCDIRECTION((0.,-1.,0.));
#6778=IFCDIRECTION((1.,0.,0.));
#6779=IFCAXIS2PLACEMENT3D(#6776,#6777,#6778);
#6780=IFCDIRECTION((0.,0.,-1.));
#6781=IFCEXTRUDEDAREASOLID(#6775,#6779,#6780,10.);
#6782=IFCSHAPEREPRESENTATION(#11,'Body','SweptSolid',(#6750,#6761,#6772,#6781));
#6783=IFCWINDOW('1_SUSoA_fDRfSCqEpMJsKA',$,'Window W3 L2',$,$,#6794,#6784,$,1600.,1800.,.WINDOW.,$,$);
#6784=IFCPRODUCTDEFINITIONSHAPE($,$,(#6782));
#6790=IFCCARTESIANPOINT((162.74999999999849,5900.,899.99999999999943));
#6791=IFCDIRECTION((0.,0.,1.));
#6792=IFCDIRECTION((-1.8369701987210297E-16,-1.,0.));
#6793=IFCAXIS2PLACEMENT3D(#6790,#6791,#6792);
#6794=IFCLOCALPLACEMENT(#5167,#6793);
#6795=IFCMATERIALCONSTITUENTSET('Aluminium window',$,(#6796,#6797));
#6796=IFCMATERIALCONSTITUENT($,$,#1160,0.29999999999999999,$);
#6797=IFCMATERIALCONSTITUENT($,$,#1162,0.69999999999999996,$);
#6798=IFCRELASSOCIATESMATERIAL('2AQjDhfsTBoRSfhAb3kEhf',$,$,$,(#6783),#6795);
#6799=IFCPROPERTYSET('2OwX1Zw114OhJ0mJJx5o4l',$,'Pset_WindowCommon',$,(#6801,#6802,#6803));
#6800=IFCRELDEFINESBYPROPERTIES('2nv2gq3IXCvvJbxvUPMwzp',$,$,$,(#6783),#6799);
#6801=IFCPROPERTYSINGLEVALUE('IsExternal',$,IFCBOOLEAN(.T.),$);
#6802=IFCPROPERTYSINGLEVALUE('ThermalTransmittance',$,IFCTHERMALTRANSMITTANCEMEASURE(0.80000000000000004),$);
#6803=IFCPROPERTYSINGLEVALUE('GlazingAreaFraction',$,IFCPOSITIVERATIOMEASURE(0.69999999999999996),$);
#6804=IFCRELFILLSELEMENT('3vcqFJDvHEOAabeZ_eg$B3',$,$,$,#6727,#6783);
#6805=IFCCARTESIANPOINTLIST2D(((0.,0.),(0.,565.),(1800.,565.),(1800.,0.),(0.,0.)));
#6806=IFCINDEXEDPOLYCURVE(#6805,$,.F.);
#6807=IFCDIRECTION((0.,0.,1.));
#6808=IFCARBITRARYCLOSEDPROFILEDEF(.AREA.,$,#6806);
#6809=IFCCARTESIANPOINT((0.,0.,0.));
#6810=IFCDIRECTION((0.,0.,1.));
#6811=IFCDIRECTION((1.,0.,0.));
#6812=IFCAXIS2PLACEMENT3D(#6809,#6810,#6811);
#6813=IFCEXTRUDEDAREASOLID(#6808,#6812,#6807,1600.);
#6814=IFCSHAPEREPRESENTATION(#11,'Body','SweptSolid',(#6813));
#6815=IFCOPENINGELEMENT('23U8nAv6XFyQHGN5S4oUfL',$,'Opening for Window W4 L2',$,$,#6827,#6816,$,$);
#6816=IFCPRODUCTDEFINITIONSHAPE($,$,(#6814));
#6822=IFCRELVOIDSELEMENT('2fcu$V1YbAeAWHnvSmTt3u',$,$,$,#6527,#6815);
#6823=IFCCARTESIANPOINT((11100.,-50.,899.99999999999943));
#6824=IFCDIRECTION((0.,0.,1.));
#6825=IFCDIRECTION((1.,0.,0.));
#6826=IFCAXIS2PLACEMENT3D(#6823,#6824,#6825);
#6827=IFCLOCALPLACEMENT(#6538,#6826);
#6828=IFCCARTESIANPOINTLIST2D(((0.,0.),(1800.,0.),(1800.,1600.),(0.,1600.)));
#6829=IFCINDEXEDPOLYCURVE(#6828,(IFCLINEINDEX((1,2,3,4,1))),$);
#6830=IFCCARTESIANPOINTLIST2D(((25.,25.),(1775.,25.),(1775.,1575.),(25.,1575.)));
#6831=IFCINDEXEDPOLYCURVE(#6830,(IFCLINEINDEX((1,2,3,4,1))),$);
#6832=IFCARBITRARYPROFILEDEFWITHVOIDS(.AREA.,$,#6829,(#6831));
#6833=IFCCARTESIANPOINT((0.,90.,0.));
#6834=IFCDIRECTION((0.,-1.,0.));
#6835=IFCDIRECTION((1.,0.,0.));
#6836=IFCAXIS2PLACEMENT3D(#6833,#6834,#6835);
#6837=IFCDIRECTION((0.,0.,-1.));
#6838=IFCEXTRUDEDAREASOLID(#6832,#6836,#6837,10.);
#6839=IFCCARTESIANPOINTLIST2D(((0.,0.),(1800.,0.),(1800.,1600.),(0.,1600.)));
#6840=IFCINDEXEDPOLYCURVE(#6839,(IFCLINEINDEX((1,2,3,4,1))),$);
#6841=IFCCARTESIANPOINTLIST2D(((50.,50.),(1750.,50.),(1750.,1550.),(50.,1550.)));
#6842=IFCINDEXEDPOLYCURVE(#6841,(IFCLINEINDEX((1,2,3,4,1))),$);
#6843=IFCARBITRARYPROFILEDEFWITHVOIDS(.AREA.,$,#6840,(#6842));
#6844=IFCCARTESIANPOINT((0.,50.,0.));
#6845=IFCDIRECTION((0.,-1.,0.));
#6846=IFCDIRECTION((1.,0.,0.));
#6847=IFCAXIS2PLACEMENT3D(#6844,#6845,#6846);
#6848=IFCDIRECTION((0.,0.,-1.));
#6849=IFCEXTRUDEDAREASOLID(#6843,#6847,#6848,40.);
#6850=IFCCARTESIANPOINTLIST2D(((0.,0.),(1750.,0.),(1750.,1550.),(0.,1550.)));
#6851=IFCINDEXEDPOLYCURVE(#6850,(IFCLINEINDEX((1,2,3,4,1))),$);
#6852=IFCCARTESIANPOINTLIST2D(((35.,35.),(1715.,35.),(1715.,1515.),(35.,1515.)));
#6853=IFCINDEXEDPOLYCURVE(#6852,(IFCLINEINDEX((1,2,3,4,1))),$);
#6854=IFCARBITRARYPROFILEDEFWITHVOIDS(.AREA.,$,#6851,(#6853));
#6855=IFCCARTESIANPOINT((25.,90.,25.));
#6856=IFCDIRECTION((0.,-1.,0.));
#6857=IFCDIRECTION((1.,0.,0.));
#6858=IFCAXIS2PLACEMENT3D(#6855,#6856,#6857);
#6859=IFCDIRECTION((0.,0.,-1.));
#6860=IFCEXTRUDEDAREASOLID(#6854,#6858,#6859,35.);
#6861=IFCINDEXEDPOLYCURVE(#6862,(IFCLINEINDEX((1,2,3,4,1))),$);
#6862=IFCCARTESIANPOINTLIST2D(((35.,35.),(1715.,35.),(1715.,1515.),(35.,1515.)));
#6863=IFCARBITRARYCLOSEDPROFILEDEF(.AREA.,$,#6861);
#6864=IFCCARTESIANPOINT((25.,102.5,25.));
#6865=IFCDIRECTION((0.,-1.,0.));
#6866=IFCDIRECTION((1.,0.,0.));
#6867=IFCAXIS2PLACEMENT3D(#6864,#6865,#6866);
#6868=IFCDIRECTION((0.,0.,-1.));
#6869=IFCEXTRUDEDAREASOLID(#6863,#6867,#6868,10.);
#6870=IFCSHAPEREPRESENTATION(#11,'Body','SweptSolid',(#6838,#6849,#6860,#6869));
#6871=IFCWINDOW('3ndy7fOxH1RPfD2lgXMMGu',$,'Window W4 L2',$,$,#6882,#6872,$,1600.,1800.,.WINDOW.,$,$);
#6872=IFCPRODUCTDEFINITIONSHAPE($,$,(#6870));
#6878=IFCCARTESIANPOINT((162.74999999999798,2900.0000000000005,899.99999999999943));
#6879=IFCDIRECTION((0.,0.,1.));
#6880=IFCDIRECTION((-1.8369701987210297E-16,-1.,0.));
#6881=IFCAXIS2PLACEMENT3D(#6878,#6879,#6880);
#6882=IFCLOCALPLACEMENT(#5167,#6881);
#6883=IFCMATERIALCONSTITUENTSET('Aluminium window',$,(#6884,#6885));
#6884=IFCMATERIALCONSTITUENT($,$,#1160,0.29999999999999999,$);
#6885=IFCMATERIALCONSTITUENT($,$,#1162,0.69999999999999996,$);
#6886=IFCRELASSOCIATESMATERIAL('1MqdM$se1CkxhOx4FTz1Dt',$,$,$,(#6871),#6883);
#6887=IFCPROPERTYSET('2zXwHi8Uz5NQAyC9oyGyik',$,'Pset_WindowCommon',$,(#6889,#6890,#6891));
#6888=IFCRELDEFINESBYPROPERTIES('1I_1hfObT9a9yKGaQQqaYD',$,$,$,(#6871),#6887);
#6889=IFCPROPERTYSINGLEVALUE('IsExternal',$,IFCBOOLEAN(.T.),$);
#6890=IFCPROPERTYSINGLEVALUE('ThermalTransmittance',$,IFCTHERMALTRANSMITTANCEMEASURE(0.80000000000000004),$);
#6891=IFCPROPERTYSINGLEVALUE('GlazingAreaFraction',$,IFCPOSITIVERATIOMEASURE(0.69999999999999996),$);
#6892=IFCRELFILLSELEMENT('3zFqwsMSD9oxbhXgXW4HNN',$,$,$,#6815,#6871);
#6893=IFCELEMENTQUANTITY('0l8oBWqUD9gR$X7dUeESHl',$,'Qto_WallBaseQuantities',$,'BaseQuantities',(#6895,#6896,#6897,#6898,#6899,#6900));
#6894=IFCRELDEFINESBYPROPERTIES('1S9T8V_R56_vPJxit2r0sO',$,$,$,(#6527),#6893);
#6895=IFCQUANTITYLENGTH('Length',$,$,14000.,$);
#6896=IFCQUANTITYLENGTH('Height',$,$,3550.,$);
#6897=IFCQUANTITYLENGTH('Width',$,$,465.,$);
#6898=IFCQUANTITYVOLUME('GrossVolume',$,$,23.110499999999998,$);
#6899=IFCQUANTITYVOLUME('NetVolume',$,$,17.753699999999998,$);
#6900=IFCQUANTITYAREA('NetSideArea',$,$,38.179999999999993,$);
#6901=IFCPROPERTYSET('1jE6sOWW96DfnV9jfPFgSR',$,'Pset_WallCommon',$,(#6903,#6904,#6905,#6906));
#6902=IFCRELDEFINESBYPROPERTIES('1a3yS6tr15V9j2fmfX1JTl',$,$,$,(#6527),#6901);
#6903=IFCPROPERTYSINGLEVALUE('IsExternal',$,IFCBOOLEAN(.T.),$);
#6904=IFCPROPERTYSINGLEVALUE('LoadBearing',$,IFCBOOLEAN(.T.),$);
#6905=IFCPROPERTYSINGLEVALUE('FireRating',$,IFCLABEL('REI 60'),$);
#6906=IFCPROPERTYSINGLEVALUE('ThermalTransmittance',$,IFCTHERMALTRANSMITTANCEMEASURE(0.20999999999999999),$);
#6907=IFCCARTESIANPOINTLIST2D(((0.,0.),(0.,465.),(14000.,465.),(14000.,0.),(0.,0.)));
#6908=IFCINDEXEDPOLYCURVE(#6907,$,.F.);
#6909=IFCDIRECTION((0.,0.,1.));
#6910=IFCARBITRARYCLOSEDPROFILEDEF(.AREA.,$,#6908);
#6911=IFCCARTESIANPOINT((0.,0.,0.));
#6912=IFCDIRECTION((0.,0.,1.));
#6913=IFCDIRECTION((1.,0.,0.));
#6914=IFCAXIS2PLACEMENT3D(#6911,#6912,#6913);
#6915=IFCEXTRUDEDAREASOLID(#6910,#6914,#6909,3549.9999999999995);
#6916=IFCSHAPEREPRESENTATION(#11,'Body','SweptSolid',(#6915));
#6917=IFCWALL('2xT8AW$HX7R9J8O5XB6ZrA',$,'East wall L2',$,$,#6928,#6918,$,$);
#6918=IFCPRODUCTDEFINITIONSHAPE($,$,(#6916));
#6924=IFCCARTESIANPOINT((24000.,0.,0.));
#6925=IFCDIRECTION((0.,0.,1.));
#6926=IFCDIRECTION((6.123233995736766E-17,1.,0.));
#6927=IFCAXIS2PLACEMENT3D(#6924,#6925,#6926);
#6928=IFCLOCALPLACEMENT(#5167,#6927);
#6929=IFCMATERIALLAYERSETUSAGE(#952,.AXIS2.,.POSITIVE.,0.,$);
#6930=IFCRELASSOCIATESMATERIAL('17PsrM95j2cfisUbgqWTkJ',$,$,$,(#6917),#6929);
#6931=IFCCARTESIANPOINTLIST2D(((0.,0.),(0.,565.),(1800.,565.),(1800.,0.),(0.,0.)));
#6932=IFCINDEXEDPOLYCURVE(#6931,$,.F.);
#6933=IFCDIRECTION((0.,0.,1.));
#6934=IFCARBITRARYCLOSEDPROFILEDEF(.AREA.,$,#6932);
#6935=IFCCARTESIANPOINT((0.,0.,0.));
#6936=IFCDIRECTION((0.,0.,1.));
#6937=IFCDIRECTION((1.,0.,0.));
#6938=IFCAXIS2PLACEMENT3D(#6935,#6936,#6937);
#6939=IFCEXTRUDEDAREASOLID(#6934,#6938,#6933,1600.);
#6940=IFCSHAPEREPRESENTATION(#11,'Body','SweptSolid',(#6939));
#6941=IFCOPENINGELEMENT('2_E5gbHtD559ThtoxUAj6I',$,'Opening for Window E1 L2',$,$,#6953,#6942,$,$);
#6942=IFCPRODUCTDEFINITIONSHAPE($,$,(#6940));
#6948=IFCRELVOIDSELEMENT('3wGl2IERfCqx3$sKodZQug',$,$,$,#6917,#6941);
#6949=IFCCARTESIANPOINT((2100.,-50.000000000000711,899.99999999999943));
#6950=IFCDIRECTION((0.,0.,1.));
#6951=IFCDIRECTION((1.,0.,0.));
#6952=IFCAXIS2PLACEMENT3D(#6949,#6950,#6951);
#6953=IFCLOCALPLACEMENT(#6928,#6952);
#6954=IFCCARTESIANPOINTLIST2D(((0.,0.),(1800.,0.),(1800.,1600.),(0.,1600.)));
#6955=IFCINDEXEDPOLYCURVE(#6954,(IFCLINEINDEX((1,2,3,4,1))),$);
#6956=IFCCARTESIANPOINTLIST2D(((25.,25.),(1775.,25.),(1775.,1575.),(25.,1575.)));
#6957=IFCINDEXEDPOLYCURVE(#6956,(IFCLINEINDEX((1,2,3,4,1))),$);
#6958=IFCARBITRARYPROFILEDEFWITHVOIDS(.AREA.,$,#6955,(#6957));
#6959=IFCCARTESIANPOINT((0.,90.,0.));
#6960=IFCDIRECTION((0.,-1.,0.));
#6961=IFCDIRECTION((1.,0.,0.));
#6962=IFCAXIS2PLACEMENT3D(#6959,#6960,#6961);
#6963=IFCDIRECTION((0.,0.,-1.));
#6964=IFCEXTRUDEDAREASOLID(#6958,#6962,#6963,10.);
#6965=IFCCARTESIANPOINTLIST2D(((0.,0.),(1800.,0.),(1800.,1600.),(0.,1600.)));
#6966=IFCINDEXEDPOLYCURVE(#6965,(IFCLINEINDEX((1,2,3,4,1))),$);
#6967=IFCCARTESIANPOINTLIST2D(((50.,50.),(1750.,50.),(1750.,1550.),(50.,1550.)));
#6968=IFCINDEXEDPOLYCURVE(#6967,(IFCLINEINDEX((1,2,3,4,1))),$);
#6969=IFCARBITRARYPROFILEDEFWITHVOIDS(.AREA.,$,#6966,(#6968));
#6970=IFCCARTESIANPOINT((0.,50.,0.));
#6971=IFCDIRECTION((0.,-1.,0.));
#6972=IFCDIRECTION((1.,0.,0.));
#6973=IFCAXIS2PLACEMENT3D(#6970,#6971,#6972);
#6974=IFCDIRECTION((0.,0.,-1.));
#6975=IFCEXTRUDEDAREASOLID(#6969,#6973,#6974,40.);
#6976=IFCCARTESIANPOINTLIST2D(((0.,0.),(1750.,0.),(1750.,1550.),(0.,1550.)));
#6977=IFCINDEXEDPOLYCURVE(#6976,(IFCLINEINDEX((1,2,3,4,1))),$);
#6978=IFCCARTESIANPOINTLIST2D(((35.,35.),(1715.,35.),(1715.,1515.),(35.,1515.)));
#6979=IFCINDEXEDPOLYCURVE(#6978,(IFCLINEINDEX((1,2,3,4,1))),$);
#6980=IFCARBITRARYPROFILEDEFWITHVOIDS(.AREA.,$,#6977,(#6979));
#6981=IFCCARTESIANPOINT((25.,90.,25.));
#6982=IFCDIRECTION((0.,-1.,0.));
#6983=IFCDIRECTION((1.,0.,0.));
#6984=IFCAXIS2PLACEMENT3D(#6981,#6982,#6983);
#6985=IFCDIRECTION((0.,0.,-1.));
#6986=IFCEXTRUDEDAREASOLID(#6980,#6984,#6985,35.);
#6987=IFCINDEXEDPOLYCURVE(#6988,(IFCLINEINDEX((1,2,3,4,1))),$);
#6988=IFCCARTESIANPOINTLIST2D(((35.,35.),(1715.,35.),(1715.,1515.),(35.,1515.)));
#6989=IFCARBITRARYCLOSEDPROFILEDEF(.AREA.,$,#6987);
#6990=IFCCARTESIANPOINT((25.,102.5,25.));
#6991=IFCDIRECTION((0.,-1.,0.));
#6992=IFCDIRECTION((1.,0.,0.));
#6993=IFCAXIS2PLACEMENT3D(#6990,#6991,#6992);
#6994=IFCDIRECTION((0.,0.,-1.));
#6995=IFCEXTRUDEDAREASOLID(#6989,#6993,#6994,10.);
#6996=IFCSHAPEREPRESENTATION(#11,'Body','SweptSolid',(#6964,#6975,#6986,#6995));
#6997=IFCWINDOW('2uC9ex2MbEvQJNiix5Y7tc',$,'Window E1 L2',$,$,#7008,#6998,$,1600.,1800.,.WINDOW.,$,$);
#6998=IFCPRODUCTDEFINITIONSHAPE($,$,(#6996));
#7004=IFCCARTESIANPOINT((23837.25,2100.,899.99999999999943));
#7005=IFCDIRECTION((0.,0.,1.));
#7006=IFCDIRECTION((6.123233995736766E-17,1.,0.));
#7007=IFCAXIS2PLACEMENT3D(#7004,#7005,#7006);
#7008=IFCLOCALPLACEMENT(#5167,#7007);
#7009=IFCMATERIALCONSTITUENTSET('Aluminium window',$,(#7010,#7011));
#7010=IFCMATERIALCONSTITUENT($,$,#1160,0.29999999999999999,$);
#7011=IFCMATERIALCONSTITUENT($,$,#1162,0.69999999999999996,$);
#7012=IFCRELASSOCIATESMATERIAL('2JYZqxL_rCyQBNlm_DvNPq',$,$,$,(#6997),#7009);
#7013=IFCPROPERTYSET('1VFKw5rnj7Sw8oXm21AcCb',$,'Pset_WindowCommon',$,(#7015,#7016,#7017));
#7014=IFCRELDEFINESBYPROPERTIES('3daENs1ab78AVMIEW5nD42',$,$,$,(#6997),#7013);
#7015=IFCPROPERTYSINGLEVALUE('IsExternal',$,IFCBOOLEAN(.T.),$);
#7016=IFCPROPERTYSINGLEVALUE('ThermalTransmittance',$,IFCTHERMALTRANSMITTANCEMEASURE(0.80000000000000004),$);
#7017=IFCPROPERTYSINGLEVALUE('GlazingAreaFraction',$,IFCPOSITIVERATIOMEASURE(0.69999999999999996),$);
#7018=IFCRELFILLSELEMENT('0bhUrBc4LDk8f$3yxJlNNN',$,$,$,#6941,#6997);
#7019=IFCCARTESIANPOINTLIST2D(((0.,0.),(0.,565.),(1800.,565.),(1800.,0.),(0.,0.)));
#7020=IFCINDEXEDPOLYCURVE(#7019,$,.F.);
#7021=IFCDIRECTION((0.,0.,1.));
#7022=IFCARBITRARYCLOSEDPROFILEDEF(.AREA.,$,#7020);
#7023=IFCCARTESIANPOINT((0.,0.,0.));
#7024=IFCDIRECTION((0.,0.,1.));
#7025=IFCDIRECTION((1.,0.,0.));
#7026=IFCAXIS2PLACEMENT3D(#7023,#7024,#7025);
#7027=IFCEXTRUDEDAREASOLID(#7022,#7026,#7021,1600.);
#7028=IFCSHAPEREPRESENTATION(#11,'Body','SweptSolid',(#7027));
#7029=IFCOPENINGELEMENT('2U78FSwt14hxD$fk0mrbUI',$,'Opening for Window E2 L2',$,$,#7041,#7030,$,$);
#7030=IFCPRODUCTDEFINITIONSHAPE($,$,(#7028));
#7036=IFCRELVOIDSELEMENT('3whUjh2VfC3x3UuZr6W38f',$,$,$,#6917,#7029);
#7037=IFCCARTESIANPOINT((5099.9999999999991,-50.000000000000711,899.99999999999943));
#7038=IFCDIRECTION((0.,0.,1.));
#7039=IFCDIRECTION((1.,0.,0.));
#7040=IFCAXIS2PLACEMENT3D(#7037,#7038,#7039);
#7041=IFCLOCALPLACEMENT(#6928,#7040);
#7042=IFCCARTESIANPOINTLIST2D(((0.,0.),(1800.,0.),(1800.,1600.),(0.,1600.)));
#7043=IFCINDEXEDPOLYCURVE(#7042,(IFCLINEINDEX((1,2,3,4,1))),$);
#7044=IFCCARTESIANPOINTLIST2D(((25.,25.),(1775.,25.),(1775.,1575.),(25.,1575.)));
#7045=IFCINDEXEDPOLYCURVE(#7044,(IFCLINEINDEX((1,2,3,4,1))),$);
#7046=IFCARBITRARYPROFILEDEFWITHVOIDS(.AREA.,$,#7043,(#7045));
#7047=IFCCARTESIANPOINT((0.,90.,0.));
#7048=IFCDIRECTION((0.,-1.,0.));
#7049=IFCDIRECTION((1.,0.,0.));
#7050=IFCAXIS2PLACEMENT3D(#7047,#7048,#7049);
#7051=IFCDIRECTION((0.,0.,-1.));
#7052=IFCEXTRUDEDAREASOLID(#7046,#7050,#7051,10.);
#7053=IFCCARTESIANPOINTLIST2D(((0.,0.),(1800.,0.),(1800.,1600.),(0.,1600.)));
#7054=IFCINDEXEDPOLYCURVE(#7053,(IFCLINEINDEX((1,2,3,4,1))),$);
#7055=IFCCARTESIANPOINTLIST2D(((50.,50.),(1750.,50.),(1750.,1550.),(50.,1550.)));
#7056=IFCINDEXEDPOLYCURVE(#7055,(IFCLINEINDEX((1,2,3,4,1))),$);
#7057=IFCARBITRARYPROFILEDEFWITHVOIDS(.AREA.,$,#7054,(#7056));
#7058=IFCCARTESIANPOINT((0.,50.,0.));
#7059=IFCDIRECTION((0.,-1.,0.));
#7060=IFCDIRECTION((1.,0.,0.));
#7061=IFCAXIS2PLACEMENT3D(#7058,#7059,#7060);
#7062=IFCDIRECTION((0.,0.,-1.));
#7063=IFCEXTRUDEDAREASOLID(#7057,#7061,#7062,40.);
#7064=IFCCARTESIANPOINTLIST2D(((0.,0.),(1750.,0.),(1750.,1550.),(0.,1550.)));
#7065=IFCINDEXEDPOLYCURVE(#7064,(IFCLINEINDEX((1,2,3,4,1))),$);
#7066=IFCCARTESIANPOINTLIST2D(((35.,35.),(1715.,35.),(1715.,1515.),(35.,1515.)));
#7067=IFCINDEXEDPOLYCURVE(#7066,(IFCLINEINDEX((1,2,3,4,1))),$);
#7068=IFCARBITRARYPROFILEDEFWITHVOIDS(.AREA.,$,#7065,(#7067));
#7069=IFCCARTESIANPOINT((25.,90.,25.));
#7070=IFCDIRECTION((0.,-1.,0.));
#7071=IFCDIRECTION((1.,0.,0.));
#7072=IFCAXIS2PLACEMENT3D(#7069,#7070,#7071);
#7073=IFCDIRECTION((0.,0.,-1.));
#7074=IFCEXTRUDEDAREASOLID(#7068,#7072,#7073,35.);
#7075=IFCINDEXEDPOLYCURVE(#7076,(IFCLINEINDEX((1,2,3,4,1))),$);
#7076=IFCCARTESIANPOINTLIST2D(((35.,35.),(1715.,35.),(1715.,1515.),(35.,1515.)));
#7077=IFCARBITRARYCLOSEDPROFILEDEF(.AREA.,$,#7075);
#7078=IFCCARTESIANPOINT((25.,102.5,25.));
#7079=IFCDIRECTION((0.,-1.,0.));
#7080=IFCDIRECTION((1.,0.,0.));
#7081=IFCAXIS2PLACEMENT3D(#7078,#7079,#7080);
#7082=IFCDIRECTION((0.,0.,-1.));
#7083=IFCEXTRUDEDAREASOLID(#7077,#7081,#7082,10.);
#7084=IFCSHAPEREPRESENTATION(#11,'Body','SweptSolid',(#7052,#7063,#7074,#7083));
#7085=IFCWINDOW('1$VrQrBzP6Sv1npCh9pgSU',$,'Window E2 L2',$,$,#7096,#7086,$,1600.,1800.,.WINDOW.,$,$);
#7086=IFCPRODUCTDEFINITIONSHAPE($,$,(#7084));
#7092=IFCCARTESIANPOINT((23837.25,5099.9999999999991,899.99999999999943));
#7093=IFCDIRECTION((0.,0.,1.));
#7094=IFCDIRECTION((6.123233995736766E-17,1.,0.));
#7095=IFCAXIS2PLACEMENT3D(#7092,#7093,#7094);
#7096=IFCLOCALPLACEMENT(#5167,#7095);
#7097=IFCMATERIALCONSTITUENTSET('Aluminium window',$,(#7098,#7099));
#7098=IFCMATERIALCONSTITUENT($,$,#1160,0.29999999999999999,$);
#7099=IFCMATERIALCONSTITUENT($,$,#1162,0.69999999999999996,$);
#7100=IFCRELASSOCIATESMATERIAL('0ORpVRmAb5me8wvi7O9kdP',$,$,$,(#7085),#7097);
#7101=IFCPROPERTYSET('0cVJnnM4j5w9ZAgz3pi4HH',$,'Pset_WindowCommon',$,(#7103,#7104,#7105));
#7102=IFCRELDEFINESBYPROPERTIES('01rjXTHZT1oxT03IIjzGCZ',$,$,$,(#7085),#7101);
#7103=IFCPROPERTYSINGLEVALUE('IsExternal',$,IFCBOOLEAN(.T.),$);
#7104=IFCPROPERTYSINGLEVALUE('ThermalTransmittance',$,IFCTHERMALTRANSMITTANCEMEASURE(0.80000000000000004),$);
#7105=IFCPROPERTYSINGLEVALUE('GlazingAreaFraction',$,IFCPOSITIVERATIOMEASURE(0.69999999999999996),$);
#7106=IFCRELFILLSELEMENT('095gionnT52eoeHtijB9JY',$,$,$,#7029,#7085);
#7107=IFCCARTESIANPOINTLIST2D(((0.,0.),(0.,565.),(1800.,565.),(1800.,0.),(0.,0.)));
#7108=IFCINDEXEDPOLYCURVE(#7107,$,.F.);
#7109=IFCDIRECTION((0.,0.,1.));
#7110=IFCARBITRARYCLOSEDPROFILEDEF(.AREA.,$,#7108);
#7111=IFCCARTESIANPOINT((0.,0.,0.));
#7112=IFCDIRECTION((0.,0.,1.));
#7113=IFCDIRECTION((1.,0.,0.));
#7114=IFCAXIS2PLACEMENT3D(#7111,#7112,#7113);
#7115=IFCEXTRUDEDAREASOLID(#7110,#7114,#7109,1600.);
#7116=IFCSHAPEREPRESENTATION(#11,'Body','SweptSolid',(#7115));
#7117=IFCOPENINGELEMENT('2yHIoLQF52Vhk2sHJlaOgq',$,'Opening for Window E3 L2',$,$,#7129,#7118,$,$);
#7118=IFCPRODUCTDEFINITIONSHAPE($,$,(#7116));
#7124=IFCRELVOIDSELEMENT('3cXP$eQx9DrO8J0MhyJiux',$,$,$,#6917,#7117);
#7125=IFCCARTESIANPOINT((8099.9999999999991,-50.000000000000711,899.99999999999943));
#7126=IFCDIRECTION((0.,0.,1.));
#7127=IFCDIRECTION((1.,0.,0.));
#7128=IFCAXIS2PLACEMENT3D(#7125,#7126,#7127);
#7129=IFCLOCALPLACEMENT(#6928,#7128);
#7130=IFCCARTESIANPOINTLIST2D(((0.,0.),(1800.,0.),(1800.,1600.),(0.,1600.)));
#7131=IFCINDEXEDPOLYCURVE(#7130,(IFCLINEINDEX((1,2,3,4,1))),$);
#7132=IFCCARTESIANPOINTLIST2D(((25.,25.),(1775.,25.),(1775.,1575.),(25.,1575.)));
#7133=IFCINDEXEDPOLYCURVE(#7132,(IFCLINEINDEX((1,2,3,4,1))),$);
#7134=IFCARBITRARYPROFILEDEFWITHVOIDS(.AREA.,$,#7131,(#7133));
#7135=IFCCARTESIANPOINT((0.,90.,0.));
#7136=IFCDIRECTION((0.,-1.,0.));
#7137=IFCDIRECTION((1.,0.,0.));
#7138=IFCAXIS2PLACEMENT3D(#7135,#7136,#7137);
#7139=IFCDIRECTION((0.,0.,-1.));
#7140=IFCEXTRUDEDAREASOLID(#7134,#7138,#7139,10.);
#7141=IFCCARTESIANPOINTLIST2D(((0.,0.),(1800.,0.),(1800.,1600.),(0.,1600.)));
#7142=IFCINDEXEDPOLYCURVE(#7141,(IFCLINEINDEX((1,2,3,4,1))),$);
#7143=IFCCARTESIANPOINTLIST2D(((50.,50.),(1750.,50.),(1750.,1550.),(50.,1550.)));
#7144=IFCINDEXEDPOLYCURVE(#7143,(IFCLINEINDEX((1,2,3,4,1))),$);
#7145=IFCARBITRARYPROFILEDEFWITHVOIDS(.AREA.,$,#7142,(#7144));
#7146=IFCCARTESIANPOINT((0.,50.,0.));
#7147=IFCDIRECTION((0.,-1.,0.));
#7148=IFCDIRECTION((1.,0.,0.));
#7149=IFCAXIS2PLACEMENT3D(#7146,#7147,#7148);
#7150=IFCDIRECTION((0.,0.,-1.));
#7151=IFCEXTRUDEDAREASOLID(#7145,#7149,#7150,40.);
#7152=IFCCARTESIANPOINTLIST2D(((0.,0.),(1750.,0.),(1750.,1550.),(0.,1550.)));
#7153=IFCINDEXEDPOLYCURVE(#7152,(IFCLINEINDEX((1,2,3,4,1))),$);
#7154=IFCCARTESIANPOINTLIST2D(((35.,35.),(1715.,35.),(1715.,1515.),(35.,1515.)));
#7155=IFCINDEXEDPOLYCURVE(#7154,(IFCLINEINDEX((1,2,3,4,1))),$);
#7156=IFCARBITRARYPROFILEDEFWITHVOIDS(.AREA.,$,#7153,(#7155));
#7157=IFCCARTESIANPOINT((25.,90.,25.));
#7158=IFCDIRECTION((0.,-1.,0.));
#7159=IFCDIRECTION((1.,0.,0.));
#7160=IFCAXIS2PLACEMENT3D(#7157,#7158,#7159);
#7161=IFCDIRECTION((0.,0.,-1.));
#7162=IFCEXTRUDEDAREASOLID(#7156,#7160,#7161,35.);
#7163=IFCINDEXEDPOLYCURVE(#7164,(IFCLINEINDEX((1,2,3,4,1))),$);
#7164=IFCCARTESIANPOINTLIST2D(((35.,35.),(1715.,35.),(1715.,1515.),(35.,1515.)));
#7165=IFCARBITRARYCLOSEDPROFILEDEF(.AREA.,$,#7163);
#7166=IFCCARTESIANPOINT((25.,102.5,25.));
#7167=IFCDIRECTION((0.,-1.,0.));
#7168=IFCDIRECTION((1.,0.,0.));
#7169=IFCAXIS2PLACEMENT3D(#7166,#7167,#7168);
#7170=IFCDIRECTION((0.,0.,-1.));
#7171=IFCEXTRUDEDAREASOLID(#7165,#7169,#7170,10.);
#7172=IFCSHAPEREPRESENTATION(#11,'Body','SweptSolid',(#7140,#7151,#7162,#7171));
#7173=IFCWINDOW('1mpyCwcWDC_eMTUoGqHMTW',$,'Window E3 L2',$,$,#7184,#7174,$,1600.,1800.,.WINDOW.,$,$);
#7174=IFCPRODUCTDEFINITIONSHAPE($,$,(#7172));
#7180=IFCCARTESIANPOINT((23837.25,8099.9999999999991,899.99999999999943));
#7181=IFCDIRECTION((0.,0.,1.));
#7182=IFCDIRECTION((6.123233995736766E-17,1.,0.));
#7183=IFCAXIS2PLACEMENT3D(#7180,#7181,#7182);
#7184=IFCLOCALPLACEMENT(#5167,#7183);
#7185=IFCMATERIALCONSTITUENTSET('Aluminium window',$,(#7186,#7187));
#7186=IFCMATERIALCONSTITUENT($,$,#1160,0.29999999999999999,$);
#7187=IFCMATERIALCONSTITUENT($,$,#1162,0.69999999999999996,$);
#7188=IFCRELASSOCIATESMATERIAL('3LDZypBczDtfGS3jq3D94A',$,$,$,(#7173),#7185);
#7189=IFCPROPERTYSET('2ysVHCT6D3h9kfN3mguhuz',$,'Pset_WindowCommon',$,(#7191,#7192,#7193));
#7190=IFCRELDEFINESBYPROPERTIES('1PLl5tNt9148E1$CX6uKzW',$,$,$,(#7173),#7189);
#7191=IFCPROPERTYSINGLEVALUE('IsExternal',$,IFCBOOLEAN(.T.),$);
#7192=IFCPROPERTYSINGLEVALUE('ThermalTransmittance',$,IFCTHERMALTRANSMITTANCEMEASURE(0.80000000000000004),$);
#7193=IFCPROPERTYSINGLEVALUE('GlazingAreaFraction',$,IFCPOSITIVERATIOMEASURE(0.69999999999999996),$);
#7194=IFCRELFILLSELEMENT('2_ArYQ2sj0_BM_ETP6Gr2R',$,$,$,#7117,#7173);
#7195=IFCCARTESIANPOINTLIST2D(((0.,0.),(0.,565.),(1800.,565.),(1800.,0.),(0.,0.)));
#7196=IFCINDEXEDPOLYCURVE(#7195,$,.F.);
#7197=IFCDIRECTION((0.,0.,1.));
#7198=IFCARBITRARYCLOSEDPROFILEDEF(.AREA.,$,#7196);
#7199=IFCCARTESIANPOINT((0.,0.,0.));
#7200=IFCDIRECTION((0.,0.,1.));
#7201=IFCDIRECTION((1.,0.,0.));
#7202=IFCAXIS2PLACEMENT3D(#7199,#7200,#7201);
#7203=IFCEXTRUDEDAREASOLID(#7198,#7202,#7197,1600.);
#7204=IFCSHAPEREPRESENTATION(#11,'Body','SweptSolid',(#7203));
#7205=IFCOPENINGELEMENT('1rq0ujjBnFMQpo5EtmQ_Xl',$,'Opening for Window E4 L2',$,$,#7217,#7206,$,$);
#7206=IFCPRODUCTDEFINITIONSHAPE($,$,(#7204));
#7212=IFCRELVOIDSELEMENT('39eomhohLBD8DXMRcI0msg',$,$,$,#6917,#7205);
#7213=IFCCARTESIANPOINT((11100.,-50.000000000000711,899.99999999999943));
#7214=IFCDIRECTION((0.,0.,1.));
#7215=IFCDIRECTION((1.,0.,0.));
#7216=IFCAXIS2PLACEMENT3D(#7213,#7214,#7215);
#7217=IFCLOCALPLACEMENT(#6928,#7216);
#7218=IFCCARTESIANPOINTLIST2D(((0.,0.),(1800.,0.),(1800.,1600.),(0.,1600.)));
#7219=IFCINDEXEDPOLYCURVE(#7218,(IFCLINEINDEX((1,2,3,4,1))),$);
#7220=IFCCARTESIANPOINTLIST2D(((25.,25.),(1775.,25.),(1775.,1575.),(25.,1575.)));
#7221=IFCINDEXEDPOLYCURVE(#7220,(IFCLINEINDEX((1,2,3,4,1))),$);
#7222=IFCARBITRARYPROFILEDEFWITHVOIDS(.AREA.,$,#7219,(#7221));
#7223=IFCCARTESIANPOINT((0.,90.,0.));
#7224=IFCDIRECTION((0.,-1.,0.));
#7225=IFCDIRECTION((1.,0.,0.));
#7226=IFCAXIS2PLACEMENT3D(#7223,#7224,#7225);
#7227=IFCDIRECTION((0.,0.,-1.));
#7228=IFCEXTRUDEDAREASOLID(#7222,#7226,#7227,10.);
#7229=IFCCARTESIANPOINTLIST2D(((0.,0.),(1800.,0.),(1800.,1600.),(0.,1600.)));
#7230=IFCINDEXEDPOLYCURVE(#7229,(IFCLINEINDEX((1,2,3,4,1))),$);
#7231=IFCCARTESIANPOINTLIST2D(((50.,50.),(1750.,50.),(1750.,1550.),(50.,1550.)));
#7232=IFCINDEXEDPOLYCURVE(#7231,(IFCLINEINDEX((1,2,3,4,1))),$);
#7233=IFCARBITRARYPROFILEDEFWITHVOIDS(.AREA.,$,#7230,(#7232));
#7234=IFCCARTESIANPOINT((0.,50.,0.));
#7235=IFCDIRECTION((0.,-1.,0.));
#7236=IFCDIRECTION((1.,0.,0.));
#7237=IFCAXIS2PLACEMENT3D(#7234,#7235,#7236);
#7238=IFCDIRECTION((0.,0.,-1.));
#7239=IFCEXTRUDEDAREASOLID(#7233,#7237,#7238,40.);
#7240=IFCCARTESIANPOINTLIST2D(((0.,0.),(1750.,0.),(1750.,1550.),(0.,1550.)));
#7241=IFCINDEXEDPOLYCURVE(#7240,(IFCLINEINDEX((1,2,3,4,1))),$);
#7242=IFCCARTESIANPOINTLIST2D(((35.,35.),(1715.,35.),(1715.,1515.),(35.,1515.)));
#7243=IFCINDEXEDPOLYCURVE(#7242,(IFCLINEINDEX((1,2,3,4,1))),$);
#7244=IFCARBITRARYPROFILEDEFWITHVOIDS(.AREA.,$,#7241,(#7243));
#7245=IFCCARTESIANPOINT((25.,90.,25.));
#7246=IFCDIRECTION((0.,-1.,0.));
#7247=IFCDIRECTION((1.,0.,0.));
#7248=IFCAXIS2PLACEMENT3D(#7245,#7246,#7247);
#7249=IFCDIRECTION((0.,0.,-1.));
#7250=IFCEXTRUDEDAREASOLID(#7244,#7248,#7249,35.);
#7251=IFCINDEXEDPOLYCURVE(#7252,(IFCLINEINDEX((1,2,3,4,1))),$);
#7252=IFCCARTESIANPOINTLIST2D(((35.,35.),(1715.,35.),(1715.,1515.),(35.,1515.)));
#7253=IFCARBITRARYCLOSEDPROFILEDEF(.AREA.,$,#7251);
#7254=IFCCARTESIANPOINT((25.,102.5,25.));
#7255=IFCDIRECTION((0.,-1.,0.));
#7256=IFCDIRECTION((1.,0.,0.));
#7257=IFCAXIS2PLACEMENT3D(#7254,#7255,#7256);
#7258=IFCDIRECTION((0.,0.,-1.));
#7259=IFCEXTRUDEDAREASOLID(#7253,#7257,#7258,10.);
#7260=IFCSHAPEREPRESENTATION(#11,'Body','SweptSolid',(#7228,#7239,#7250,#7259));
#7261=IFCWINDOW('1oYTB8E7j7aRdTyJanGSiT',$,'Window E4 L2',$,$,#7272,#7262,$,1600.,1800.,.WINDOW.,$,$);
#7262=IFCPRODUCTDEFINITIONSHAPE($,$,(#7260));
#7268=IFCCARTESIANPOINT((23837.25,11100.,899.99999999999943));
#7269=IFCDIRECTION((0.,0.,1.));
#7270=IFCDIRECTION((6.123233995736766E-17,1.,0.));
#7271=IFCAXIS2PLACEMENT3D(#7268,#7269,#7270);
#7272=IFCLOCALPLACEMENT(#5167,#7271);
#7273=IFCMATERIALCONSTITUENTSET('Aluminium window',$,(#7274,#7275));
#7274=IFCMATERIALCONSTITUENT($,$,#1160,0.29999999999999999,$);
#7275=IFCMATERIALCONSTITUENT($,$,#1162,0.69999999999999996,$);
#7276=IFCRELASSOCIATESMATERIAL('3CTGqjRmb1H97fEuiwq0_l',$,$,$,(#7261),#7273);
#7277=IFCPROPERTYSET('0ot0eRdoPAZhhFRkPWmfuN',$,'Pset_WindowCommon',$,(#7279,#7280,#7281));
#7278=IFCRELDEFINESBYPROPERTIES('0IDGKcAs99I9k0p0G1Gjq_',$,$,$,(#7261),#7277);
#7279=IFCPROPERTYSINGLEVALUE('IsExternal',$,IFCBOOLEAN(.T.),$);
#7280=IFCPROPERTYSINGLEVALUE('ThermalTransmittance',$,IFCTHERMALTRANSMITTANCEMEASURE(0.80000000000000004),$);
#7281=IFCPROPERTYSINGLEVALUE('GlazingAreaFraction',$,IFCPOSITIVERATIOMEASURE(0.69999999999999996),$);
#7282=IFCRELFILLSELEMENT('2AtxvqvVT2ee6chbacRDZ4',$,$,$,#7205,#7261);
#7283=IFCELEMENTQUANTITY('1fUUc6VR1EJhDYmBkxomZa',$,'Qto_WallBaseQuantities',$,'BaseQuantities',(#7285,#7286,#7287,#7288,#7289,#7290));
#7284=IFCRELDEFINESBYPROPERTIES('266m4juPz8NfQUhEwIklgy',$,$,$,(#6917),#7283);
#7285=IFCQUANTITYLENGTH('Length',$,$,14000.,$);
#7286=IFCQUANTITYLENGTH('Height',$,$,3550.,$);
#7287=IFCQUANTITYLENGTH('Width',$,$,465.,$);
#7288=IFCQUANTITYVOLUME('GrossVolume',$,$,23.110499999999998,$);
#7289=IFCQUANTITYVOLUME('NetVolume',$,$,17.753699999999998,$);
#7290=IFCQUANTITYAREA('NetSideArea',$,$,38.179999999999993,$);
#7291=IFCPROPERTYSET('1pHxHDtSD3wegWRo53_13$',$,'Pset_WallCommon',$,(#7293,#7294,#7295,#7296));
#7292=IFCRELDEFINESBYPROPERTIES('0mjkxGb8D9Tu39HeStYZk7',$,$,$,(#6917),#7291);
#7293=IFCPROPERTYSINGLEVALUE('IsExternal',$,IFCBOOLEAN(.T.),$);
#7294=IFCPROPERTYSINGLEVALUE('LoadBearing',$,IFCBOOLEAN(.T.),$);
#7295=IFCPROPERTYSINGLEVALUE('FireRating',$,IFCLABEL('REI 60'),$);
#7296=IFCPROPERTYSINGLEVALUE('ThermalTransmittance',$,IFCTHERMALTRANSMITTANCEMEASURE(0.20999999999999999),$);
#7297=IFCCARTESIANPOINTLIST2D(((0.,0.),(0.,100.),(4000.,100.),(4000.,0.),(0.,0.)));
#7298=IFCINDEXEDPOLYCURVE(#7297,$,.F.);
#7299=IFCDIRECTION((0.,0.,1.));
#7300=IFCARBITRARYCLOSEDPROFILEDEF(.AREA.,$,#7298);
#7301=IFCCARTESIANPOINT((0.,0.,0.));
#7302=IFCDIRECTION((0.,0.,1.));
#7303=IFCDIRECTION((1.,0.,0.));
#7304=IFCAXIS2PLACEMENT3D(#7301,#7302,#7303);
#7305=IFCEXTRUDEDAREASOLID(#7300,#7304,#7299,3549.9999999999995);
#7306=IFCSHAPEREPRESENTATION(#11,'Body','SweptSolid',(#7305));
#7307=IFCWALL('066Aj0ogz4mxYk41FVzxDt',$,'Partition P1 L2',$,$,#7318,#7308,$,.PARTITIONING.);
#7308=IFCPRODUCTDEFINITIONSHAPE($,$,(#7306));
#7314=IFCCARTESIANPOINT((8000.,9535.,0.));
#7315=IFCDIRECTION((0.,0.,1.));
#7316=IFCDIRECTION((6.123233995736766E-17,1.,0.));
#7317=IFCAXIS2PLACEMENT3D(#7314,#7315,#7316);
#7318=IFCLOCALPLACEMENT(#5167,#7317);
#7319=IFCMATERIALLAYERSETUSAGE(#2427,.AXIS2.,.POSITIVE.,0.,$);
#7320=IFCRELASSOCIATESMATERIAL('08dwLMH0jBvwSAop7r2qyu',$,$,$,(#7307),#7319);
#7321=IFCELEMENTQUANTITY('02gI20XX95IAt46FI3s8B1',$,'Qto_WallBaseQuantities',$,'BaseQuantities',(#7323,#7324,#7325));
#7322=IFCRELDEFINESBYPROPERTIES('0fpkiz9vT9Jf09d7ajGlHY',$,$,$,(#7307),#7321);
#7323=IFCQUANTITYVOLUME('NetVolume',$,$,1.4199999999999999,$);
#7324=IFCQUANTITYLENGTH('Length',$,$,4000.,$);
#7325=IFCQUANTITYLENGTH('Height',$,$,3550.,$);
#7326=IFCPROPERTYSET('25KXrsqQj4Tgr9cycQV9hG',$,'Pset_WallCommon',$,(#7328,#7329,#7330));
#7327=IFCRELDEFINESBYPROPERTIES('3nTFRkrEv5Rvvn4huNr9w3',$,$,$,(#7307),#7326);
#7328=IFCPROPERTYSINGLEVALUE('IsExternal',$,IFCBOOLEAN(.F.),$);
#7329=IFCPROPERTYSINGLEVALUE('LoadBearing',$,IFCBOOLEAN(.F.),$);
#7330=IFCPROPERTYSINGLEVALUE('AcousticRating',$,IFCLABEL('Rw 52 dB'),$);
#7331=IFCCARTESIANPOINTLIST2D(((0.,0.),(0.,100.),(4000.,100.),(4000.,0.),(0.,0.)));
#7332=IFCINDEXEDPOLYCURVE(#7331,$,.F.);
#7333=IFCDIRECTION((0.,0.,1.));
#7334=IFCARBITRARYCLOSEDPROFILEDEF(.AREA.,$,#7332);
#7335=IFCCARTESIANPOINT((0.,0.,0.));
#7336=IFCDIRECTION((0.,0.,1.));
#7337=IFCDIRECTION((1.,0.,0.));
#7338=IFCAXIS2PLACEMENT3D(#7335,#7336,#7337);
#7339=IFCEXTRUDEDAREASOLID(#7334,#7338,#7333,3549.9999999999995);
#7340=IFCSHAPEREPRESENTATION(#11,'Body','SweptSolid',(#7339));
#7341=IFCWALL('1wtD7gAz5Dgf3Jwan911LA',$,'Partition P2 L2',$,$,#7352,#7342,$,.PARTITIONING.);
#7342=IFCPRODUCTDEFINITIONSHAPE($,$,(#7340));
#7348=IFCCARTESIANPOINT((16000.,9535.,0.));
#7349=IFCDIRECTION((0.,0.,1.));
#7350=IFCDIRECTION((6.123233995736766E-17,1.,0.));
#7351=IFCAXIS2PLACEMENT3D(#7348,#7349,#7350);
#7352=IFCLOCALPLACEMENT(#5167,#7351);
#7353=IFCMATERIALLAYERSETUSAGE(#2427,.AXIS2.,.POSITIVE.,0.,$);
#7354=IFCRELASSOCIATESMATERIAL('1mo9f$XZHEugkxoQ61kG1V',$,$,$,(#7341),#7353);
#7355=IFCELEMENTQUANTITY('0nB3r$F514_u8_yeKu7V$9',$,'Qto_WallBaseQuantities',$,'BaseQuantities',(#7357,#7358,#7359));
#7356=IFCRELDEFINESBYPROPERTIES('2bCwD2xg5DXA958HQ5VNsy',$,$,$,(#7341),#7355);
#7357=IFCQUANTITYVOLUME('NetVolume',$,$,1.4199999999999999,$);
#7358=IFCQUANTITYLENGTH('Length',$,$,4000.,$);
#7359=IFCQUANTITYLENGTH('Height',$,$,3550.,$);
#7360=IFCPROPERTYSET('0BdnUYH1b5TvcBoPDb11g3',$,'Pset_WallCommon',$,(#7362,#7363,#7364));
#7361=IFCRELDEFINESBYPROPERTIES('2OcXmpf292xhkRxlx0LWV0',$,$,$,(#7341),#7360);
#7362=IFCPROPERTYSINGLEVALUE('IsExternal',$,IFCBOOLEAN(.F.),$);
#7363=IFCPROPERTYSINGLEVALUE('LoadBearing',$,IFCBOOLEAN(.F.),$);
#7364=IFCPROPERTYSINGLEVALUE('AcousticRating',$,IFCLABEL('Rw 52 dB'),$);
#7365=IFCCARTESIANPOINT((0.,0.,0.));
#7366=IFCDIRECTION((0.,0.,1.));
#7367=IFCDIRECTION((1.,0.,0.));
#7368=IFCAXIS2PLACEMENT3D(#7365,#7366,#7367);
#7369=IFCDIRECTION((0.,0.,1.));
#7370=IFCEXTRUDEDAREASOLID(#16,#7368,#7369,3549.9999999999995);
#7371=IFCSHAPEREPRESENTATION(#11,'Body','SweptSolid',(#7370));
#7372=IFCCOLUMN('1_VhKoL$94jPBb0i4U91Ok',$,'Column A1 L2',$,$,#7383,#7373,$,$);
#7373=IFCPRODUCTDEFINITIONSHAPE($,$,(#7371));
#7379=IFCCARTESIANPOINT((6000.,4700.,0.));
#7380=IFCDIRECTION((0.,0.,1.));
#7381=IFCDIRECTION((1.,0.,0.));
#7382=IFCAXIS2PLACEMENT3D(#7379,#7380,#7381);
#7383=IFCLOCALPLACEMENT(#5167,#7382);
#7384=IFCPROPERTYSET('07drQNl0HCMvXXkWliuL05',$,'Pset_ColumnCommon',$,(#7386,#7387));
#7385=IFCRELDEFINESBYPROPERTIES('0zxJTbuu9FVeqmphnwbclX',$,$,$,(#7372),#7384);
#7386=IFCPROPERTYSINGLEVALUE('LoadBearing',$,IFCBOOLEAN(.T.),$);
#7387=IFCPROPERTYSINGLEVALUE('FireRating',$,IFCLABEL('R 90'),$);
#7388=IFCCARTESIANPOINT((0.,0.,0.));
#7389=IFCDIRECTION((0.,0.,1.));
#7390=IFCDIRECTION((1.,0.,0.));
#7391=IFCAXIS2PLACEMENT3D(#7388,#7389,#7390);
#7392=IFCDIRECTION((0.,0.,1.));
#7393=IFCEXTRUDEDAREASOLID(#16,#7391,#7392,3549.9999999999995);
#7394=IFCSHAPEREPRESENTATION(#11,'Body','SweptSolid',(#7393));
#7395=IFCCOLUMN('06EiEQuPX80RCBCrNRlIo3',$,'Column A2 L2',$,$,#7406,#7396,$,$);
#7396=IFCPRODUCTDEFINITIONSHAPE($,$,(#7394));
#7402=IFCCARTESIANPOINT((6000.,9400.,0.));
#7403=IFCDIRECTION((0.,0.,1.));
#7404=IFCDIRECTION((1.,0.,0.));
#7405=IFCAXIS2PLACEMENT3D(#7402,#7403,#7404);
#7406=IFCLOCALPLACEMENT(#5167,#7405);
#7407=IFCPROPERTYSET('3kFy7MnLH2F9FOW6RnlvFz',$,'Pset_ColumnCommon',$,(#7409,#7410));
#7408=IFCRELDEFINESBYPROPERTIES('3DVtrReSnA3OZS6o37t$nE',$,$,$,(#7395),#7407);
#7409=IFCPROPERTYSINGLEVALUE('LoadBearing',$,IFCBOOLEAN(.T.),$);
#7410=IFCPROPERTYSINGLEVALUE('FireRating',$,IFCLABEL('R 90'),$);
#7411=IFCCARTESIANPOINT((0.,0.,0.));
#7412=IFCDIRECTION((0.,0.,1.));
#7413=IFCDIRECTION((1.,0.,0.));
#7414=IFCAXIS2PLACEMENT3D(#7411,#7412,#7413);
#7415=IFCDIRECTION((0.,0.,1.));
#7416=IFCEXTRUDEDAREASOLID(#16,#7414,#7415,3549.9999999999995);
#7417=IFCSHAPEREPRESENTATION(#11,'Body','SweptSolid',(#7416));
#7418=IFCCOLUMN('0HeX7cnpXDk8yzrrL7pGXv',$,'Column B1 L2',$,$,#7429,#7419,$,$);
#7419=IFCPRODUCTDEFINITIONSHAPE($,$,(#7417));
#7425=IFCCARTESIANPOINT((12000.,4700.,0.));
#7426=IFCDIRECTION((0.,0.,1.));
#7427=IFCDIRECTION((1.,0.,0.));
#7428=IFCAXIS2PLACEMENT3D(#7425,#7426,#7427);
#7429=IFCLOCALPLACEMENT(#5167,#7428);
#7430=IFCPROPERTYSET('272nF84Pn7GBVLicfNnY7$',$,'Pset_ColumnCommon',$,(#7432,#7433));
#7431=IFCRELDEFINESBYPROPERTIES('2i9EqvrgXFKuN924ZNgp7K',$,$,$,(#7418),#7430);
#7432=IFCPROPERTYSINGLEVALUE('LoadBearing',$,IFCBOOLEAN(.T.),$);
#7433=IFCPROPERTYSINGLEVALUE('FireRating',$,IFCLABEL('R 90'),$);
#7434=IFCCARTESIANPOINT((0.,0.,0.));
#7435=IFCDIRECTION((0.,0.,1.));
#7436=IFCDIRECTION((1.,0.,0.));
#7437=IFCAXIS2PLACEMENT3D(#7434,#7435,#7436);
#7438=IFCDIRECTION((0.,0.,1.));
#7439=IFCEXTRUDEDAREASOLID(#16,#7437,#7438,3549.9999999999995);
#7440=IFCSHAPEREPRESENTATION(#11,'Body','SweptSolid',(#7439));
#7441=IFCCOLUMN('1_bycaUNz8GPaB373K0N08',$,'Column B2 L2',$,$,#7452,#7442,$,$);
#7442=IFCPRODUCTDEFINITIONSHAPE($,$,(#7440));
#7448=IFCCARTESIANPOINT((12000.,9400.,0.));
#7449=IFCDIRECTION((0.,0.,1.));
#7450=IFCDIRECTION((1.,0.,0.));
#7451=IFCAXIS2PLACEMENT3D(#7448,#7449,#7450);
#7452=IFCLOCALPLACEMENT(#5167,#7451);
#7453=IFCPROPERTYSET('30q1VLu_fBsPKmdrYt0opJ',$,'Pset_ColumnCommon',$,(#7455,#7456));
#7454=IFCRELDEFINESBYPROPERTIES('1opsDmrILBahLcq62dKxpI',$,$,$,(#7441),#7453);
#7455=IFCPROPERTYSINGLEVALUE('LoadBearing',$,IFCBOOLEAN(.T.),$);
#7456=IFCPROPERTYSINGLEVALUE('FireRating',$,IFCLABEL('R 90'),$);
#7457=IFCCARTESIANPOINT((0.,0.,0.));
#7458=IFCDIRECTION((0.,0.,1.));
#7459=IFCDIRECTION((1.,0.,0.));
#7460=IFCAXIS2PLACEMENT3D(#7457,#7458,#7459);
#7461=IFCDIRECTION((0.,0.,1.));
#7462=IFCEXTRUDEDAREASOLID(#16,#7460,#7461,3549.9999999999995);
#7463=IFCSHAPEREPRESENTATION(#11,'Body','SweptSolid',(#7462));
#7464=IFCCOLUMN('2oTJJJNAD5jwvpZOx_O_xv',$,'Column C1 L2',$,$,#7475,#7465,$,$);
#7465=IFCPRODUCTDEFINITIONSHAPE($,$,(#7463));
#7471=IFCCARTESIANPOINT((18000.,4700.,0.));
#7472=IFCDIRECTION((0.,0.,1.));
#7473=IFCDIRECTION((1.,0.,0.));
#7474=IFCAXIS2PLACEMENT3D(#7471,#7472,#7473);
#7475=IFCLOCALPLACEMENT(#5167,#7474);
#7476=IFCPROPERTYSET('0UBWhmSSX8u9AKmC$rGLY_',$,'Pset_ColumnCommon',$,(#7478,#7479));
#7477=IFCRELDEFINESBYPROPERTIES('3U8giu5dH1xxuwV6ME4AHo',$,$,$,(#7464),#7476);
#7478=IFCPROPERTYSINGLEVALUE('LoadBearing',$,IFCBOOLEAN(.T.),$);
#7479=IFCPROPERTYSINGLEVALUE('FireRating',$,IFCLABEL('R 90'),$);
#7480=IFCCARTESIANPOINT((0.,0.,0.));
#7481=IFCDIRECTION((0.,0.,1.));
#7482=IFCDIRECTION((1.,0.,0.));
#7483=IFCAXIS2PLACEMENT3D(#7480,#7481,#7482);
#7484=IFCDIRECTION((0.,0.,1.));
#7485=IFCEXTRUDEDAREASOLID(#16,#7483,#7484,3549.9999999999995);
#7486=IFCSHAPEREPRESENTATION(#11,'Body','SweptSolid',(#7485));
#7487=IFCCOLUMN('3zU8L8GSPDmxBYXq$_yJbY',$,'Column C2 L2',$,$,#7498,#7488,$,$);
#7488=IFCPRODUCTDEFINITIONSHAPE($,$,(#7486));
#7494=IFCCARTESIANPOINT((18000.,9400.,0.));
#7495=IFCDIRECTION((0.,0.,1.));
#7496=IFCDIRECTION((1.,0.,0.));
#7497=IFCAXIS2PLACEMENT3D(#7494,#7495,#7496);
#7498=IFCLOCALPLACEMENT(#5167,#7497);
#7499=IFCPROPERTYSET('1kq4uNDUz1vQyXCtbhkdMr',$,'Pset_ColumnCommon',$,(#7501,#7502));
#7500=IFCRELDEFINESBYPROPERTIES('0TqbehJbP0dPugWA2gb8iM',$,$,$,(#7487),#7499);
#7501=IFCPROPERTYSINGLEVALUE('LoadBearing',$,IFCBOOLEAN(.T.),$);
#7502=IFCPROPERTYSINGLEVALUE('FireRating',$,IFCLABEL('R 90'),$);
#7503=IFCCARTESIANPOINTLIST2D(((2000.,2000.),(22000.,2000.),(22000.,7500.),(2000.,7500.),(2000.,2000.)));
#7504=IFCINDEXEDPOLYCURVE(#7503,$,$);
#7505=IFCDIRECTION((0.,0.,1.));
#7506=IFCARBITRARYCLOSEDPROFILEDEF(.AREA.,$,#7504);
#7507=IFCEXTRUDEDAREASOLID(#7506,$,#7505,40.);
#7508=IFCSHAPEREPRESENTATION(#11,'Body','SweptSolid',(#7507));
#7509=IFCCOVERING('00phGLKzL0mQqmT45wkiaG',$,'Acoustic ceiling L2',$,$,#7520,#7510,$,.CEILING.);
#7510=IFCPRODUCTDEFINITIONSHAPE($,$,(#7508));
#7516=IFCCARTESIANPOINT((0.,0.,2999.9999999999973));
#7517=IFCDIRECTION((0.,0.,1.));
#7518=IFCDIRECTION((1.,0.,0.));
#7519=IFCAXIS2PLACEMENT3D(#7516,#7517,#7518);
#7520=IFCLOCALPLACEMENT(#5167,#7519);
#7521=IFCROOF('1i3Mbx_39BPQZ05rzPEB5$',$,'Flat roof',$,$,#7531,$,$,.FLAT_ROOF.);
#7527=IFCCARTESIANPOINT((0.,0.,3549.9999999999995));
#7528=IFCDIRECTION((0.,0.,1.));
#7529=IFCDIRECTION((1.,0.,0.));
#7530=IFCAXIS2PLACEMENT3D(#7527,#7528,#7529);
#7531=IFCLOCALPLACEMENT(#5167,#7530);
#7532=IFCCARTESIANPOINTLIST2D(((0.,0.),(24000.,0.),(24000.,14000.),(0.,14000.),(0.,0.)));
#7533=IFCINDEXEDPOLYCURVE(#7532,$,$);
#7534=IFCDIRECTION((0.,0.,1.));
#7535=IFCARBITRARYCLOSEDPROFILEDEF(.AREA.,$,#7533);
#7536=IFCEXTRUDEDAREASOLID(#7535,$,#7534,453.);
#7537=IFCSHAPEREPRESENTATION(#11,'Body','SweptSolid',(#7536));
#7538=IFCSLAB('1g7Q5yQ0116xrMGssEfD7e',$,'Roof slab',$,$,#7550,#7539,$,.ROOF.);
#7539=IFCPRODUCTDEFINITIONSHAPE($,$,(#7537));
#7545=IFCRELAGGREGATES('1RgZcYLjDDlQG9KYxMOIxr',$,$,$,#7521,(#7538));
#7546=IFCCARTESIANPOINT((0.,0.,0.));
#7547=IFCDIRECTION((0.,0.,1.));
#7548=IFCDIRECTION((1.,0.,0.));
#7549=IFCAXIS2PLACEMENT3D(#7546,#7547,#7548);
#7550=IFCLOCALPLACEMENT(#7531,#7549);
#7551=IFCMATERIALLAYERSET((#7553,#7555,#7557,#7559),'Warm roof',$);
#7552=IFCMATERIAL('CLT roof panel',$,'wood');
#7553=IFCMATERIALLAYER(#7552,200.,$,$,$,$,$);
#7554=IFCMATERIAL('PIR insulation board',$,$);
#7555=IFCMATERIALLAYER(#7554,200.,$,$,$,$,$);
#7556=IFCMATERIAL('EPDM membrane',$,$);
#7557=IFCMATERIALLAYER(#7556,3.,$,$,$,$,$);
#7558=IFCMATERIAL('Gravel ballast',$,$);
#7559=IFCMATERIALLAYER(#7558,50.,$,$,$,$,$);
#7560=IFCMATERIALLAYERSETUSAGE(#7551,.AXIS3.,.POSITIVE.,0.,$);
#7561=IFCRELASSOCIATESMATERIAL('1B_o7dHsf2SOrshRF76ulM',$,$,$,(#7538),#7560);
#7562=IFCELEMENTQUANTITY('2FKfRkR8z9BvrgJFwTJZJZ',$,'Qto_SlabBaseQuantities',$,'BaseQuantities',(#7564,#7565));
#7563=IFCRELDEFINESBYPROPERTIES('1BVAqzQ8jBbesEm4wB_xc_',$,$,$,(#7538),#7562);
#7564=IFCQUANTITYVOLUME('NetVolume',$,$,152.208,$);
#7565=IFCQUANTITYAREA('GrossArea',$,$,336.,$);
#7566=IFCPROPERTYSET('2RRFMNU$X5i8boqgPUF$Z3',$,'Pset_SlabCommon',$,(#7568,#7569));
#7567=IFCRELDEFINESBYPROPERTIES('2Am80MH294Agiw7bcoftt4',$,$,$,(#7538),#7566);
#7568=IFCPROPERTYSINGLEVALUE('IsExternal',$,IFCBOOLEAN(.T.),$);
#7569=IFCPROPERTYSINGLEVALUE('ThermalTransmittance',$,IFCTHERMALTRANSMITTANCEMEASURE(0.13),$);
ENDSEC;
END-ISO-10303-21;
